configuration,repetition,sample,warmup,pathtrace_ms,sort_materials,compact_paths,antialiasing
room_open_c0_s0,1,1,1,6.9534000000000002,0,0,1
room_open_c0_s0,1,2,1,6.1773999999999996,0,0,1
room_open_c0_s0,1,3,1,6.1593,0,0,1
room_open_c0_s0,1,4,1,6.4813000000000001,0,0,1
room_open_c0_s0,1,5,1,6.7537000000000003,0,0,1
room_open_c0_s0,1,6,1,6.4497999999999998,0,0,1
room_open_c0_s0,1,7,1,6.6420000000000003,0,0,1
room_open_c0_s0,1,8,1,6.4806999999999997,0,0,1
room_open_c0_s0,1,9,1,6.4058000000000002,0,0,1
room_open_c0_s0,1,10,1,6.6215000000000002,0,0,1
room_open_c0_s0,1,11,1,6.4013,0,0,1
room_open_c0_s0,1,12,1,6.3784000000000001,0,0,1
room_open_c0_s0,1,13,1,6.5766,0,0,1
room_open_c0_s0,1,14,1,6.3876999999999997,0,0,1
room_open_c0_s0,1,15,1,6.1313000000000004,0,0,1
room_open_c0_s0,1,16,1,6.3261000000000003,0,0,1
room_open_c0_s0,1,17,1,6.1295999999999999,0,0,1
room_open_c0_s0,1,18,1,6.3261000000000003,0,0,1
room_open_c0_s0,1,19,1,6.1269,0,0,1
room_open_c0_s0,1,20,1,6.1092000000000004,0,0,1
room_open_c0_s0,1,21,1,6.3255999999999997,0,0,1
room_open_c0_s0,1,22,1,6.1092000000000004,0,0,1
room_open_c0_s0,1,23,1,6.1266999999999996,0,0,1
room_open_c0_s0,1,24,1,6.3631000000000002,0,0,1
room_open_c0_s0,1,25,1,6.1218000000000004,0,0,1
room_open_c0_s0,1,26,1,6.1203000000000003,0,0,1
room_open_c0_s0,1,27,1,6.3097000000000003,0,0,1
room_open_c0_s0,1,28,1,6.1281999999999996,0,0,1
room_open_c0_s0,1,29,1,6.1162999999999998,0,0,1
room_open_c0_s0,1,30,1,6.2412000000000001,0,0,1
room_open_c0_s0,1,31,1,6.1085000000000003,0,0,1
room_open_c0_s0,1,32,1,6.1421000000000001,0,0,1
room_open_c0_s0,1,33,0,6.2449000000000003,0,0,1
room_open_c0_s0,1,34,0,6.1157000000000004,0,0,1
room_open_c0_s0,1,35,0,6.1723999999999997,0,0,1
room_open_c0_s0,1,36,0,6.3135000000000003,0,0,1
room_open_c0_s0,1,37,0,6.1093999999999999,0,0,1
room_open_c0_s0,1,38,0,6.1087999999999996,0,0,1
room_open_c0_s0,1,39,0,6.2519,0,0,1
room_open_c0_s0,1,40,0,6.0830000000000002,0,0,1
room_open_c0_s0,1,41,0,6.1018999999999997,0,0,1
room_open_c0_s0,1,42,0,6.3552,0,0,1
room_open_c0_s0,1,43,0,6.0926999999999998,0,0,1
room_open_c0_s0,1,44,0,6.1036000000000001,0,0,1
room_open_c0_s0,1,45,0,6.3051000000000004,0,0,1
room_open_c0_s0,1,46,0,6.1334,0,0,1
room_open_c0_s0,1,47,0,6.1401000000000003,0,0,1
room_open_c0_s0,1,48,0,6.3493000000000004,0,0,1
room_open_c0_s0,1,49,0,6.1379000000000001,0,0,1
room_open_c0_s0,1,50,0,6.1462000000000003,0,0,1
room_open_c0_s0,1,51,0,6.3400999999999996,0,0,1
room_open_c0_s0,1,52,0,6.1513,0,0,1
room_open_c0_s0,1,53,0,6.1275000000000004,0,0,1
room_open_c0_s0,1,54,0,6.3476999999999997,0,0,1
room_open_c0_s0,1,55,0,6.1214000000000004,0,0,1
room_open_c0_s0,1,56,0,6.1851000000000003,0,0,1
room_open_c0_s0,1,57,0,6.2675999999999998,0,0,1
room_open_c0_s0,1,58,0,6.1262999999999996,0,0,1
room_open_c0_s0,1,59,0,6.1314000000000002,0,0,1
room_open_c0_s0,1,60,0,6.3391000000000002,0,0,1
room_open_c0_s0,1,61,0,6.1216999999999997,0,0,1
room_open_c0_s0,1,62,0,6.1384999999999996,0,0,1
room_open_c0_s0,1,63,0,6.3483000000000001,0,0,1
room_open_c0_s0,1,64,0,6.1508000000000003,0,0,1
room_open_c0_s0,1,65,0,6.1269,0,0,1
room_open_c0_s0,1,66,0,6.3691000000000004,0,0,1
room_open_c0_s0,1,67,0,6.1642999999999999,0,0,1
room_open_c0_s0,1,68,0,6.1224999999999996,0,0,1
room_open_c0_s0,1,69,0,6.3933,0,0,1
room_open_c0_s0,1,70,0,6.1490999999999998,0,0,1
room_open_c0_s0,1,71,0,6.1451000000000002,0,0,1
room_open_c0_s0,1,72,0,6.3310000000000004,0,0,1
room_open_c0_s0,1,73,0,6.1467000000000001,0,0,1
room_open_c0_s0,1,74,0,6.1123000000000003,0,0,1
room_open_c0_s0,1,75,0,6.1239999999999997,0,0,1
room_open_c0_s0,1,76,0,6.1204000000000001,0,0,1
room_open_c0_s0,1,77,0,6.1287000000000003,0,0,1
room_open_c0_s0,1,78,0,6.1797000000000004,0,0,1
room_open_c0_s0,1,79,0,6.1280999999999999,0,0,1
room_open_c0_s0,1,80,0,6.1387,0,0,1
room_open_c0_s0,1,81,0,6.1219000000000001,0,0,1
room_open_c0_s0,1,82,0,6.4108999999999998,0,0,1
room_open_c0_s0,1,83,0,6.1417000000000002,0,0,1
room_open_c0_s0,1,84,0,6.1722000000000001,0,0,1
room_open_c0_s0,1,85,0,6.2729999999999997,0,0,1
room_open_c0_s0,1,86,0,6.3163999999999998,0,0,1
room_open_c0_s0,1,87,0,6.1631999999999998,0,0,1
room_open_c0_s0,1,88,0,6.4208999999999996,0,0,1
room_open_c0_s0,1,89,0,6.1505999999999998,0,0,1
room_open_c0_s0,1,90,0,6.3514999999999997,0,0,1
room_open_c0_s0,1,91,0,6.3502000000000001,0,0,1
room_open_c0_s0,1,92,0,6.2858000000000001,0,0,1
room_open_c0_s0,1,93,0,6.1726999999999999,0,0,1
room_open_c0_s0,1,94,0,6.3384999999999998,0,0,1
room_open_c0_s0,1,95,0,6.1397000000000004,0,0,1
room_open_c0_s0,1,96,0,6.3531000000000004,0,0,1
room_open_c0_s0,1,97,0,6.3851000000000004,0,0,1
room_open_c0_s0,1,98,0,6.2645,0,0,1
room_open_c0_s0,1,99,0,6.1726999999999999,0,0,1
room_open_c0_s0,1,100,0,6.3343999999999996,0,0,1
room_open_c0_s0,1,101,0,6.1563999999999997,0,0,1
room_open_c0_s0,1,102,0,6.125,0,0,1
room_open_c0_s0,1,103,0,6.3487999999999998,0,0,1
room_open_c0_s0,1,104,0,6.1417000000000002,0,0,1
room_open_c0_s0,1,105,0,6.1379000000000001,0,0,1
room_open_c0_s0,1,106,0,6.3284000000000002,0,0,1
room_open_c0_s0,1,107,0,6.1576000000000004,0,0,1
room_open_c0_s0,1,108,0,6.1608000000000001,0,0,1
room_open_c0_s0,1,109,0,6.3223000000000003,0,0,1
room_open_c0_s0,1,110,0,6.1342999999999996,0,0,1
room_open_c0_s0,1,111,0,6.1773999999999996,0,0,1
room_open_c0_s0,1,112,0,6.3487,0,0,1
room_open_c0_s0,1,113,0,6.1744000000000003,0,0,1
room_open_c0_s0,1,114,0,6.1414999999999997,0,0,1
room_open_c0_s0,1,115,0,6.3052000000000001,0,0,1
room_open_c0_s0,1,116,0,6.1738999999999997,0,0,1
room_open_c0_s0,1,117,0,6.1257999999999999,0,0,1
room_open_c0_s0,1,118,0,6.3204000000000002,0,0,1
room_open_c0_s0,1,119,0,6.1547000000000001,0,0,1
room_open_c0_s0,1,120,0,6.1558999999999999,0,0,1
room_open_c0_s0,1,121,0,6.3494999999999999,0,0,1
room_open_c0_s0,1,122,0,6.1609999999999996,0,0,1
room_open_c0_s0,1,123,0,6.2573999999999996,0,0,1
room_open_c0_s0,1,124,0,6.4764999999999997,0,0,1
room_open_c0_s0,1,125,0,6.2843999999999998,0,0,1
room_open_c0_s0,1,126,0,6.2887000000000004,0,0,1
room_open_c0_s0,1,127,0,6.4473000000000003,0,0,1
room_open_c0_s0,1,128,0,6.2546999999999997,0,0,1
room_open_c0_s0,1,129,0,6.2446000000000002,0,0,1
room_open_c0_s0,1,130,0,6.4473000000000003,0,0,1
room_open_c0_s0,1,131,0,6.2751000000000001,0,0,1
room_open_c0_s0,1,132,0,6.3036000000000003,0,0,1
room_open_c0_s0,1,133,0,6.4592000000000001,0,0,1
room_open_c0_s0,1,134,0,6.2645,0,0,1
room_open_c0_s0,1,135,0,6.282,0,0,1
room_open_c0_s0,1,136,0,6.3129,0,0,1
room_open_c0_s0,1,137,0,6.2803000000000004,0,0,1
room_open_c0_s0,1,138,0,6.2793000000000001,0,0,1
room_open_c0_s0,1,139,0,6.3899999999999997,0,0,1
room_open_c0_s0,1,140,0,6.2830000000000004,0,0,1
room_open_c0_s0,1,141,0,6.4154,0,0,1
room_open_c0_s0,1,142,0,6.2832999999999997,0,0,1
room_open_c0_s0,1,143,0,6.4001000000000001,0,0,1
room_open_c0_s0,1,144,0,6.2727000000000004,0,0,1
room_open_c0_s0,1,145,0,6.2976000000000001,0,0,1
room_open_c0_s0,1,146,0,6.3875999999999999,0,0,1
room_open_c0_s0,1,147,0,6.3349000000000002,0,0,1
room_open_c0_s0,1,148,0,6.3324999999999996,0,0,1
room_open_c0_s0,1,149,0,6.4210000000000003,0,0,1
room_open_c0_s0,1,150,0,6.3086000000000002,0,0,1
room_open_c0_s0,1,151,0,6.3064999999999998,0,0,1
room_open_c0_s0,1,152,0,6.4245000000000001,0,0,1
room_open_c0_s0,1,153,0,6.3005000000000004,0,0,1
room_open_c0_s0,1,154,0,6.3173000000000004,0,0,1
room_open_c0_s0,1,155,0,6.4318999999999997,0,0,1
room_open_c0_s0,1,156,0,6.3117000000000001,0,0,1
room_open_c0_s0,1,157,0,6.3285,0,0,1
room_open_c0_s0,1,158,0,6.4336000000000002,0,0,1
room_open_c0_s0,1,159,0,6.3274999999999997,0,0,1
room_open_c0_s0,1,160,0,6.3087999999999997,0,0,1
room_open_c0_s0,1,161,0,6.4124999999999996,0,0,1
room_open_c0_s0,1,162,0,6.3417000000000003,0,0,1
room_open_c0_s0,1,163,0,6.3185000000000002,0,0,1
room_open_c0_s0,1,164,0,6.3023999999999996,0,0,1
room_open_c0_s0,1,165,0,6.3052999999999999,0,0,1
room_open_c0_s0,1,166,0,6.3198999999999996,0,0,1
room_open_c0_s0,1,167,0,6.3268000000000004,0,0,1
room_open_c0_s0,1,168,0,6.3299000000000003,0,0,1
room_open_c0_s0,1,169,0,6.4019000000000004,0,0,1
room_open_c0_s0,1,170,0,6.2957999999999998,0,0,1
room_open_c0_s0,1,171,0,6.4903000000000004,0,0,1
room_open_c0_s0,1,172,0,6.3193000000000001,0,0,1
room_open_c0_s0,1,173,0,6.3154000000000003,0,0,1
room_open_c0_s0,1,174,0,6.5537000000000001,0,0,1
room_open_c0_s0,1,175,0,6.3223000000000003,0,0,1
room_open_c0_s0,1,176,0,6.2958999999999996,0,0,1
room_open_c0_s0,1,177,0,6.5526999999999997,0,0,1
room_open_c0_s0,1,178,0,6.2930999999999999,0,0,1
room_open_c0_s0,1,179,0,6.3402000000000003,0,0,1
room_open_c0_s0,1,180,0,6.5049999999999999,0,0,1
room_open_c0_s0,1,181,0,6.2925000000000004,0,0,1
room_open_c0_s0,1,182,0,6.3417000000000003,0,0,1
room_open_c0_s0,1,183,0,6.6006999999999998,0,0,1
room_open_c0_s0,1,184,0,6.3712,0,0,1
room_open_c0_s0,1,185,0,6.3613999999999997,0,0,1
room_open_c0_s0,1,186,0,6.5549999999999997,0,0,1
room_open_c0_s0,1,187,0,6.3537999999999997,0,0,1
room_open_c0_s0,1,188,0,6.3681999999999999,0,0,1
room_open_c0_s0,1,189,0,6.5563000000000002,0,0,1
room_open_c0_s0,1,190,0,6.3632,0,0,1
room_open_c0_s0,1,191,0,6.3380999999999998,0,0,1
room_open_c0_s0,1,192,0,6.5460000000000003,0,0,1
room_open_c0_s0,1,193,0,6.3474000000000004,0,0,1
room_open_c0_s0,1,194,0,6.3536000000000001,0,0,1
room_open_c0_s0,1,195,0,6.5567000000000002,0,0,1
room_open_c0_s0,1,196,0,6.3460999999999999,0,0,1
room_open_c0_s0,1,197,0,6.3678999999999997,0,0,1
room_open_c0_s0,1,198,0,6.6066000000000003,0,0,1
room_open_c0_s0,1,199,0,6.3474000000000004,0,0,1
room_open_c0_s0,1,200,0,6.3520000000000003,0,0,1
room_open_c0_s0,1,201,0,6.5781000000000001,0,0,1
room_open_c0_s0,1,202,0,6.3669000000000002,0,0,1
room_open_c0_s0,1,203,0,6.375,0,0,1
room_open_c0_s0,1,204,0,6.5652999999999997,0,0,1
room_open_c0_s0,1,205,0,6.3569000000000004,0,0,1
room_open_c0_s0,1,206,0,6.3433000000000002,0,0,1
room_open_c0_s0,1,207,0,6.5537999999999998,0,0,1
room_open_c0_s0,1,208,0,6.3281000000000001,0,0,1
room_open_c0_s0,1,209,0,6.3555999999999999,0,0,1
room_open_c0_s0,1,210,0,6.5617999999999999,0,0,1
room_open_c0_s0,1,211,0,6.3779000000000003,0,0,1
room_open_c0_s0,1,212,0,6.3746999999999998,0,0,1
room_open_c0_s0,1,213,0,6.5942999999999996,0,0,1
room_open_c0_s0,1,214,0,6.3537999999999997,0,0,1
room_open_c0_s0,1,215,0,6.3849999999999998,0,0,1
room_open_c0_s0,1,216,0,6.5926,0,0,1
room_open_c0_s0,1,217,0,6.3659999999999997,0,0,1
room_open_c0_s0,1,218,0,6.3556999999999997,0,0,1
room_open_c0_s0,1,219,0,6.5373000000000001,0,0,1
room_open_c0_s0,1,220,0,6.3521999999999998,0,0,1
room_open_c0_s0,1,221,0,6.3163,0,0,1
room_open_c0_s0,1,222,0,6.5414000000000003,0,0,1
room_open_c0_s0,1,223,0,6.3425000000000002,0,0,1
room_open_c0_s0,1,224,0,6.359,0,0,1
room_open_c0_s0,1,225,0,6.3414999999999999,0,0,1
room_open_c0_s0,1,226,0,6.3499999999999996,0,0,1
room_open_c0_s0,1,227,0,6.3640999999999996,0,0,1
room_open_c0_s0,1,228,0,6.3480999999999996,0,0,1
room_open_c0_s0,1,229,0,6.6097999999999999,0,0,1
room_open_c0_s0,1,230,0,6.3715999999999999,0,0,1
room_open_c0_s0,1,231,0,6.3727,0,0,1
room_open_c0_s0,1,232,0,6.5559000000000003,0,0,1
room_open_c0_s0,1,233,0,6.3564999999999996,0,0,1
room_open_c0_s0,1,234,0,6.3727999999999998,0,0,1
room_open_c0_s0,1,235,0,6.5034999999999998,0,0,1
room_open_c0_s0,1,236,0,6.3704999999999998,0,0,1
room_open_c0_s0,1,237,0,6.3731999999999998,0,0,1
room_open_c0_s0,1,238,0,6.5515999999999996,0,0,1
room_open_c0_s0,1,239,0,6.3550000000000004,0,0,1
room_open_c0_s0,1,240,0,6.3438999999999997,0,0,1
room_open_c0_s0,1,241,0,6.5697999999999999,0,0,1
room_open_c0_s0,1,242,0,6.4714,0,0,1
room_open_c0_s0,1,243,0,6.4020000000000001,0,0,1
room_open_c0_s0,1,244,0,6.5346000000000002,0,0,1
room_open_c0_s0,1,245,0,6.3489000000000004,0,0,1
room_open_c0_s0,1,246,0,6.3452999999999999,0,0,1
room_open_c0_s0,1,247,0,6.5895999999999999,0,0,1
room_open_c0_s0,1,248,0,6.3743999999999996,0,0,1
room_open_c0_s0,1,249,0,6.3616000000000001,0,0,1
room_open_c0_s0,1,250,0,6.5621,0,0,1
room_open_c0_s0,1,251,0,6.3592000000000004,0,0,1
room_open_c0_s0,1,252,0,6.3285999999999998,0,0,1
room_open_c0_s0,1,253,0,6.5789,0,0,1
room_open_c0_s0,1,254,0,6.3625999999999996,0,0,1
room_open_c0_s0,1,255,0,6.3468,0,0,1
room_open_c0_s0,1,256,0,6.6105999999999998,0,0,1
room_open_c0_s0,1,257,0,6.3297999999999996,0,0,1
room_open_c0_s0,1,258,0,6.4359000000000002,0,0,1
room_open_c0_s0,1,259,0,6.5492999999999997,0,0,1
room_open_c0_s0,1,260,0,6.4493,0,0,1
room_open_c0_s0,1,261,0,6.3501000000000003,0,0,1
room_open_c0_s0,1,262,0,6.5712000000000002,0,0,1
room_open_c0_s0,1,263,0,6.3406000000000002,0,0,1
room_open_c0_s0,1,264,0,6.3636999999999997,0,0,1
room_open_c0_s0,1,265,0,6.5593000000000004,0,0,1
room_open_c0_s0,1,266,0,6.3406000000000002,0,0,1
room_open_c0_s0,1,267,0,6.3548999999999998,0,0,1
room_open_c0_s0,1,268,0,6.5900999999999996,0,0,1
room_open_c0_s0,1,269,0,6.3453999999999997,0,0,1
room_open_c0_s0,1,270,0,6.3708999999999998,0,0,1
room_open_c0_s0,1,271,0,6.6700999999999997,0,0,1
room_open_c0_s0,1,272,0,6.4683999999999999,0,0,1
room_open_c0_s0,1,273,0,6.3647999999999998,0,0,1
room_open_c0_s0,1,274,0,6.5540000000000003,0,0,1
room_open_c0_s0,1,275,0,6.3597000000000001,0,0,1
room_open_c0_s0,1,276,0,6.3597999999999999,0,0,1
room_open_c0_s0,1,277,0,6.6022999999999996,0,0,1
room_open_c0_s0,1,278,0,6.3691000000000004,0,0,1
room_open_c0_s0,1,279,0,6.3689999999999998,0,0,1
room_open_c0_s0,1,280,0,6.5587999999999997,0,0,1
room_open_c0_s0,1,281,0,6.3441000000000001,0,0,1
room_open_c0_s0,1,282,0,6.3700000000000001,0,0,1
room_open_c0_s0,1,283,0,6.5820999999999996,0,0,1
room_open_c0_s0,1,284,0,6.3509000000000002,0,0,1
room_open_c0_s0,1,285,0,6.3555000000000001,0,0,1
room_open_c0_s0,1,286,0,6.5656999999999996,0,0,1
room_open_c0_s0,1,287,0,6.3634000000000004,0,0,1
room_open_c0_s0,1,288,0,6.3635000000000002,0,0,1
room_open_c0_s1,1,1,1,19.939499999999999,1,0,1
room_open_c0_s1,1,2,1,20.8781,1,0,1
room_open_c0_s1,1,3,1,20.0855,1,0,1
room_open_c0_s1,1,4,1,20.227900000000002,1,0,1
room_open_c0_s1,1,5,1,20.268799999999999,1,0,1
room_open_c0_s1,1,6,1,20.596599999999999,1,0,1
room_open_c0_s1,1,7,1,20.041499999999999,1,0,1
room_open_c0_s1,1,8,1,19.806999999999999,1,0,1
room_open_c0_s1,1,9,1,19.8446,1,0,1
room_open_c0_s1,1,10,1,19.292300000000001,1,0,1
room_open_c0_s1,1,11,1,18.555499999999999,1,0,1
room_open_c0_s1,1,12,1,18.855699999999999,1,0,1
room_open_c0_s1,1,13,1,18.789100000000001,1,0,1
room_open_c0_s1,1,14,1,18.6265,1,0,1
room_open_c0_s1,1,15,1,18.663499999999999,1,0,1
room_open_c0_s1,1,16,1,18.557500000000001,1,0,1
room_open_c0_s1,1,17,1,18.353100000000001,1,0,1
room_open_c0_s1,1,18,1,18.59,1,0,1
room_open_c0_s1,1,19,1,19.015899999999998,1,0,1
room_open_c0_s1,1,20,1,18.4345,1,0,1
room_open_c0_s1,1,21,1,18.587399999999999,1,0,1
room_open_c0_s1,1,22,1,19.242899999999999,1,0,1
room_open_c0_s1,1,23,1,18.721499999999999,1,0,1
room_open_c0_s1,1,24,1,18.7424,1,0,1
room_open_c0_s1,1,25,1,18.870100000000001,1,0,1
room_open_c0_s1,1,26,1,19.5184,1,0,1
room_open_c0_s1,1,27,1,18.7211,1,0,1
room_open_c0_s1,1,28,1,18.6404,1,0,1
room_open_c0_s1,1,29,1,18.320699999999999,1,0,1
room_open_c0_s1,1,30,1,18.449400000000001,1,0,1
room_open_c0_s1,1,31,1,18.629000000000001,1,0,1
room_open_c0_s1,1,32,1,18.313600000000001,1,0,1
room_open_c0_s1,1,33,0,18.246300000000002,1,0,1
room_open_c0_s1,1,34,0,19.080200000000001,1,0,1
room_open_c0_s1,1,35,0,18.5518,1,0,1
room_open_c0_s1,1,36,0,18.298300000000001,1,0,1
room_open_c0_s1,1,37,0,18.519500000000001,1,0,1
room_open_c0_s1,1,38,0,18.372499999999999,1,0,1
room_open_c0_s1,1,39,0,18.5944,1,0,1
room_open_c0_s1,1,40,0,18.912600000000001,1,0,1
room_open_c0_s1,1,41,0,18.5808,1,0,1
room_open_c0_s1,1,42,0,18.382200000000001,1,0,1
room_open_c0_s1,1,43,0,18.395099999999999,1,0,1
room_open_c0_s1,1,44,0,18.3306,1,0,1
room_open_c0_s1,1,45,0,18.285699999999999,1,0,1
room_open_c0_s1,1,46,0,18.581900000000001,1,0,1
room_open_c0_s1,1,47,0,18.431799999999999,1,0,1
room_open_c0_s1,1,48,0,18.576599999999999,1,0,1
room_open_c0_s1,1,49,0,18.498000000000001,1,0,1
room_open_c0_s1,1,50,0,18.254899999999999,1,0,1
room_open_c0_s1,1,51,0,18.385400000000001,1,0,1
room_open_c0_s1,1,52,0,18.7121,1,0,1
room_open_c0_s1,1,53,0,18.5015,1,0,1
room_open_c0_s1,1,54,0,18.400300000000001,1,0,1
room_open_c0_s1,1,55,0,18.739699999999999,1,0,1
room_open_c0_s1,1,56,0,18.392199999999999,1,0,1
room_open_c0_s1,1,57,0,18.576499999999999,1,0,1
room_open_c0_s1,1,58,0,18.6145,1,0,1
room_open_c0_s1,1,59,0,18.4557,1,0,1
room_open_c0_s1,1,60,0,18.814800000000002,1,0,1
room_open_c0_s1,1,61,0,18.567,1,0,1
room_open_c0_s1,1,62,0,18.552199999999999,1,0,1
room_open_c0_s1,1,63,0,18.2317,1,0,1
room_open_c0_s1,1,64,0,18.6309,1,0,1
room_open_c0_s1,1,65,0,18.277200000000001,1,0,1
room_open_c0_s1,1,66,0,18.339099999999998,1,0,1
room_open_c0_s1,1,67,0,18.674600000000002,1,0,1
room_open_c0_s1,1,68,0,18.4879,1,0,1
room_open_c0_s1,1,69,0,18.402000000000001,1,0,1
room_open_c0_s1,1,70,0,18.609000000000002,1,0,1
room_open_c0_s1,1,71,0,18.592600000000001,1,0,1
room_open_c0_s1,1,72,0,18.3855,1,0,1
room_open_c0_s1,1,73,0,18.424900000000001,1,0,1
room_open_c0_s1,1,74,0,18.510899999999999,1,0,1
room_open_c0_s1,1,75,0,18.429600000000001,1,0,1
room_open_c0_s1,1,76,0,18.8504,1,0,1
room_open_c0_s1,1,77,0,18.662800000000001,1,0,1
room_open_c0_s1,1,78,0,18.8733,1,0,1
room_open_c0_s1,1,79,0,18.659500000000001,1,0,1
room_open_c0_s1,1,80,0,18.269400000000001,1,0,1
room_open_c0_s1,1,81,0,18.506399999999999,1,0,1
room_open_c0_s1,1,82,0,18.439,1,0,1
room_open_c0_s1,1,83,0,18.283899999999999,1,0,1
room_open_c0_s1,1,84,0,18.292300000000001,1,0,1
room_open_c0_s1,1,85,0,18.356000000000002,1,0,1
room_open_c0_s1,1,86,0,18.4038,1,0,1
room_open_c0_s1,1,87,0,18.488900000000001,1,0,1
room_open_c0_s1,1,88,0,18.680099999999999,1,0,1
room_open_c0_s1,1,89,0,18.258600000000001,1,0,1
room_open_c0_s1,1,90,0,18.628,1,0,1
room_open_c0_s1,1,91,0,19.021000000000001,1,0,1
room_open_c0_s1,1,92,0,18.603300000000001,1,0,1
room_open_c0_s1,1,93,0,18.237400000000001,1,0,1
room_open_c0_s1,1,94,0,18.639600000000002,1,0,1
room_open_c0_s1,1,95,0,18.400300000000001,1,0,1
room_open_c0_s1,1,96,0,18.545300000000001,1,0,1
room_open_c0_s1,1,97,0,19.116599999999998,1,0,1
room_open_c0_s1,1,98,0,19.151800000000001,1,0,1
room_open_c0_s1,1,99,0,18.7319,1,0,1
room_open_c0_s1,1,100,0,19.498100000000001,1,0,1
room_open_c0_s1,1,101,0,18.564800000000002,1,0,1
room_open_c0_s1,1,102,0,18.724399999999999,1,0,1
room_open_c0_s1,1,103,0,19.251000000000001,1,0,1
room_open_c0_s1,1,104,0,18.7957,1,0,1
room_open_c0_s1,1,105,0,18.6784,1,0,1
room_open_c0_s1,1,106,0,18.962199999999999,1,0,1
room_open_c0_s1,1,107,0,18.599799999999998,1,0,1
room_open_c0_s1,1,108,0,18.5306,1,0,1
room_open_c0_s1,1,109,0,18.717099999999999,1,0,1
room_open_c0_s1,1,110,0,18.790800000000001,1,0,1
room_open_c0_s1,1,111,0,18.643999999999998,1,0,1
room_open_c0_s1,1,112,0,18.7181,1,0,1
room_open_c0_s1,1,113,0,18.537400000000002,1,0,1
room_open_c0_s1,1,114,0,19.035299999999999,1,0,1
room_open_c0_s1,1,115,0,19.086400000000001,1,0,1
room_open_c0_s1,1,116,0,18.721,1,0,1
room_open_c0_s1,1,117,0,18.567900000000002,1,0,1
room_open_c0_s1,1,118,0,18.6509,1,0,1
room_open_c0_s1,1,119,0,18.466000000000001,1,0,1
room_open_c0_s1,1,120,0,18.411899999999999,1,0,1
room_open_c0_s1,1,121,0,18.7104,1,0,1
room_open_c0_s1,1,122,0,18.404399999999999,1,0,1
room_open_c0_s1,1,123,0,18.421099999999999,1,0,1
room_open_c0_s1,1,124,0,18.4544,1,0,1
room_open_c0_s1,1,125,0,18.426600000000001,1,0,1
room_open_c0_s1,1,126,0,18.536000000000001,1,0,1
room_open_c0_s1,1,127,0,18.659099999999999,1,0,1
room_open_c0_s1,1,128,0,18.693999999999999,1,0,1
room_open_c0_s1,1,129,0,18.4849,1,0,1
room_open_c0_s1,1,130,0,18.5337,1,0,1
room_open_c0_s1,1,131,0,18.368300000000001,1,0,1
room_open_c0_s1,1,132,0,18.226700000000001,1,0,1
room_open_c0_s1,1,133,0,18.534500000000001,1,0,1
room_open_c0_s1,1,134,0,18.484500000000001,1,0,1
room_open_c0_s1,1,135,0,18.570599999999999,1,0,1
room_open_c0_s1,1,136,0,18.757400000000001,1,0,1
room_open_c0_s1,1,137,0,18.522400000000001,1,0,1
room_open_c0_s1,1,138,0,18.366800000000001,1,0,1
room_open_c0_s1,1,139,0,18.6952,1,0,1
room_open_c0_s1,1,140,0,18.3538,1,0,1
room_open_c0_s1,1,141,0,18.491700000000002,1,0,1
room_open_c0_s1,1,142,0,18.355399999999999,1,0,1
room_open_c0_s1,1,143,0,18.685700000000001,1,0,1
room_open_c0_s1,1,144,0,18.5153,1,0,1
room_open_c0_s1,1,145,0,18.699000000000002,1,0,1
room_open_c0_s1,1,146,0,18.619599999999998,1,0,1
room_open_c0_s1,1,147,0,18.753,1,0,1
room_open_c0_s1,1,148,0,18.641999999999999,1,0,1
room_open_c0_s1,1,149,0,18.442599999999999,1,0,1
room_open_c0_s1,1,150,0,18.281199999999998,1,0,1
room_open_c0_s1,1,151,0,18.407299999999999,1,0,1
room_open_c0_s1,1,152,0,18.336600000000001,1,0,1
room_open_c0_s1,1,153,0,18.363199999999999,1,0,1
room_open_c0_s1,1,154,0,18.483899999999998,1,0,1
room_open_c0_s1,1,155,0,18.228300000000001,1,0,1
room_open_c0_s1,1,156,0,18.2121,1,0,1
room_open_c0_s1,1,157,0,18.572199999999999,1,0,1
room_open_c0_s1,1,158,0,18.5046,1,0,1
room_open_c0_s1,1,159,0,18.319299999999998,1,0,1
room_open_c0_s1,1,160,0,18.518699999999999,1,0,1
room_open_c0_s1,1,161,0,18.484300000000001,1,0,1
room_open_c0_s1,1,162,0,18.3018,1,0,1
room_open_c0_s1,1,163,0,18.446200000000001,1,0,1
room_open_c0_s1,1,164,0,18.307700000000001,1,0,1
room_open_c0_s1,1,165,0,18.307600000000001,1,0,1
room_open_c0_s1,1,166,0,18.4788,1,0,1
room_open_c0_s1,1,167,0,18.5898,1,0,1
room_open_c0_s1,1,168,0,18.499700000000001,1,0,1
room_open_c0_s1,1,169,0,19.310099999999998,1,0,1
room_open_c0_s1,1,170,0,19.000399999999999,1,0,1
room_open_c0_s1,1,171,0,18.6691,1,0,1
room_open_c0_s1,1,172,0,18.5227,1,0,1
room_open_c0_s1,1,173,0,18.475300000000001,1,0,1
room_open_c0_s1,1,174,0,18.434100000000001,1,0,1
room_open_c0_s1,1,175,0,18.3263,1,0,1
room_open_c0_s1,1,176,0,18.3018,1,0,1
room_open_c0_s1,1,177,0,18.318899999999999,1,0,1
room_open_c0_s1,1,178,0,18.6845,1,0,1
room_open_c0_s1,1,179,0,18.799900000000001,1,0,1
room_open_c0_s1,1,180,0,18.801200000000001,1,0,1
room_open_c0_s1,1,181,0,18.624400000000001,1,0,1
room_open_c0_s1,1,182,0,18.3703,1,0,1
room_open_c0_s1,1,183,0,18.416399999999999,1,0,1
room_open_c0_s1,1,184,0,18.4221,1,0,1
room_open_c0_s1,1,185,0,18.303100000000001,1,0,1
room_open_c0_s1,1,186,0,18.472200000000001,1,0,1
room_open_c0_s1,1,187,0,18.360399999999998,1,0,1
room_open_c0_s1,1,188,0,18.529699999999998,1,0,1
room_open_c0_s1,1,189,0,18.366800000000001,1,0,1
room_open_c0_s1,1,190,0,18.448699999999999,1,0,1
room_open_c0_s1,1,191,0,18.456299999999999,1,0,1
room_open_c0_s1,1,192,0,18.276299999999999,1,0,1
room_open_c0_s1,1,193,0,18.4907,1,0,1
room_open_c0_s1,1,194,0,18.5867,1,0,1
room_open_c0_s1,1,195,0,18.238499999999998,1,0,1
room_open_c0_s1,1,196,0,18.8843,1,0,1
room_open_c0_s1,1,197,0,18.316299999999998,1,0,1
room_open_c0_s1,1,198,0,18.303899999999999,1,0,1
room_open_c0_s1,1,199,0,18.5443,1,0,1
room_open_c0_s1,1,200,0,18.242799999999999,1,0,1
room_open_c0_s1,1,201,0,18.257300000000001,1,0,1
room_open_c0_s1,1,202,0,18.459199999999999,1,0,1
room_open_c0_s1,1,203,0,18.2942,1,0,1
room_open_c0_s1,1,204,0,18.440899999999999,1,0,1
room_open_c0_s1,1,205,0,20.607299999999999,1,0,1
room_open_c0_s1,1,206,0,18.285,1,0,1
room_open_c0_s1,1,207,0,18.3462,1,0,1
room_open_c0_s1,1,208,0,18.864899999999999,1,0,1
room_open_c0_s1,1,209,0,18.4909,1,0,1
room_open_c0_s1,1,210,0,18.307700000000001,1,0,1
room_open_c0_s1,1,211,0,18.619,1,0,1
room_open_c0_s1,1,212,0,18.339099999999998,1,0,1
room_open_c0_s1,1,213,0,18.217300000000002,1,0,1
room_open_c0_s1,1,214,0,18.508900000000001,1,0,1
room_open_c0_s1,1,215,0,18.602699999999999,1,0,1
room_open_c0_s1,1,216,0,18.201799999999999,1,0,1
room_open_c0_s1,1,217,0,18.435400000000001,1,0,1
room_open_c0_s1,1,218,0,18.3446,1,0,1
room_open_c0_s1,1,219,0,18.276499999999999,1,0,1
room_open_c0_s1,1,220,0,18.546800000000001,1,0,1
room_open_c0_s1,1,221,0,18.664400000000001,1,0,1
room_open_c0_s1,1,222,0,18.263300000000001,1,0,1
room_open_c0_s1,1,223,0,18.6663,1,0,1
room_open_c0_s1,1,224,0,18.5961,1,0,1
room_open_c0_s1,1,225,0,18.460599999999999,1,0,1
room_open_c0_s1,1,226,0,18.5807,1,0,1
room_open_c0_s1,1,227,0,18.399000000000001,1,0,1
room_open_c0_s1,1,228,0,18.6158,1,0,1
room_open_c0_s1,1,229,0,18.5777,1,0,1
room_open_c0_s1,1,230,0,18.687100000000001,1,0,1
room_open_c0_s1,1,231,0,18.6692,1,0,1
room_open_c0_s1,1,232,0,18.546500000000002,1,0,1
room_open_c0_s1,1,233,0,18.546199999999999,1,0,1
room_open_c0_s1,1,234,0,18.352599999999999,1,0,1
room_open_c0_s1,1,235,0,18.459700000000002,1,0,1
room_open_c0_s1,1,236,0,18.454699999999999,1,0,1
room_open_c0_s1,1,237,0,18.2209,1,0,1
room_open_c0_s1,1,238,0,18.668299999999999,1,0,1
room_open_c0_s1,1,239,0,18.325900000000001,1,0,1
room_open_c0_s1,1,240,0,18.533200000000001,1,0,1
room_open_c0_s1,1,241,0,18.5059,1,0,1
room_open_c0_s1,1,242,0,18.520399999999999,1,0,1
room_open_c0_s1,1,243,0,18.370799999999999,1,0,1
room_open_c0_s1,1,244,0,18.571400000000001,1,0,1
room_open_c0_s1,1,245,0,18.296700000000001,1,0,1
room_open_c0_s1,1,246,0,18.240500000000001,1,0,1
room_open_c0_s1,1,247,0,18.370699999999999,1,0,1
room_open_c0_s1,1,248,0,18.6038,1,0,1
room_open_c0_s1,1,249,0,19.229600000000001,1,0,1
room_open_c0_s1,1,250,0,19.1005,1,0,1
room_open_c0_s1,1,251,0,18.404599999999999,1,0,1
room_open_c0_s1,1,252,0,18.4053,1,0,1
room_open_c0_s1,1,253,0,18.3307,1,0,1
room_open_c0_s1,1,254,0,18.269400000000001,1,0,1
room_open_c0_s1,1,255,0,18.531099999999999,1,0,1
room_open_c0_s1,1,256,0,18.758099999999999,1,0,1
room_open_c0_s1,1,257,0,19.692399999999999,1,0,1
room_open_c0_s1,1,258,0,18.7057,1,0,1
room_open_c0_s1,1,259,0,18.566600000000001,1,0,1
room_open_c0_s1,1,260,0,18.365200000000002,1,0,1
room_open_c0_s1,1,261,0,18.488900000000001,1,0,1
room_open_c0_s1,1,262,0,18.913599999999999,1,0,1
room_open_c0_s1,1,263,0,18.287099999999999,1,0,1
room_open_c0_s1,1,264,0,18.247599999999998,1,0,1
room_open_c0_s1,1,265,0,18.9238,1,0,1
room_open_c0_s1,1,266,0,18.361899999999999,1,0,1
room_open_c0_s1,1,267,0,18.3765,1,0,1
room_open_c0_s1,1,268,0,18.577000000000002,1,0,1
room_open_c0_s1,1,269,0,18.994599999999998,1,0,1
room_open_c0_s1,1,270,0,18.585599999999999,1,0,1
room_open_c0_s1,1,271,0,18.580200000000001,1,0,1
room_open_c0_s1,1,272,0,18.8721,1,0,1
room_open_c0_s1,1,273,0,18.372800000000002,1,0,1
room_open_c0_s1,1,274,0,18.5398,1,0,1
room_open_c0_s1,1,275,0,18.420200000000001,1,0,1
room_open_c0_s1,1,276,0,18.333100000000002,1,0,1
room_open_c0_s1,1,277,0,18.470199999999998,1,0,1
room_open_c0_s1,1,278,0,18.5181,1,0,1
room_open_c0_s1,1,279,0,18.433800000000002,1,0,1
room_open_c0_s1,1,280,0,18.726700000000001,1,0,1
room_open_c0_s1,1,281,0,18.43,1,0,1
room_open_c0_s1,1,282,0,18.3081,1,0,1
room_open_c0_s1,1,283,0,18.525400000000001,1,0,1
room_open_c0_s1,1,284,0,18.5029,1,0,1
room_open_c0_s1,1,285,0,18.448699999999999,1,0,1
room_open_c0_s1,1,286,0,18.4085,1,0,1
room_open_c0_s1,1,287,0,18.3292,1,0,1
room_open_c0_s1,1,288,0,18.395,1,0,1
room_open_c1_s0,1,1,1,12.365500000000001,0,1,1
room_open_c1_s0,1,2,1,11.173,0,1,1
room_open_c1_s0,1,3,1,11.041399999999999,0,1,1
room_open_c1_s0,1,4,1,10.783799999999999,0,1,1
room_open_c1_s0,1,5,1,10.3551,0,1,1
room_open_c1_s0,1,6,1,10.6968,0,1,1
room_open_c1_s0,1,7,1,10.597899999999999,0,1,1
room_open_c1_s0,1,8,1,10.553000000000001,0,1,1
room_open_c1_s0,1,9,1,11.559100000000001,0,1,1
room_open_c1_s0,1,10,1,11.2783,0,1,1
room_open_c1_s0,1,11,1,10.6791,0,1,1
room_open_c1_s0,1,12,1,10.508699999999999,0,1,1
room_open_c1_s0,1,13,1,10.493399999999999,0,1,1
room_open_c1_s0,1,14,1,10.7224,0,1,1
room_open_c1_s0,1,15,1,10.5875,0,1,1
room_open_c1_s0,1,16,1,10.8758,0,1,1
room_open_c1_s0,1,17,1,10.7339,0,1,1
room_open_c1_s0,1,18,1,11.150600000000001,0,1,1
room_open_c1_s0,1,19,1,10.6357,0,1,1
room_open_c1_s0,1,20,1,10.6698,0,1,1
room_open_c1_s0,1,21,1,10.736700000000001,0,1,1
room_open_c1_s0,1,22,1,10.4795,0,1,1
room_open_c1_s0,1,23,1,10.4337,0,1,1
room_open_c1_s0,1,24,1,10.8269,0,1,1
room_open_c1_s0,1,25,1,10.575100000000001,0,1,1
room_open_c1_s0,1,26,1,10.6008,0,1,1
room_open_c1_s0,1,27,1,11.157500000000001,0,1,1
room_open_c1_s0,1,28,1,10.754799999999999,0,1,1
room_open_c1_s0,1,29,1,10.6449,0,1,1
room_open_c1_s0,1,30,1,10.9191,0,1,1
room_open_c1_s0,1,31,1,10.5299,0,1,1
room_open_c1_s0,1,32,1,10.4777,0,1,1
room_open_c1_s0,1,33,0,10.4839,0,1,1
room_open_c1_s0,1,34,0,10.754799999999999,0,1,1
room_open_c1_s0,1,35,0,10.4895,0,1,1
room_open_c1_s0,1,36,0,10.6693,0,1,1
room_open_c1_s0,1,37,0,10.738300000000001,0,1,1
room_open_c1_s0,1,38,0,10.6335,0,1,1
room_open_c1_s0,1,39,0,10.5669,0,1,1
room_open_c1_s0,1,40,0,10.747199999999999,0,1,1
room_open_c1_s0,1,41,0,10.6586,0,1,1
room_open_c1_s0,1,42,0,10.3931,0,1,1
room_open_c1_s0,1,43,0,10.532,0,1,1
room_open_c1_s0,1,44,0,10.5024,0,1,1
room_open_c1_s0,1,45,0,10.537100000000001,0,1,1
room_open_c1_s0,1,46,0,10.883699999999999,0,1,1
room_open_c1_s0,1,47,0,10.541399999999999,0,1,1
room_open_c1_s0,1,48,0,10.5243,0,1,1
room_open_c1_s0,1,49,0,10.757400000000001,0,1,1
room_open_c1_s0,1,50,0,10.638400000000001,0,1,1
room_open_c1_s0,1,51,0,10.773,0,1,1
room_open_c1_s0,1,52,0,10.917999999999999,0,1,1
room_open_c1_s0,1,53,0,10.5463,0,1,1
room_open_c1_s0,1,54,0,10.572800000000001,0,1,1
room_open_c1_s0,1,55,0,10.8758,0,1,1
room_open_c1_s0,1,56,0,10.6492,0,1,1
room_open_c1_s0,1,57,0,10.5169,0,1,1
room_open_c1_s0,1,58,0,10.535399999999999,0,1,1
room_open_c1_s0,1,59,0,10.5487,0,1,1
room_open_c1_s0,1,60,0,10.648999999999999,0,1,1
room_open_c1_s0,1,61,0,10.804,0,1,1
room_open_c1_s0,1,62,0,10.7422,0,1,1
room_open_c1_s0,1,63,0,10.4909,0,1,1
room_open_c1_s0,1,64,0,10.867599999999999,0,1,1
room_open_c1_s0,1,65,0,10.666700000000001,0,1,1
room_open_c1_s0,1,66,0,10.746,0,1,1
room_open_c1_s0,1,67,0,11.0237,0,1,1
room_open_c1_s0,1,68,0,10.5718,0,1,1
room_open_c1_s0,1,69,0,10.514900000000001,0,1,1
room_open_c1_s0,1,70,0,10.603999999999999,0,1,1
room_open_c1_s0,1,71,0,10.718299999999999,0,1,1
room_open_c1_s0,1,72,0,10.789899999999999,0,1,1
room_open_c1_s0,1,73,0,10.8574,0,1,1
room_open_c1_s0,1,74,0,10.66,0,1,1
room_open_c1_s0,1,75,0,10.729900000000001,0,1,1
room_open_c1_s0,1,76,0,10.812900000000001,0,1,1
room_open_c1_s0,1,77,0,10.8942,0,1,1
room_open_c1_s0,1,78,0,10.668900000000001,0,1,1
room_open_c1_s0,1,79,0,10.938800000000001,0,1,1
room_open_c1_s0,1,80,0,10.659800000000001,0,1,1
room_open_c1_s0,1,81,0,10.668100000000001,0,1,1
room_open_c1_s0,1,82,0,10.7164,0,1,1
room_open_c1_s0,1,83,0,10.642200000000001,0,1,1
room_open_c1_s0,1,84,0,10.4818,0,1,1
room_open_c1_s0,1,85,0,10.5176,0,1,1
room_open_c1_s0,1,86,0,10.5108,0,1,1
room_open_c1_s0,1,87,0,10.6183,0,1,1
room_open_c1_s0,1,88,0,10.8886,0,1,1
room_open_c1_s0,1,89,0,10.710100000000001,0,1,1
room_open_c1_s0,1,90,0,10.7943,0,1,1
room_open_c1_s0,1,91,0,10.721299999999999,0,1,1
room_open_c1_s0,1,92,0,10.645,0,1,1
room_open_c1_s0,1,93,0,10.5098,0,1,1
room_open_c1_s0,1,94,0,10.723000000000001,0,1,1
room_open_c1_s0,1,95,0,10.7211,0,1,1
room_open_c1_s0,1,96,0,10.7013,0,1,1
room_open_c1_s0,1,97,0,10.744999999999999,0,1,1
room_open_c1_s0,1,98,0,10.666399999999999,0,1,1
room_open_c1_s0,1,99,0,10.682499999999999,0,1,1
room_open_c1_s0,1,100,0,10.9664,0,1,1
room_open_c1_s0,1,101,0,11.1387,0,1,1
room_open_c1_s0,1,102,0,10.7216,0,1,1
room_open_c1_s0,1,103,0,10.5297,0,1,1
room_open_c1_s0,1,104,0,10.734999999999999,0,1,1
room_open_c1_s0,1,105,0,10.625299999999999,0,1,1
room_open_c1_s0,1,106,0,10.5428,0,1,1
room_open_c1_s0,1,107,0,10.8286,0,1,1
room_open_c1_s0,1,108,0,10.589399999999999,0,1,1
room_open_c1_s0,1,109,0,10.9734,0,1,1
room_open_c1_s0,1,110,0,10.6547,0,1,1
room_open_c1_s0,1,111,0,10.6075,0,1,1
room_open_c1_s0,1,112,0,10.691800000000001,0,1,1
room_open_c1_s0,1,113,0,10.7981,0,1,1
room_open_c1_s0,1,114,0,10.466100000000001,0,1,1
room_open_c1_s0,1,115,0,10.601599999999999,0,1,1
room_open_c1_s0,1,116,0,10.7363,0,1,1
room_open_c1_s0,1,117,0,10.5982,0,1,1
room_open_c1_s0,1,118,0,10.6631,0,1,1
room_open_c1_s0,1,119,0,10.6906,0,1,1
room_open_c1_s0,1,120,0,10.6982,0,1,1
room_open_c1_s0,1,121,0,10.635300000000001,0,1,1
room_open_c1_s0,1,122,0,10.716100000000001,0,1,1
room_open_c1_s0,1,123,0,10.8695,0,1,1
room_open_c1_s0,1,124,0,10.7582,0,1,1
room_open_c1_s0,1,125,0,10.7803,0,1,1
room_open_c1_s0,1,126,0,10.761200000000001,0,1,1
room_open_c1_s0,1,127,0,10.940300000000001,0,1,1
room_open_c1_s0,1,128,0,10.776899999999999,0,1,1
room_open_c1_s0,1,129,0,10.5899,0,1,1
room_open_c1_s0,1,130,0,10.682700000000001,0,1,1
room_open_c1_s0,1,131,0,10.7256,0,1,1
room_open_c1_s0,1,132,0,10.828200000000001,0,1,1
room_open_c1_s0,1,133,0,10.523899999999999,0,1,1
room_open_c1_s0,1,134,0,10.700799999999999,0,1,1
room_open_c1_s0,1,135,0,10.8378,0,1,1
room_open_c1_s0,1,136,0,10.6699,0,1,1
room_open_c1_s0,1,137,0,10.8818,0,1,1
room_open_c1_s0,1,138,0,10.897,0,1,1
room_open_c1_s0,1,139,0,10.5562,0,1,1
room_open_c1_s0,1,140,0,11.9719,0,1,1
room_open_c1_s0,1,141,0,10.998200000000001,0,1,1
room_open_c1_s0,1,142,0,10.5573,0,1,1
room_open_c1_s0,1,143,0,10.8683,0,1,1
room_open_c1_s0,1,144,0,10.871499999999999,0,1,1
room_open_c1_s0,1,145,0,10.7515,0,1,1
room_open_c1_s0,1,146,0,10.554500000000001,0,1,1
room_open_c1_s0,1,147,0,10.76,0,1,1
room_open_c1_s0,1,148,0,10.5418,0,1,1
room_open_c1_s0,1,149,0,10.660600000000001,0,1,1
room_open_c1_s0,1,150,0,10.7399,0,1,1
room_open_c1_s0,1,151,0,10.653600000000001,0,1,1
room_open_c1_s0,1,152,0,10.7255,0,1,1
room_open_c1_s0,1,153,0,10.796799999999999,0,1,1
room_open_c1_s0,1,154,0,10.5883,0,1,1
room_open_c1_s0,1,155,0,10.661099999999999,0,1,1
room_open_c1_s0,1,156,0,10.893800000000001,0,1,1
room_open_c1_s0,1,157,0,10.6973,0,1,1
room_open_c1_s0,1,158,0,10.610799999999999,0,1,1
room_open_c1_s0,1,159,0,10.9978,0,1,1
room_open_c1_s0,1,160,0,10.619199999999999,0,1,1
room_open_c1_s0,1,161,0,10.697900000000001,0,1,1
room_open_c1_s0,1,162,0,10.7636,0,1,1
room_open_c1_s0,1,163,0,10.6792,0,1,1
room_open_c1_s0,1,164,0,10.618600000000001,0,1,1
room_open_c1_s0,1,165,0,10.778,0,1,1
room_open_c1_s0,1,166,0,10.698600000000001,0,1,1
room_open_c1_s0,1,167,0,10.7133,0,1,1
room_open_c1_s0,1,168,0,10.8179,0,1,1
room_open_c1_s0,1,169,0,11.3005,0,1,1
room_open_c1_s0,1,170,0,10.758599999999999,0,1,1
room_open_c1_s0,1,171,0,10.8659,0,1,1
room_open_c1_s0,1,172,0,10.4983,0,1,1
room_open_c1_s0,1,173,0,10.7254,0,1,1
room_open_c1_s0,1,174,0,10.8253,0,1,1
room_open_c1_s0,1,175,0,10.6257,0,1,1
room_open_c1_s0,1,176,0,10.6907,0,1,1
room_open_c1_s0,1,177,0,10.7676,0,1,1
room_open_c1_s0,1,178,0,10.5021,0,1,1
room_open_c1_s0,1,179,0,11.1646,0,1,1
room_open_c1_s0,1,180,0,11.090299999999999,0,1,1
room_open_c1_s0,1,181,0,10.6304,0,1,1
room_open_c1_s0,1,182,0,10.722300000000001,0,1,1
room_open_c1_s0,1,183,0,10.9566,0,1,1
room_open_c1_s0,1,184,0,10.5059,0,1,1
room_open_c1_s0,1,185,0,10.550700000000001,0,1,1
room_open_c1_s0,1,186,0,10.8055,0,1,1
room_open_c1_s0,1,187,0,10.5593,0,1,1
room_open_c1_s0,1,188,0,10.6556,0,1,1
room_open_c1_s0,1,189,0,10.596,0,1,1
room_open_c1_s0,1,190,0,10.861599999999999,0,1,1
room_open_c1_s0,1,191,0,11.2845,0,1,1
room_open_c1_s0,1,192,0,10.931699999999999,0,1,1
room_open_c1_s0,1,193,0,10.5307,0,1,1
room_open_c1_s0,1,194,0,10.427899999999999,0,1,1
room_open_c1_s0,1,195,0,10.558199999999999,0,1,1
room_open_c1_s0,1,196,0,10.535299999999999,0,1,1
room_open_c1_s0,1,197,0,10.977600000000001,0,1,1
room_open_c1_s0,1,198,0,10.806900000000001,0,1,1
room_open_c1_s0,1,199,0,10.715299999999999,0,1,1
room_open_c1_s0,1,200,0,10.828799999999999,0,1,1
room_open_c1_s0,1,201,0,10.836399999999999,0,1,1
room_open_c1_s0,1,202,0,10.524100000000001,0,1,1
room_open_c1_s0,1,203,0,10.6623,0,1,1
room_open_c1_s0,1,204,0,11.051,0,1,1
room_open_c1_s0,1,205,0,10.510899999999999,0,1,1
room_open_c1_s0,1,206,0,10.5756,0,1,1
room_open_c1_s0,1,207,0,10.4674,0,1,1
room_open_c1_s0,1,208,0,10.613200000000001,0,1,1
room_open_c1_s0,1,209,0,10.6007,0,1,1
room_open_c1_s0,1,210,0,10.6046,0,1,1
room_open_c1_s0,1,211,0,10.4603,0,1,1
room_open_c1_s0,1,212,0,10.7216,0,1,1
room_open_c1_s0,1,213,0,10.841900000000001,0,1,1
room_open_c1_s0,1,214,0,10.540900000000001,0,1,1
room_open_c1_s0,1,215,0,10.563700000000001,0,1,1
room_open_c1_s0,1,216,0,10.8423,0,1,1
room_open_c1_s0,1,217,0,10.6172,0,1,1
room_open_c1_s0,1,218,0,10.758599999999999,0,1,1
room_open_c1_s0,1,219,0,10.797800000000001,0,1,1
room_open_c1_s0,1,220,0,10.3948,0,1,1
room_open_c1_s0,1,221,0,10.7235,0,1,1
room_open_c1_s0,1,222,0,10.735799999999999,0,1,1
room_open_c1_s0,1,223,0,10.419499999999999,0,1,1
room_open_c1_s0,1,224,0,10.6266,0,1,1
room_open_c1_s0,1,225,0,10.828200000000001,0,1,1
room_open_c1_s0,1,226,0,10.4093,0,1,1
room_open_c1_s0,1,227,0,10.6889,0,1,1
room_open_c1_s0,1,228,0,10.7637,0,1,1
room_open_c1_s0,1,229,0,10.508100000000001,0,1,1
room_open_c1_s0,1,230,0,10.8971,0,1,1
room_open_c1_s0,1,231,0,10.724299999999999,0,1,1
room_open_c1_s0,1,232,0,10.672800000000001,0,1,1
room_open_c1_s0,1,233,0,10.653499999999999,0,1,1
room_open_c1_s0,1,234,0,10.620900000000001,0,1,1
room_open_c1_s0,1,235,0,10.4429,0,1,1
room_open_c1_s0,1,236,0,10.5367,0,1,1
room_open_c1_s0,1,237,0,10.654500000000001,0,1,1
room_open_c1_s0,1,238,0,10.603899999999999,0,1,1
room_open_c1_s0,1,239,0,10.6867,0,1,1
room_open_c1_s0,1,240,0,10.675599999999999,0,1,1
room_open_c1_s0,1,241,0,10.766,0,1,1
room_open_c1_s0,1,242,0,10.6419,0,1,1
room_open_c1_s0,1,243,0,10.6892,0,1,1
room_open_c1_s0,1,244,0,10.577299999999999,0,1,1
room_open_c1_s0,1,245,0,10.693199999999999,0,1,1
room_open_c1_s0,1,246,0,10.732100000000001,0,1,1
room_open_c1_s0,1,247,0,10.9122,0,1,1
room_open_c1_s0,1,248,0,10.6892,0,1,1
room_open_c1_s0,1,249,0,10.7004,0,1,1
room_open_c1_s0,1,250,0,10.6693,0,1,1
room_open_c1_s0,1,251,0,11.0684,0,1,1
room_open_c1_s0,1,252,0,10.5329,0,1,1
room_open_c1_s0,1,253,0,10.842000000000001,0,1,1
room_open_c1_s0,1,254,0,10.3888,0,1,1
room_open_c1_s0,1,255,0,10.685,0,1,1
room_open_c1_s0,1,256,0,10.848000000000001,0,1,1
room_open_c1_s0,1,257,0,10.4474,0,1,1
room_open_c1_s0,1,258,0,10.5121,0,1,1
room_open_c1_s0,1,259,0,10.9642,0,1,1
room_open_c1_s0,1,260,0,10.809200000000001,0,1,1
room_open_c1_s0,1,261,0,10.740500000000001,0,1,1
room_open_c1_s0,1,262,0,10.75,0,1,1
room_open_c1_s0,1,263,0,10.6256,0,1,1
room_open_c1_s0,1,264,0,10.8757,0,1,1
room_open_c1_s0,1,265,0,10.5863,0,1,1
room_open_c1_s0,1,266,0,10.813499999999999,0,1,1
room_open_c1_s0,1,267,0,10.625500000000001,0,1,1
room_open_c1_s0,1,268,0,10.7029,0,1,1
room_open_c1_s0,1,269,0,10.9574,0,1,1
room_open_c1_s0,1,270,0,10.6691,0,1,1
room_open_c1_s0,1,271,0,10.766,0,1,1
room_open_c1_s0,1,272,0,10.751300000000001,0,1,1
room_open_c1_s0,1,273,0,10.6396,0,1,1
room_open_c1_s0,1,274,0,10.7416,0,1,1
room_open_c1_s0,1,275,0,10.6241,0,1,1
room_open_c1_s0,1,276,0,10.662800000000001,0,1,1
room_open_c1_s0,1,277,0,10.858000000000001,0,1,1
room_open_c1_s0,1,278,0,10.7821,0,1,1
room_open_c1_s0,1,279,0,10.74,0,1,1
room_open_c1_s0,1,280,0,11.1389,0,1,1
room_open_c1_s0,1,281,0,11.603300000000001,0,1,1
room_open_c1_s0,1,282,0,10.771699999999999,0,1,1
room_open_c1_s0,1,283,0,10.4938,0,1,1
room_open_c1_s0,1,284,0,10.481199999999999,0,1,1
room_open_c1_s0,1,285,0,10.4368,0,1,1
room_open_c1_s0,1,286,0,10.589,0,1,1
room_open_c1_s0,1,287,0,11.1501,0,1,1
room_open_c1_s0,1,288,0,10.6577,0,1,1
room_open_c1_s1,1,1,1,23.1874,1,1,1
room_open_c1_s1,1,2,1,22.076699999999999,1,1,1
room_open_c1_s1,1,3,1,21.710899999999999,1,1,1
room_open_c1_s1,1,4,1,21.558399999999999,1,1,1
room_open_c1_s1,1,5,1,21.3934,1,1,1
room_open_c1_s1,1,6,1,21.741499999999998,1,1,1
room_open_c1_s1,1,7,1,21.410299999999999,1,1,1
room_open_c1_s1,1,8,1,21.108899999999998,1,1,1
room_open_c1_s1,1,9,1,21.981000000000002,1,1,1
room_open_c1_s1,1,10,1,21.2973,1,1,1
room_open_c1_s1,1,11,1,21.493400000000001,1,1,1
room_open_c1_s1,1,12,1,21.511500000000002,1,1,1
room_open_c1_s1,1,13,1,21.469100000000001,1,1,1
room_open_c1_s1,1,14,1,21.242699999999999,1,1,1
room_open_c1_s1,1,15,1,22.091899999999999,1,1,1
room_open_c1_s1,1,16,1,21.444800000000001,1,1,1
room_open_c1_s1,1,17,1,21.167999999999999,1,1,1
room_open_c1_s1,1,18,1,23.1614,1,1,1
room_open_c1_s1,1,19,1,21.981400000000001,1,1,1
room_open_c1_s1,1,20,1,21.629100000000001,1,1,1
room_open_c1_s1,1,21,1,22.044499999999999,1,1,1
room_open_c1_s1,1,22,1,21.4252,1,1,1
room_open_c1_s1,1,23,1,21.596699999999998,1,1,1
room_open_c1_s1,1,24,1,21.592099999999999,1,1,1
room_open_c1_s1,1,25,1,21.640000000000001,1,1,1
room_open_c1_s1,1,26,1,21.493099999999998,1,1,1
room_open_c1_s1,1,27,1,21.856400000000001,1,1,1
room_open_c1_s1,1,28,1,21.3811,1,1,1
room_open_c1_s1,1,29,1,21.4373,1,1,1
room_open_c1_s1,1,30,1,21.491499999999998,1,1,1
room_open_c1_s1,1,31,1,21.5379,1,1,1
room_open_c1_s1,1,32,1,21.308,1,1,1
room_open_c1_s1,1,33,0,21.8218,1,1,1
room_open_c1_s1,1,34,0,21.561900000000001,1,1,1
room_open_c1_s1,1,35,0,21.8203,1,1,1
room_open_c1_s1,1,36,0,21.8004,1,1,1
room_open_c1_s1,1,37,0,21.734000000000002,1,1,1
room_open_c1_s1,1,38,0,21.464200000000002,1,1,1
room_open_c1_s1,1,39,0,21.845400000000001,1,1,1
room_open_c1_s1,1,40,0,21.599799999999998,1,1,1
room_open_c1_s1,1,41,0,21.4129,1,1,1
room_open_c1_s1,1,42,0,21.354099999999999,1,1,1
room_open_c1_s1,1,43,0,21.5063,1,1,1
room_open_c1_s1,1,44,0,21.517600000000002,1,1,1
room_open_c1_s1,1,45,0,21.862200000000001,1,1,1
room_open_c1_s1,1,46,0,21.9315,1,1,1
room_open_c1_s1,1,47,0,21.4206,1,1,1
room_open_c1_s1,1,48,0,21.610099999999999,1,1,1
room_open_c1_s1,1,49,0,21.698499999999999,1,1,1
room_open_c1_s1,1,50,0,22.027999999999999,1,1,1
room_open_c1_s1,1,51,0,21.560500000000001,1,1,1
room_open_c1_s1,1,52,0,21.847000000000001,1,1,1
room_open_c1_s1,1,53,0,22.392800000000001,1,1,1
room_open_c1_s1,1,54,0,21.785799999999998,1,1,1
room_open_c1_s1,1,55,0,21.831199999999999,1,1,1
room_open_c1_s1,1,56,0,21.738600000000002,1,1,1
room_open_c1_s1,1,57,0,21.8598,1,1,1
room_open_c1_s1,1,58,0,21.878,1,1,1
room_open_c1_s1,1,59,0,21.416799999999999,1,1,1
room_open_c1_s1,1,60,0,21.306100000000001,1,1,1
room_open_c1_s1,1,61,0,21.4589,1,1,1
room_open_c1_s1,1,62,0,21.429300000000001,1,1,1
room_open_c1_s1,1,63,0,21.583400000000001,1,1,1
room_open_c1_s1,1,64,0,21.774799999999999,1,1,1
room_open_c1_s1,1,65,0,21.6709,1,1,1
room_open_c1_s1,1,66,0,21.352499999999999,1,1,1
room_open_c1_s1,1,67,0,21.263300000000001,1,1,1
room_open_c1_s1,1,68,0,21.179099999999998,1,1,1
room_open_c1_s1,1,69,0,21.392700000000001,1,1,1
room_open_c1_s1,1,70,0,21.2776,1,1,1
room_open_c1_s1,1,71,0,21.4206,1,1,1
room_open_c1_s1,1,72,0,21.6373,1,1,1
room_open_c1_s1,1,73,0,21.284300000000002,1,1,1
room_open_c1_s1,1,74,0,21.489799999999999,1,1,1
room_open_c1_s1,1,75,0,21.329799999999999,1,1,1
room_open_c1_s1,1,76,0,21.240600000000001,1,1,1
room_open_c1_s1,1,77,0,21.587700000000002,1,1,1
room_open_c1_s1,1,78,0,21.850200000000001,1,1,1
room_open_c1_s1,1,79,0,21.614100000000001,1,1,1
room_open_c1_s1,1,80,0,21.463899999999999,1,1,1
room_open_c1_s1,1,81,0,21.474699999999999,1,1,1
room_open_c1_s1,1,82,0,21.304500000000001,1,1,1
room_open_c1_s1,1,83,0,21.498799999999999,1,1,1
room_open_c1_s1,1,84,0,21.5793,1,1,1
room_open_c1_s1,1,85,0,21.778500000000001,1,1,1
room_open_c1_s1,1,86,0,21.452100000000002,1,1,1
room_open_c1_s1,1,87,0,21.4238,1,1,1
room_open_c1_s1,1,88,0,21.3719,1,1,1
room_open_c1_s1,1,89,0,21.724599999999999,1,1,1
room_open_c1_s1,1,90,0,21.3596,1,1,1
room_open_c1_s1,1,91,0,21.4131,1,1,1
room_open_c1_s1,1,92,0,21.3386,1,1,1
room_open_c1_s1,1,93,0,21.547899999999998,1,1,1
room_open_c1_s1,1,94,0,21.2576,1,1,1
room_open_c1_s1,1,95,0,21.497,1,1,1
room_open_c1_s1,1,96,0,21.7073,1,1,1
room_open_c1_s1,1,97,0,21.421900000000001,1,1,1
room_open_c1_s1,1,98,0,21.646699999999999,1,1,1
room_open_c1_s1,1,99,0,21.463699999999999,1,1,1
room_open_c1_s1,1,100,0,21.4815,1,1,1
room_open_c1_s1,1,101,0,21.582100000000001,1,1,1
room_open_c1_s1,1,102,0,21.7807,1,1,1
room_open_c1_s1,1,103,0,22.127300000000002,1,1,1
room_open_c1_s1,1,104,0,21.474900000000002,1,1,1
room_open_c1_s1,1,105,0,21.2956,1,1,1
room_open_c1_s1,1,106,0,21.3325,1,1,1
room_open_c1_s1,1,107,0,21.693899999999999,1,1,1
room_open_c1_s1,1,108,0,21.368300000000001,1,1,1
room_open_c1_s1,1,109,0,21.716999999999999,1,1,1
room_open_c1_s1,1,110,0,21.485199999999999,1,1,1
room_open_c1_s1,1,111,0,21.450500000000002,1,1,1
room_open_c1_s1,1,112,0,21.347200000000001,1,1,1
room_open_c1_s1,1,113,0,21.690999999999999,1,1,1
room_open_c1_s1,1,114,0,21.5213,1,1,1
room_open_c1_s1,1,115,0,21.350100000000001,1,1,1
room_open_c1_s1,1,116,0,21.482700000000001,1,1,1
room_open_c1_s1,1,117,0,21.331099999999999,1,1,1
room_open_c1_s1,1,118,0,21.799499999999998,1,1,1
room_open_c1_s1,1,119,0,21.718,1,1,1
room_open_c1_s1,1,120,0,21.402000000000001,1,1,1
room_open_c1_s1,1,121,0,21.3508,1,1,1
room_open_c1_s1,1,122,0,21.337900000000001,1,1,1
room_open_c1_s1,1,123,0,21.423200000000001,1,1,1
room_open_c1_s1,1,124,0,21.7194,1,1,1
room_open_c1_s1,1,125,0,21.540099999999999,1,1,1
room_open_c1_s1,1,126,0,21.263999999999999,1,1,1
room_open_c1_s1,1,127,0,21.269500000000001,1,1,1
room_open_c1_s1,1,128,0,21.407299999999999,1,1,1
room_open_c1_s1,1,129,0,22.892700000000001,1,1,1
room_open_c1_s1,1,130,0,21.390000000000001,1,1,1
room_open_c1_s1,1,131,0,21.5185,1,1,1
room_open_c1_s1,1,132,0,21.333600000000001,1,1,1
room_open_c1_s1,1,133,0,21.644100000000002,1,1,1
room_open_c1_s1,1,134,0,21.789999999999999,1,1,1
room_open_c1_s1,1,135,0,21.461400000000001,1,1,1
room_open_c1_s1,1,136,0,21.207899999999999,1,1,1
room_open_c1_s1,1,137,0,21.710899999999999,1,1,1
room_open_c1_s1,1,138,0,21.427399999999999,1,1,1
room_open_c1_s1,1,139,0,21.3811,1,1,1
room_open_c1_s1,1,140,0,21.435700000000001,1,1,1
room_open_c1_s1,1,141,0,21.343,1,1,1
room_open_c1_s1,1,142,0,21.34,1,1,1
room_open_c1_s1,1,143,0,21.555499999999999,1,1,1
room_open_c1_s1,1,144,0,21.4956,1,1,1
room_open_c1_s1,1,145,0,21.879200000000001,1,1,1
room_open_c1_s1,1,146,0,21.4453,1,1,1
room_open_c1_s1,1,147,0,21.079599999999999,1,1,1
room_open_c1_s1,1,148,0,21.402899999999999,1,1,1
room_open_c1_s1,1,149,0,21.4879,1,1,1
room_open_c1_s1,1,150,0,21.538699999999999,1,1,1
room_open_c1_s1,1,151,0,22.128900000000002,1,1,1
room_open_c1_s1,1,152,0,22.935300000000002,1,1,1
room_open_c1_s1,1,153,0,21.520900000000001,1,1,1
room_open_c1_s1,1,154,0,21.4054,1,1,1
room_open_c1_s1,1,155,0,23.598199999999999,1,1,1
room_open_c1_s1,1,156,0,21.506499999999999,1,1,1
room_open_c1_s1,1,157,0,21.397200000000002,1,1,1
room_open_c1_s1,1,158,0,21.937100000000001,1,1,1
room_open_c1_s1,1,159,0,21.2986,1,1,1
room_open_c1_s1,1,160,0,21.624600000000001,1,1,1
room_open_c1_s1,1,161,0,21.670000000000002,1,1,1
room_open_c1_s1,1,162,0,21.738399999999999,1,1,1
room_open_c1_s1,1,163,0,21.493500000000001,1,1,1
room_open_c1_s1,1,164,0,21.7864,1,1,1
room_open_c1_s1,1,165,0,21.341899999999999,1,1,1
room_open_c1_s1,1,166,0,21.32,1,1,1
room_open_c1_s1,1,167,0,21.8294,1,1,1
room_open_c1_s1,1,168,0,21.888300000000001,1,1,1
room_open_c1_s1,1,169,0,21.542300000000001,1,1,1
room_open_c1_s1,1,170,0,22.1007,1,1,1
room_open_c1_s1,1,171,0,22.189,1,1,1
room_open_c1_s1,1,172,0,21.728899999999999,1,1,1
room_open_c1_s1,1,173,0,21.6037,1,1,1
room_open_c1_s1,1,174,0,22.287800000000001,1,1,1
room_open_c1_s1,1,175,0,21.781700000000001,1,1,1
room_open_c1_s1,1,176,0,21.7193,1,1,1
room_open_c1_s1,1,177,0,21.268000000000001,1,1,1
room_open_c1_s1,1,178,0,21.7194,1,1,1
room_open_c1_s1,1,179,0,21.430700000000002,1,1,1
room_open_c1_s1,1,180,0,21.4251,1,1,1
room_open_c1_s1,1,181,0,21.2714,1,1,1
room_open_c1_s1,1,182,0,21.374199999999998,1,1,1
room_open_c1_s1,1,183,0,21.461600000000001,1,1,1
room_open_c1_s1,1,184,0,21.600999999999999,1,1,1
room_open_c1_s1,1,185,0,21.433199999999999,1,1,1
room_open_c1_s1,1,186,0,21.168600000000001,1,1,1
room_open_c1_s1,1,187,0,21.764299999999999,1,1,1
room_open_c1_s1,1,188,0,21.487300000000001,1,1,1
room_open_c1_s1,1,189,0,21.357299999999999,1,1,1
room_open_c1_s1,1,190,0,21.749099999999999,1,1,1
room_open_c1_s1,1,191,0,21.6082,1,1,1
room_open_c1_s1,1,192,0,21.8323,1,1,1
room_open_c1_s1,1,193,0,21.805099999999999,1,1,1
room_open_c1_s1,1,194,0,21.7057,1,1,1
room_open_c1_s1,1,195,0,21.754899999999999,1,1,1
room_open_c1_s1,1,196,0,21.355799999999999,1,1,1
room_open_c1_s1,1,197,0,21.455100000000002,1,1,1
room_open_c1_s1,1,198,0,21.640000000000001,1,1,1
room_open_c1_s1,1,199,0,21.776599999999998,1,1,1
room_open_c1_s1,1,200,0,21.998000000000001,1,1,1
room_open_c1_s1,1,201,0,21.898900000000001,1,1,1
room_open_c1_s1,1,202,0,21.408000000000001,1,1,1
room_open_c1_s1,1,203,0,21.652699999999999,1,1,1
room_open_c1_s1,1,204,0,22.097000000000001,1,1,1
room_open_c1_s1,1,205,0,21.307200000000002,1,1,1
room_open_c1_s1,1,206,0,21.253900000000002,1,1,1
room_open_c1_s1,1,207,0,21.480599999999999,1,1,1
room_open_c1_s1,1,208,0,21.3278,1,1,1
room_open_c1_s1,1,209,0,21.301200000000001,1,1,1
room_open_c1_s1,1,210,0,21.609000000000002,1,1,1
room_open_c1_s1,1,211,0,21.665700000000001,1,1,1
room_open_c1_s1,1,212,0,21.515599999999999,1,1,1
room_open_c1_s1,1,213,0,21.708600000000001,1,1,1
room_open_c1_s1,1,214,0,21.3843,1,1,1
room_open_c1_s1,1,215,0,21.6815,1,1,1
room_open_c1_s1,1,216,0,21.627400000000002,1,1,1
room_open_c1_s1,1,217,0,21.370000000000001,1,1,1
room_open_c1_s1,1,218,0,21.346499999999999,1,1,1
room_open_c1_s1,1,219,0,21.5092,1,1,1
room_open_c1_s1,1,220,0,22.401900000000001,1,1,1
room_open_c1_s1,1,221,0,21.8245,1,1,1
room_open_c1_s1,1,222,0,21.744199999999999,1,1,1
room_open_c1_s1,1,223,0,21.625900000000001,1,1,1
room_open_c1_s1,1,224,0,21.8004,1,1,1
room_open_c1_s1,1,225,0,21.9314,1,1,1
room_open_c1_s1,1,226,0,21.346900000000002,1,1,1
room_open_c1_s1,1,227,0,21.378900000000002,1,1,1
room_open_c1_s1,1,228,0,21.3262,1,1,1
room_open_c1_s1,1,229,0,21.380299999999998,1,1,1
room_open_c1_s1,1,230,0,21.316199999999998,1,1,1
room_open_c1_s1,1,231,0,21.694500000000001,1,1,1
room_open_c1_s1,1,232,0,21.4361,1,1,1
room_open_c1_s1,1,233,0,21.268999999999998,1,1,1
room_open_c1_s1,1,234,0,21.537800000000001,1,1,1
room_open_c1_s1,1,235,0,21.2605,1,1,1
room_open_c1_s1,1,236,0,21.575299999999999,1,1,1
room_open_c1_s1,1,237,0,21.6358,1,1,1
room_open_c1_s1,1,238,0,21.806899999999999,1,1,1
room_open_c1_s1,1,239,0,21.840699999999998,1,1,1
room_open_c1_s1,1,240,0,21.439299999999999,1,1,1
room_open_c1_s1,1,241,0,21.421800000000001,1,1,1
room_open_c1_s1,1,242,0,21.374700000000001,1,1,1
room_open_c1_s1,1,243,0,22.007000000000001,1,1,1
room_open_c1_s1,1,244,0,21.554099999999998,1,1,1
room_open_c1_s1,1,245,0,21.4938,1,1,1
room_open_c1_s1,1,246,0,21.475100000000001,1,1,1
room_open_c1_s1,1,247,0,21.282800000000002,1,1,1
room_open_c1_s1,1,248,0,21.158799999999999,1,1,1
room_open_c1_s1,1,249,0,21.921399999999998,1,1,1
room_open_c1_s1,1,250,0,21.208600000000001,1,1,1
room_open_c1_s1,1,251,0,21.256,1,1,1
room_open_c1_s1,1,252,0,21.543600000000001,1,1,1
room_open_c1_s1,1,253,0,21.243099999999998,1,1,1
room_open_c1_s1,1,254,0,21.260300000000001,1,1,1
room_open_c1_s1,1,255,0,21.483699999999999,1,1,1
room_open_c1_s1,1,256,0,21.5869,1,1,1
room_open_c1_s1,1,257,0,21.570599999999999,1,1,1
room_open_c1_s1,1,258,0,21.600000000000001,1,1,1
room_open_c1_s1,1,259,0,21.376999999999999,1,1,1
room_open_c1_s1,1,260,0,21.283000000000001,1,1,1
room_open_c1_s1,1,261,0,21.423999999999999,1,1,1
room_open_c1_s1,1,262,0,21.294799999999999,1,1,1
room_open_c1_s1,1,263,0,21.373000000000001,1,1,1
room_open_c1_s1,1,264,0,21.652000000000001,1,1,1
room_open_c1_s1,1,265,0,21.717500000000001,1,1,1
room_open_c1_s1,1,266,0,21.436800000000002,1,1,1
room_open_c1_s1,1,267,0,21.340399999999999,1,1,1
room_open_c1_s1,1,268,0,21.431100000000001,1,1,1
room_open_c1_s1,1,269,0,21.2454,1,1,1
room_open_c1_s1,1,270,0,21.727699999999999,1,1,1
room_open_c1_s1,1,271,0,21.3371,1,1,1
room_open_c1_s1,1,272,0,21.3429,1,1,1
room_open_c1_s1,1,273,0,21.644600000000001,1,1,1
room_open_c1_s1,1,274,0,21.332100000000001,1,1,1
room_open_c1_s1,1,275,0,21.2684,1,1,1
room_open_c1_s1,1,276,0,21.577000000000002,1,1,1
room_open_c1_s1,1,277,0,21.301100000000002,1,1,1
room_open_c1_s1,1,278,0,21.340499999999999,1,1,1
room_open_c1_s1,1,279,0,21.397300000000001,1,1,1
room_open_c1_s1,1,280,0,21.3535,1,1,1
room_open_c1_s1,1,281,0,21.468699999999998,1,1,1
room_open_c1_s1,1,282,0,21.5107,1,1,1
room_open_c1_s1,1,283,0,21.322099999999999,1,1,1
room_open_c1_s1,1,284,0,21.485499999999998,1,1,1
room_open_c1_s1,1,285,0,21.5397,1,1,1
room_open_c1_s1,1,286,0,21.283200000000001,1,1,1
room_open_c1_s1,1,287,0,21.669599999999999,1,1,1
room_open_c1_s1,1,288,0,21.554600000000001,1,1,1
room_closed_c0_s0,1,1,1,6.8361000000000001,0,0,1
room_closed_c0_s0,1,2,1,6.2995999999999999,0,0,1
room_closed_c0_s0,1,3,1,5.8680000000000003,0,0,1
room_closed_c0_s0,1,4,1,6.4732000000000003,0,0,1
room_closed_c0_s0,1,5,1,6.1860999999999997,0,0,1
room_closed_c0_s0,1,6,1,6.1875999999999998,0,0,1
room_closed_c0_s0,1,7,1,6.3322000000000003,0,0,1
room_closed_c0_s0,1,8,1,6.1506999999999996,0,0,1
room_closed_c0_s0,1,9,1,6.1651999999999996,0,0,1
room_closed_c0_s0,1,10,1,6.2690000000000001,0,0,1
room_closed_c0_s0,1,11,1,6.1364000000000001,0,0,1
room_closed_c0_s0,1,12,1,6.1688000000000001,0,0,1
room_closed_c0_s0,1,13,1,6.1384999999999996,0,0,1
room_closed_c0_s0,1,14,1,6.1761999999999997,0,0,1
room_closed_c0_s0,1,15,1,6.1463999999999999,0,0,1
room_closed_c0_s0,1,16,1,6.1664000000000003,0,0,1
room_closed_c0_s0,1,17,1,6.1856,0,0,1
room_closed_c0_s0,1,18,1,6.1569000000000003,0,0,1
room_closed_c0_s0,1,19,1,6.3692000000000002,0,0,1
room_closed_c0_s0,1,20,1,6.1692999999999998,0,0,1
room_closed_c0_s0,1,21,1,6.1933999999999996,0,0,1
room_closed_c0_s0,1,22,1,6.2851999999999997,0,0,1
room_closed_c0_s0,1,23,1,6.1619999999999999,0,0,1
room_closed_c0_s0,1,24,1,6.1691000000000003,0,0,1
room_closed_c0_s0,1,25,1,6.3301999999999996,0,0,1
room_closed_c0_s0,1,26,1,6.1714000000000002,0,0,1
room_closed_c0_s0,1,27,1,6.1650999999999998,0,0,1
room_closed_c0_s0,1,28,1,6.3219000000000003,0,0,1
room_closed_c0_s0,1,29,1,6.2419000000000002,0,0,1
room_closed_c0_s0,1,30,1,6.3091999999999997,0,0,1
room_closed_c0_s0,1,31,1,6.3762999999999996,0,0,1
room_closed_c0_s0,1,32,1,6.3327,0,0,1
room_closed_c0_s0,1,33,0,6.1825999999999999,0,0,1
room_closed_c0_s0,1,34,0,6.3414999999999999,0,0,1
room_closed_c0_s0,1,35,0,6.1635999999999997,0,0,1
room_closed_c0_s0,1,36,0,6.1817000000000002,0,0,1
room_closed_c0_s0,1,37,0,6.3475999999999999,0,0,1
room_closed_c0_s0,1,38,0,6.1604999999999999,0,0,1
room_closed_c0_s0,1,39,0,6.1395,0,0,1
room_closed_c0_s0,1,40,0,6.3467000000000002,0,0,1
room_closed_c0_s0,1,41,0,6.3742999999999999,0,0,1
room_closed_c0_s0,1,42,0,6.1660000000000004,0,0,1
room_closed_c0_s0,1,43,0,6.3574999999999999,0,0,1
room_closed_c0_s0,1,44,0,6.2111999999999998,0,0,1
room_closed_c0_s0,1,45,0,6.3600000000000003,0,0,1
room_closed_c0_s0,1,46,0,6.4275000000000002,0,0,1
room_closed_c0_s0,1,47,0,6.3630000000000004,0,0,1
room_closed_c0_s0,1,48,0,6.4474999999999998,0,0,1
room_closed_c0_s0,1,49,0,6.3339999999999996,0,0,1
room_closed_c0_s0,1,50,0,6.1860999999999997,0,0,1
room_closed_c0_s0,1,51,0,6.3451000000000004,0,0,1
room_closed_c0_s0,1,52,0,6.3357000000000001,0,0,1
room_closed_c0_s0,1,53,0,6.1651999999999996,0,0,1
room_closed_c0_s0,1,54,0,6.1536999999999997,0,0,1
room_closed_c0_s0,1,55,0,6.1401000000000003,0,0,1
room_closed_c0_s0,1,56,0,6.1715,0,0,1
room_closed_c0_s0,1,57,0,6.1680000000000001,0,0,1
room_closed_c0_s0,1,58,0,6.1737000000000002,0,0,1
room_closed_c0_s0,1,59,0,6.1746999999999996,0,0,1
room_closed_c0_s0,1,60,0,6.1665999999999999,0,0,1
room_closed_c0_s0,1,61,0,6.1574999999999998,0,0,1
room_closed_c0_s0,1,62,0,6.3658999999999999,0,0,1
room_closed_c0_s0,1,63,0,6.1414999999999997,0,0,1
room_closed_c0_s0,1,64,0,6.1520000000000001,0,0,1
room_closed_c0_s0,1,65,0,6.3373999999999997,0,0,1
room_closed_c0_s0,1,66,0,6.1635,0,0,1
room_closed_c0_s0,1,67,0,6.1631,0,0,1
room_closed_c0_s0,1,68,0,6.2948000000000004,0,0,1
room_closed_c0_s0,1,69,0,6.1571999999999996,0,0,1
room_closed_c0_s0,1,70,0,6.2525000000000004,0,0,1
room_closed_c0_s0,1,71,0,6.5317999999999996,0,0,1
room_closed_c0_s0,1,72,0,6.3296000000000001,0,0,1
room_closed_c0_s0,1,73,0,6.3852000000000002,0,0,1
room_closed_c0_s0,1,74,0,6.5049000000000001,0,0,1
room_closed_c0_s0,1,75,0,6.3257000000000003,0,0,1
room_closed_c0_s0,1,76,0,6.3446999999999996,0,0,1
room_closed_c0_s0,1,77,0,6.5860000000000003,0,0,1
room_closed_c0_s0,1,78,0,6.5042999999999997,0,0,1
room_closed_c0_s0,1,79,0,6.3446999999999996,0,0,1
room_closed_c0_s0,1,80,0,6.5620000000000003,0,0,1
room_closed_c0_s0,1,81,0,6.3597999999999999,0,0,1
room_closed_c0_s0,1,82,0,6.3453999999999997,0,0,1
room_closed_c0_s0,1,83,0,6.4611999999999998,0,0,1
room_closed_c0_s0,1,84,0,6.3456000000000001,0,0,1
room_closed_c0_s0,1,85,0,6.3585000000000003,0,0,1
room_closed_c0_s0,1,86,0,6.4645999999999999,0,0,1
room_closed_c0_s0,1,87,0,6.3531000000000004,0,0,1
room_closed_c0_s0,1,88,0,6.3571,0,0,1
room_closed_c0_s0,1,89,0,6.5355999999999996,0,0,1
room_closed_c0_s0,1,90,0,6.3611000000000004,0,0,1
room_closed_c0_s0,1,91,0,6.3582999999999998,0,0,1
room_closed_c0_s0,1,92,0,6.5787000000000004,0,0,1
room_closed_c0_s0,1,93,0,6.3525999999999998,0,0,1
room_closed_c0_s0,1,94,0,6.3640999999999996,0,0,1
room_closed_c0_s0,1,95,0,6.5430000000000001,0,0,1
room_closed_c0_s0,1,96,0,6.3338999999999999,0,0,1
room_closed_c0_s0,1,97,0,6.3695000000000004,0,0,1
room_closed_c0_s0,1,98,0,6.5450999999999997,0,0,1
room_closed_c0_s0,1,99,0,6.3291000000000004,0,0,1
room_closed_c0_s0,1,100,0,6.3644999999999996,0,0,1
room_closed_c0_s0,1,101,0,6.5293999999999999,0,0,1
room_closed_c0_s0,1,102,0,6.3371000000000004,0,0,1
room_closed_c0_s0,1,103,0,6.3548,0,0,1
room_closed_c0_s0,1,104,0,6.3696000000000002,0,0,1
room_closed_c0_s0,1,105,0,6.3292999999999999,0,0,1
room_closed_c0_s0,1,106,0,6.3818000000000001,0,0,1
room_closed_c0_s0,1,107,0,6.3776000000000002,0,0,1
room_closed_c0_s0,1,108,0,6.4004000000000003,0,0,1
room_closed_c0_s0,1,109,0,6.3964999999999996,0,0,1
room_closed_c0_s0,1,110,0,6.4077999999999999,0,0,1
room_closed_c0_s0,1,111,0,6.4966999999999997,0,0,1
room_closed_c0_s0,1,112,0,6.3757999999999999,0,0,1
room_closed_c0_s0,1,113,0,6.3883999999999999,0,0,1
room_closed_c0_s0,1,114,0,6.4934000000000003,0,0,1
room_closed_c0_s0,1,115,0,6.4138000000000002,0,0,1
room_closed_c0_s0,1,116,0,6.3834,0,0,1
room_closed_c0_s0,1,117,0,6.5011999999999999,0,0,1
room_closed_c0_s0,1,118,0,6.3780999999999999,0,0,1
room_closed_c0_s0,1,119,0,6.4047000000000001,0,0,1
room_closed_c0_s0,1,120,0,6.4782000000000002,0,0,1
room_closed_c0_s0,1,121,0,6.3978000000000002,0,0,1
room_closed_c0_s0,1,122,0,6.3811999999999998,0,0,1
room_closed_c0_s0,1,123,0,6.4703999999999997,0,0,1
room_closed_c0_s0,1,124,0,6.3800999999999997,0,0,1
room_closed_c0_s0,1,125,0,6.3993000000000002,0,0,1
room_closed_c0_s0,1,126,0,6.5007999999999999,0,0,1
room_closed_c0_s0,1,127,0,6.3653000000000004,0,0,1
room_closed_c0_s0,1,128,0,6.3838999999999997,0,0,1
room_closed_c0_s0,1,129,0,6.4809000000000001,0,0,1
room_closed_c0_s0,1,130,0,6.3803999999999998,0,0,1
room_closed_c0_s0,1,131,0,6.4077000000000002,0,0,1
room_closed_c0_s0,1,132,0,6.3757999999999999,0,0,1
room_closed_c0_s0,1,133,0,6.3525,0,0,1
room_closed_c0_s0,1,134,0,6.3779000000000003,0,0,1
room_closed_c0_s0,1,135,0,6.3982000000000001,0,0,1
room_closed_c0_s0,1,136,0,6.3688000000000002,0,0,1
room_closed_c0_s0,1,137,0,6.3672000000000004,0,0,1
room_closed_c0_s0,1,138,0,6.3791000000000002,0,0,1
room_closed_c0_s0,1,139,0,6.4915000000000003,0,0,1
room_closed_c0_s0,1,140,0,6.3944000000000001,0,0,1
room_closed_c0_s0,1,141,0,6.3422999999999998,0,0,1
room_closed_c0_s0,1,142,0,6.4808000000000003,0,0,1
room_closed_c0_s0,1,143,0,6.3657000000000004,0,0,1
room_closed_c0_s0,1,144,0,6.3849999999999998,0,0,1
room_closed_c0_s0,1,145,0,6.4964000000000004,0,0,1
room_closed_c0_s0,1,146,0,6.3787000000000003,0,0,1
room_closed_c0_s0,1,147,0,6.3723000000000001,0,0,1
room_closed_c0_s0,1,148,0,6.4961000000000002,0,0,1
room_closed_c0_s0,1,149,0,6.3956999999999997,0,0,1
room_closed_c0_s0,1,150,0,6.4218000000000002,0,0,1
room_closed_c0_s0,1,151,0,6.4960000000000004,0,0,1
room_closed_c0_s0,1,152,0,6.3841999999999999,0,0,1
room_closed_c0_s0,1,153,0,6.3480999999999996,0,0,1
room_closed_c0_s0,1,154,0,6.4881000000000002,0,0,1
room_closed_c0_s0,1,155,0,6.3727999999999998,0,0,1
room_closed_c0_s0,1,156,0,6.3712999999999997,0,0,1
room_closed_c0_s0,1,157,0,6.4932999999999996,0,0,1
room_closed_c0_s0,1,158,0,6.3811,0,0,1
room_closed_c0_s0,1,159,0,6.3620999999999999,0,0,1
room_closed_c0_s0,1,160,0,6.3747999999999996,0,0,1
room_closed_c0_s0,1,161,0,6.4042000000000003,0,0,1
room_closed_c0_s0,1,162,0,6.3632,0,0,1
room_closed_c0_s0,1,163,0,6.3646000000000003,0,0,1
room_closed_c0_s0,1,164,0,6.3872,0,0,1
room_closed_c0_s0,1,165,0,6.3661000000000003,0,0,1
room_closed_c0_s0,1,166,0,6.4650999999999996,0,0,1
room_closed_c0_s0,1,167,0,6.4729999999999999,0,0,1
room_closed_c0_s0,1,168,0,6.4010999999999996,0,0,1
room_closed_c0_s0,1,169,0,6.3962000000000003,0,0,1
room_closed_c0_s0,1,170,0,6.6422999999999996,0,0,1
room_closed_c0_s0,1,171,0,6.3811,0,0,1
room_closed_c0_s0,1,172,0,6.3699000000000003,0,0,1
room_closed_c0_s0,1,173,0,6.5892999999999997,0,0,1
room_closed_c0_s0,1,174,0,6.4146000000000001,0,0,1
room_closed_c0_s0,1,175,0,6.3482000000000003,0,0,1
room_closed_c0_s0,1,176,0,6.5949,0,0,1
room_closed_c0_s0,1,177,0,6.3739999999999997,0,0,1
room_closed_c0_s0,1,178,0,6.4039999999999999,0,0,1
room_closed_c0_s0,1,179,0,6.6045999999999996,0,0,1
room_closed_c0_s0,1,180,0,6.4036999999999997,0,0,1
room_closed_c0_s0,1,181,0,6.4419000000000004,0,0,1
room_closed_c0_s0,1,182,0,6.6163999999999996,0,0,1
room_closed_c0_s0,1,183,0,6.4101999999999997,0,0,1
room_closed_c0_s0,1,184,0,6.4303999999999997,0,0,1
room_closed_c0_s0,1,185,0,6.5762999999999998,0,0,1
room_closed_c0_s0,1,186,0,6.4268000000000001,0,0,1
room_closed_c0_s0,1,187,0,6.4077000000000002,0,0,1
room_closed_c0_s0,1,188,0,6.4192,0,0,1
room_closed_c0_s0,1,189,0,6.4008000000000003,0,0,1
room_closed_c0_s0,1,190,0,6.4089999999999998,0,0,1
room_closed_c0_s0,1,191,0,6.4095000000000004,0,0,1
room_closed_c0_s0,1,192,0,6.4141000000000004,0,0,1
room_closed_c0_s0,1,193,0,6.3887999999999998,0,0,1
room_closed_c0_s0,1,194,0,6.4260999999999999,0,0,1
room_closed_c0_s0,1,195,0,6.5381,0,0,1
room_closed_c0_s0,1,196,0,6.4196,0,0,1
room_closed_c0_s0,1,197,0,6.4170999999999996,0,0,1
room_closed_c0_s0,1,198,0,6.6173999999999999,0,0,1
room_closed_c0_s0,1,199,0,6.4036,0,0,1
room_closed_c0_s0,1,200,0,6.4244000000000003,0,0,1
room_closed_c0_s0,1,201,0,6.6649000000000003,0,0,1
room_closed_c0_s0,1,202,0,6.4071999999999996,0,0,1
room_closed_c0_s0,1,203,0,6.4066000000000001,0,0,1
room_closed_c0_s0,1,204,0,6.5972999999999997,0,0,1
room_closed_c0_s0,1,205,0,6.407,0,0,1
room_closed_c0_s0,1,206,0,6.4385000000000003,0,0,1
room_closed_c0_s0,1,207,0,6.6144999999999996,0,0,1
room_closed_c0_s0,1,208,0,6.4199000000000002,0,0,1
room_closed_c0_s0,1,209,0,6.431,0,0,1
room_closed_c0_s0,1,210,0,6.6283000000000003,0,0,1
room_closed_c0_s0,1,211,0,6.4185999999999996,0,0,1
room_closed_c0_s0,1,212,0,6.4127000000000001,0,0,1
room_closed_c0_s0,1,213,0,6.6174999999999997,0,0,1
room_closed_c0_s0,1,214,0,6.4329000000000001,0,0,1
room_closed_c0_s0,1,215,0,6.3952,0,0,1
room_closed_c0_s0,1,216,0,6.6197999999999997,0,0,1
room_closed_c0_s0,1,217,0,6.4082999999999997,0,0,1
room_closed_c0_s0,1,218,0,6.4134000000000002,0,0,1
room_closed_c0_s0,1,219,0,6.6071999999999997,0,0,1
room_closed_c0_s0,1,220,0,6.4126000000000003,0,0,1
room_closed_c0_s0,1,221,0,6.4298999999999999,0,0,1
room_closed_c0_s0,1,222,0,6.5895000000000001,0,0,1
room_closed_c0_s0,1,223,0,6.4204999999999997,0,0,1
room_closed_c0_s0,1,224,0,6.4579000000000004,0,0,1
room_closed_c0_s0,1,225,0,6.5433000000000003,0,0,1
room_closed_c0_s0,1,226,0,6.4108000000000001,0,0,1
room_closed_c0_s0,1,227,0,6.4635999999999996,0,0,1
room_closed_c0_s0,1,228,0,6.5491000000000001,0,0,1
room_closed_c0_s0,1,229,0,6.4047999999999998,0,0,1
room_closed_c0_s0,1,230,0,6.4368999999999996,0,0,1
room_closed_c0_s0,1,231,0,6.6120999999999999,0,0,1
room_closed_c0_s0,1,232,0,6.4196,0,0,1
room_closed_c0_s0,1,233,0,6.4678000000000004,0,0,1
room_closed_c0_s0,1,234,0,6.6275000000000004,0,0,1
room_closed_c0_s0,1,235,0,6.4156000000000004,0,0,1
room_closed_c0_s0,1,236,0,6.4360999999999997,0,0,1
room_closed_c0_s0,1,237,0,6.4180999999999999,0,0,1
room_closed_c0_s0,1,238,0,6.4249000000000001,0,0,1
room_closed_c0_s0,1,239,0,6.399,0,0,1
room_closed_c0_s0,1,240,0,6.4279000000000002,0,0,1
room_closed_c0_s0,1,241,0,6.4017999999999997,0,0,1
room_closed_c0_s0,1,242,0,6.4145000000000003,0,0,1
room_closed_c0_s0,1,243,0,6.3951000000000002,0,0,1
room_closed_c0_s0,1,244,0,6.5654000000000003,0,0,1
room_closed_c0_s0,1,245,0,6.4233000000000002,0,0,1
room_closed_c0_s0,1,246,0,6.4006999999999996,0,0,1
room_closed_c0_s0,1,247,0,6.5351999999999997,0,0,1
room_closed_c0_s0,1,248,0,6.4218000000000002,0,0,1
room_closed_c0_s0,1,249,0,6.3962000000000003,0,0,1
room_closed_c0_s0,1,250,0,6.5382999999999996,0,0,1
room_closed_c0_s0,1,251,0,6.4181999999999997,0,0,1
room_closed_c0_s0,1,252,0,6.4181999999999997,0,0,1
room_closed_c0_s0,1,253,0,6.5065,0,0,1
room_closed_c0_s0,1,254,0,6.4059999999999997,0,0,1
room_closed_c0_s0,1,255,0,6.4055,0,0,1
room_closed_c0_s0,1,256,0,6.7096,0,0,1
room_closed_c0_s0,1,257,0,6.4032,0,0,1
room_closed_c0_s0,1,258,0,6.3978000000000002,0,0,1
room_closed_c0_s0,1,259,0,6.6093999999999999,0,0,1
room_closed_c0_s0,1,260,0,6.5401999999999996,0,0,1
room_closed_c0_s0,1,261,0,6.4024000000000001,0,0,1
room_closed_c0_s0,1,262,0,6.6985000000000001,0,0,1
room_closed_c0_s0,1,263,0,6.4089999999999998,0,0,1
room_closed_c0_s0,1,264,0,6.4180000000000001,0,0,1
room_closed_c0_s0,1,265,0,6.6787000000000001,0,0,1
room_closed_c0_s0,1,266,0,6.4192,0,0,1
room_closed_c0_s0,1,267,0,6.3981000000000003,0,0,1
room_closed_c0_s0,1,268,0,6.6289999999999996,0,0,1
room_closed_c0_s0,1,269,0,6.3864000000000001,0,0,1
room_closed_c0_s0,1,270,0,6.5477999999999996,0,0,1
room_closed_c0_s0,1,271,0,6.6204000000000001,0,0,1
room_closed_c0_s0,1,272,0,6.4196,0,0,1
room_closed_c0_s0,1,273,0,6.4081000000000001,0,0,1
room_closed_c0_s0,1,274,0,6.6028000000000002,0,0,1
room_closed_c0_s0,1,275,0,6.4421999999999997,0,0,1
room_closed_c0_s0,1,276,0,6.4238999999999997,0,0,1
room_closed_c0_s0,1,277,0,6.6044,0,0,1
room_closed_c0_s0,1,278,0,6.4177999999999997,0,0,1
room_closed_c0_s0,1,279,0,6.4217000000000004,0,0,1
room_closed_c0_s0,1,280,0,6.6933999999999996,0,0,1
room_closed_c0_s0,1,281,0,6.4031000000000002,0,0,1
room_closed_c0_s0,1,282,0,6.4199999999999999,0,0,1
room_closed_c0_s0,1,283,0,6.6069000000000004,0,0,1
room_closed_c0_s0,1,284,0,6.4516,0,0,1
room_closed_c0_s0,1,285,0,6.4306999999999999,0,0,1
room_closed_c0_s0,1,286,0,6.5457999999999998,0,0,1
room_closed_c0_s0,1,287,0,6.4139999999999997,0,0,1
room_closed_c0_s0,1,288,0,6.4230999999999998,0,0,1
room_closed_c0_s1,1,1,1,20.958300000000001,1,0,1
room_closed_c0_s1,1,2,1,20.2073,1,0,1
room_closed_c0_s1,1,3,1,20.842099999999999,1,0,1
room_closed_c0_s1,1,4,1,20.538499999999999,1,0,1
room_closed_c0_s1,1,5,1,20.634399999999999,1,0,1
room_closed_c0_s1,1,6,1,18.9129,1,0,1
room_closed_c0_s1,1,7,1,19.265699999999999,1,0,1
room_closed_c0_s1,1,8,1,18.770099999999999,1,0,1
room_closed_c0_s1,1,9,1,18.5947,1,0,1
room_closed_c0_s1,1,10,1,19.041499999999999,1,0,1
room_closed_c0_s1,1,11,1,18.687100000000001,1,0,1
room_closed_c0_s1,1,12,1,18.711200000000002,1,0,1
room_closed_c0_s1,1,13,1,18.8475,1,0,1
room_closed_c0_s1,1,14,1,18.551300000000001,1,0,1
room_closed_c0_s1,1,15,1,18.6572,1,0,1
room_closed_c0_s1,1,16,1,18.762,1,0,1
room_closed_c0_s1,1,17,1,18.602799999999998,1,0,1
room_closed_c0_s1,1,18,1,18.615300000000001,1,0,1
room_closed_c0_s1,1,19,1,18.6816,1,0,1
room_closed_c0_s1,1,20,1,18.553799999999999,1,0,1
room_closed_c0_s1,1,21,1,18.507100000000001,1,0,1
room_closed_c0_s1,1,22,1,18.6692,1,0,1
room_closed_c0_s1,1,23,1,18.577300000000001,1,0,1
room_closed_c0_s1,1,24,1,18.585599999999999,1,0,1
room_closed_c0_s1,1,25,1,19.398700000000002,1,0,1
room_closed_c0_s1,1,26,1,18.775099999999998,1,0,1
room_closed_c0_s1,1,27,1,18.703399999999998,1,0,1
room_closed_c0_s1,1,28,1,18.647400000000001,1,0,1
room_closed_c0_s1,1,29,1,19.417400000000001,1,0,1
room_closed_c0_s1,1,30,1,19.418099999999999,1,0,1
room_closed_c0_s1,1,31,1,19.1175,1,0,1
room_closed_c0_s1,1,32,1,19.175899999999999,1,0,1
room_closed_c0_s1,1,33,0,19.099599999999999,1,0,1
room_closed_c0_s1,1,34,0,19.0654,1,0,1
room_closed_c0_s1,1,35,0,18.6675,1,0,1
room_closed_c0_s1,1,36,0,18.641500000000001,1,0,1
room_closed_c0_s1,1,37,0,19.008800000000001,1,0,1
room_closed_c0_s1,1,38,0,18.751200000000001,1,0,1
room_closed_c0_s1,1,39,0,18.696899999999999,1,0,1
room_closed_c0_s1,1,40,0,18.8353,1,0,1
room_closed_c0_s1,1,41,0,18.7058,1,0,1
room_closed_c0_s1,1,42,0,18.600999999999999,1,0,1
room_closed_c0_s1,1,43,0,18.846800000000002,1,0,1
room_closed_c0_s1,1,44,0,18.6858,1,0,1
room_closed_c0_s1,1,45,0,18.677,1,0,1
room_closed_c0_s1,1,46,0,18.583500000000001,1,0,1
room_closed_c0_s1,1,47,0,18.543099999999999,1,0,1
room_closed_c0_s1,1,48,0,18.6813,1,0,1
room_closed_c0_s1,1,49,0,18.527899999999999,1,0,1
room_closed_c0_s1,1,50,0,18.715,1,0,1
room_closed_c0_s1,1,51,0,18.597100000000001,1,0,1
room_closed_c0_s1,1,52,0,18.902000000000001,1,0,1
room_closed_c0_s1,1,53,0,18.6906,1,0,1
room_closed_c0_s1,1,54,0,18.6814,1,0,1
room_closed_c0_s1,1,55,0,18.914300000000001,1,0,1
room_closed_c0_s1,1,56,0,18.7379,1,0,1
room_closed_c0_s1,1,57,0,19.674900000000001,1,0,1
room_closed_c0_s1,1,58,0,18.652100000000001,1,0,1
room_closed_c0_s1,1,59,0,18.731100000000001,1,0,1
room_closed_c0_s1,1,60,0,18.529199999999999,1,0,1
room_closed_c0_s1,1,61,0,19.2349,1,0,1
room_closed_c0_s1,1,62,0,18.628399999999999,1,0,1
room_closed_c0_s1,1,63,0,18.611599999999999,1,0,1
room_closed_c0_s1,1,64,0,18.725200000000001,1,0,1
room_closed_c0_s1,1,65,0,18.678999999999998,1,0,1
room_closed_c0_s1,1,66,0,18.803699999999999,1,0,1
room_closed_c0_s1,1,67,0,18.9755,1,0,1
room_closed_c0_s1,1,68,0,18.631399999999999,1,0,1
room_closed_c0_s1,1,69,0,18.758099999999999,1,0,1
room_closed_c0_s1,1,70,0,18.985199999999999,1,0,1
room_closed_c0_s1,1,71,0,19.439499999999999,1,0,1
room_closed_c0_s1,1,72,0,18.874300000000002,1,0,1
room_closed_c0_s1,1,73,0,18.947700000000001,1,0,1
room_closed_c0_s1,1,74,0,18.565899999999999,1,0,1
room_closed_c0_s1,1,75,0,18.692900000000002,1,0,1
room_closed_c0_s1,1,76,0,18.9252,1,0,1
room_closed_c0_s1,1,77,0,18.6343,1,0,1
room_closed_c0_s1,1,78,0,18.604800000000001,1,0,1
room_closed_c0_s1,1,79,0,18.8338,1,0,1
room_closed_c0_s1,1,80,0,18.73,1,0,1
room_closed_c0_s1,1,81,0,18.9391,1,0,1
room_closed_c0_s1,1,82,0,19.117999999999999,1,0,1
room_closed_c0_s1,1,83,0,18.671900000000001,1,0,1
room_closed_c0_s1,1,84,0,18.6328,1,0,1
room_closed_c0_s1,1,85,0,18.736699999999999,1,0,1
room_closed_c0_s1,1,86,0,18.834599999999998,1,0,1
room_closed_c0_s1,1,87,0,18.783200000000001,1,0,1
room_closed_c0_s1,1,88,0,19.138000000000002,1,0,1
room_closed_c0_s1,1,89,0,18.565100000000001,1,0,1
room_closed_c0_s1,1,90,0,18.626999999999999,1,0,1
room_closed_c0_s1,1,91,0,18.6694,1,0,1
room_closed_c0_s1,1,92,0,18.534600000000001,1,0,1
room_closed_c0_s1,1,93,0,18.588899999999999,1,0,1
room_closed_c0_s1,1,94,0,18.922799999999999,1,0,1
room_closed_c0_s1,1,95,0,18.585799999999999,1,0,1
room_closed_c0_s1,1,96,0,19.063800000000001,1,0,1
room_closed_c0_s1,1,97,0,18.791499999999999,1,0,1
room_closed_c0_s1,1,98,0,18.489000000000001,1,0,1
room_closed_c0_s1,1,99,0,18.627300000000002,1,0,1
room_closed_c0_s1,1,100,0,18.9452,1,0,1
room_closed_c0_s1,1,101,0,18.633299999999998,1,0,1
room_closed_c0_s1,1,102,0,18.649100000000001,1,0,1
room_closed_c0_s1,1,103,0,18.9495,1,0,1
room_closed_c0_s1,1,104,0,18.7288,1,0,1
room_closed_c0_s1,1,105,0,19.008299999999998,1,0,1
room_closed_c0_s1,1,106,0,19.395900000000001,1,0,1
room_closed_c0_s1,1,107,0,18.918700000000001,1,0,1
room_closed_c0_s1,1,108,0,18.874300000000002,1,0,1
room_closed_c0_s1,1,109,0,19.0807,1,0,1
room_closed_c0_s1,1,110,0,18.863900000000001,1,0,1
room_closed_c0_s1,1,111,0,18.8552,1,0,1
room_closed_c0_s1,1,112,0,19.0931,1,0,1
room_closed_c0_s1,1,113,0,18.873200000000001,1,0,1
room_closed_c0_s1,1,114,0,18.7441,1,0,1
room_closed_c0_s1,1,115,0,18.727699999999999,1,0,1
room_closed_c0_s1,1,116,0,19.520099999999999,1,0,1
room_closed_c0_s1,1,117,0,18.726500000000001,1,0,1
room_closed_c0_s1,1,118,0,18.8338,1,0,1
room_closed_c0_s1,1,119,0,18.648800000000001,1,0,1
room_closed_c0_s1,1,120,0,18.410599999999999,1,0,1
room_closed_c0_s1,1,121,0,19.146100000000001,1,0,1
room_closed_c0_s1,1,122,0,18.933499999999999,1,0,1
room_closed_c0_s1,1,123,0,18.651,1,0,1
room_closed_c0_s1,1,124,0,18.909099999999999,1,0,1
room_closed_c0_s1,1,125,0,18.7059,1,0,1
room_closed_c0_s1,1,126,0,18.947900000000001,1,0,1
room_closed_c0_s1,1,127,0,18.842400000000001,1,0,1
room_closed_c0_s1,1,128,0,18.671700000000001,1,0,1
room_closed_c0_s1,1,129,0,18.542400000000001,1,0,1
room_closed_c0_s1,1,130,0,18.827200000000001,1,0,1
room_closed_c0_s1,1,131,0,18.623200000000001,1,0,1
room_closed_c0_s1,1,132,0,18.780999999999999,1,0,1
room_closed_c0_s1,1,133,0,18.9101,1,0,1
room_closed_c0_s1,1,134,0,18.890499999999999,1,0,1
room_closed_c0_s1,1,135,0,18.805099999999999,1,0,1
room_closed_c0_s1,1,136,0,18.6813,1,0,1
room_closed_c0_s1,1,137,0,18.499099999999999,1,0,1
room_closed_c0_s1,1,138,0,18.858899999999998,1,0,1
room_closed_c0_s1,1,139,0,18.802700000000002,1,0,1
room_closed_c0_s1,1,140,0,18.560400000000001,1,0,1
room_closed_c0_s1,1,141,0,18.695499999999999,1,0,1
room_closed_c0_s1,1,142,0,19.140699999999999,1,0,1
room_closed_c0_s1,1,143,0,18.672899999999998,1,0,1
room_closed_c0_s1,1,144,0,18.760100000000001,1,0,1
room_closed_c0_s1,1,145,0,18.839500000000001,1,0,1
room_closed_c0_s1,1,146,0,18.440300000000001,1,0,1
room_closed_c0_s1,1,147,0,18.661899999999999,1,0,1
room_closed_c0_s1,1,148,0,18.747699999999998,1,0,1
room_closed_c0_s1,1,149,0,18.659700000000001,1,0,1
room_closed_c0_s1,1,150,0,18.765899999999998,1,0,1
room_closed_c0_s1,1,151,0,18.812799999999999,1,0,1
room_closed_c0_s1,1,152,0,18.531700000000001,1,0,1
room_closed_c0_s1,1,153,0,18.473400000000002,1,0,1
room_closed_c0_s1,1,154,0,18.8127,1,0,1
room_closed_c0_s1,1,155,0,18.581499999999998,1,0,1
room_closed_c0_s1,1,156,0,18.581499999999998,1,0,1
room_closed_c0_s1,1,157,0,18.777000000000001,1,0,1
room_closed_c0_s1,1,158,0,18.690000000000001,1,0,1
room_closed_c0_s1,1,159,0,18.566299999999998,1,0,1
room_closed_c0_s1,1,160,0,18.6919,1,0,1
room_closed_c0_s1,1,161,0,18.618099999999998,1,0,1
room_closed_c0_s1,1,162,0,18.639199999999999,1,0,1
room_closed_c0_s1,1,163,0,18.692499999999999,1,0,1
room_closed_c0_s1,1,164,0,18.607099999999999,1,0,1
room_closed_c0_s1,1,165,0,18.686699999999998,1,0,1
room_closed_c0_s1,1,166,0,19.049099999999999,1,0,1
room_closed_c0_s1,1,167,0,18.736799999999999,1,0,1
room_closed_c0_s1,1,168,0,18.616800000000001,1,0,1
room_closed_c0_s1,1,169,0,18.662099999999999,1,0,1
room_closed_c0_s1,1,170,0,18.7026,1,0,1
room_closed_c0_s1,1,171,0,18.649100000000001,1,0,1
room_closed_c0_s1,1,172,0,18.4801,1,0,1
room_closed_c0_s1,1,173,0,18.6599,1,0,1
room_closed_c0_s1,1,174,0,18.633500000000002,1,0,1
room_closed_c0_s1,1,175,0,18.639399999999998,1,0,1
room_closed_c0_s1,1,176,0,18.639600000000002,1,0,1
room_closed_c0_s1,1,177,0,18.497499999999999,1,0,1
room_closed_c0_s1,1,178,0,18.755299999999998,1,0,1
room_closed_c0_s1,1,179,0,18.551100000000002,1,0,1
room_closed_c0_s1,1,180,0,18.579899999999999,1,0,1
room_closed_c0_s1,1,181,0,18.5291,1,0,1
room_closed_c0_s1,1,182,0,18.673300000000001,1,0,1
room_closed_c0_s1,1,183,0,18.6754,1,0,1
room_closed_c0_s1,1,184,0,18.917100000000001,1,0,1
room_closed_c0_s1,1,185,0,18.907499999999999,1,0,1
room_closed_c0_s1,1,186,0,19.057700000000001,1,0,1
room_closed_c0_s1,1,187,0,18.8933,1,0,1
room_closed_c0_s1,1,188,0,18.602499999999999,1,0,1
room_closed_c0_s1,1,189,0,18.5091,1,0,1
room_closed_c0_s1,1,190,0,18.685099999999998,1,0,1
room_closed_c0_s1,1,191,0,18.651599999999998,1,0,1
room_closed_c0_s1,1,192,0,18.782900000000001,1,0,1
room_closed_c0_s1,1,193,0,18.698799999999999,1,0,1
room_closed_c0_s1,1,194,0,18.510000000000002,1,0,1
room_closed_c0_s1,1,195,0,18.667300000000001,1,0,1
room_closed_c0_s1,1,196,0,18.9635,1,0,1
room_closed_c0_s1,1,197,0,18.810400000000001,1,0,1
room_closed_c0_s1,1,198,0,18.952400000000001,1,0,1
room_closed_c0_s1,1,199,0,18.979399999999998,1,0,1
room_closed_c0_s1,1,200,0,18.6554,1,0,1
room_closed_c0_s1,1,201,0,18.566700000000001,1,0,1
room_closed_c0_s1,1,202,0,18.783899999999999,1,0,1
room_closed_c0_s1,1,203,0,18.462800000000001,1,0,1
room_closed_c0_s1,1,204,0,18.4971,1,0,1
room_closed_c0_s1,1,205,0,18.6632,1,0,1
room_closed_c0_s1,1,206,0,18.545400000000001,1,0,1
room_closed_c0_s1,1,207,0,18.4651,1,0,1
room_closed_c0_s1,1,208,0,18.704599999999999,1,0,1
room_closed_c0_s1,1,209,0,18.728100000000001,1,0,1
room_closed_c0_s1,1,210,0,18.598099999999999,1,0,1
room_closed_c0_s1,1,211,0,19.067699999999999,1,0,1
room_closed_c0_s1,1,212,0,18.671199999999999,1,0,1
room_closed_c0_s1,1,213,0,18.7121,1,0,1
room_closed_c0_s1,1,214,0,18.630199999999999,1,0,1
room_closed_c0_s1,1,215,0,18.635400000000001,1,0,1
room_closed_c0_s1,1,216,0,18.568000000000001,1,0,1
room_closed_c0_s1,1,217,0,18.503900000000002,1,0,1
room_closed_c0_s1,1,218,0,18.557400000000001,1,0,1
room_closed_c0_s1,1,219,0,18.465299999999999,1,0,1
room_closed_c0_s1,1,220,0,19.055399999999999,1,0,1
room_closed_c0_s1,1,221,0,18.488700000000001,1,0,1
room_closed_c0_s1,1,222,0,18.604600000000001,1,0,1
room_closed_c0_s1,1,223,0,18.778099999999998,1,0,1
room_closed_c0_s1,1,224,0,18.577000000000002,1,0,1
room_closed_c0_s1,1,225,0,18.783100000000001,1,0,1
room_closed_c0_s1,1,226,0,19.001300000000001,1,0,1
room_closed_c0_s1,1,227,0,18.704499999999999,1,0,1
room_closed_c0_s1,1,228,0,18.544699999999999,1,0,1
room_closed_c0_s1,1,229,0,18.725100000000001,1,0,1
room_closed_c0_s1,1,230,0,18.6449,1,0,1
room_closed_c0_s1,1,231,0,18.48,1,0,1
room_closed_c0_s1,1,232,0,18.615300000000001,1,0,1
room_closed_c0_s1,1,233,0,18.724699999999999,1,0,1
room_closed_c0_s1,1,234,0,19.255500000000001,1,0,1
room_closed_c0_s1,1,235,0,19.241299999999999,1,0,1
room_closed_c0_s1,1,236,0,18.703800000000001,1,0,1
room_closed_c0_s1,1,237,0,18.866399999999999,1,0,1
room_closed_c0_s1,1,238,0,18.834,1,0,1
room_closed_c0_s1,1,239,0,19.018599999999999,1,0,1
room_closed_c0_s1,1,240,0,18.665600000000001,1,0,1
room_closed_c0_s1,1,241,0,18.927700000000002,1,0,1
room_closed_c0_s1,1,242,0,18.718299999999999,1,0,1
room_closed_c0_s1,1,243,0,18.701899999999998,1,0,1
room_closed_c0_s1,1,244,0,19.015699999999999,1,0,1
room_closed_c0_s1,1,245,0,18.782900000000001,1,0,1
room_closed_c0_s1,1,246,0,18.494399999999999,1,0,1
room_closed_c0_s1,1,247,0,18.793399999999998,1,0,1
room_closed_c0_s1,1,248,0,18.627300000000002,1,0,1
room_closed_c0_s1,1,249,0,18.5749,1,0,1
room_closed_c0_s1,1,250,0,18.830400000000001,1,0,1
room_closed_c0_s1,1,251,0,18.7027,1,0,1
room_closed_c0_s1,1,252,0,18.6524,1,0,1
room_closed_c0_s1,1,253,0,18.939699999999998,1,0,1
room_closed_c0_s1,1,254,0,18.5426,1,0,1
room_closed_c0_s1,1,255,0,18.520900000000001,1,0,1
room_closed_c0_s1,1,256,0,19.1067,1,0,1
room_closed_c0_s1,1,257,0,18.5716,1,0,1
room_closed_c0_s1,1,258,0,18.9681,1,0,1
room_closed_c0_s1,1,259,0,18.9329,1,0,1
room_closed_c0_s1,1,260,0,18.658000000000001,1,0,1
room_closed_c0_s1,1,261,0,18.473299999999998,1,0,1
room_closed_c0_s1,1,262,0,18.825199999999999,1,0,1
room_closed_c0_s1,1,263,0,19.014299999999999,1,0,1
room_closed_c0_s1,1,264,0,18.789999999999999,1,0,1
room_closed_c0_s1,1,265,0,18.9178,1,0,1
room_closed_c0_s1,1,266,0,18.653600000000001,1,0,1
room_closed_c0_s1,1,267,0,18.3523,1,0,1
room_closed_c0_s1,1,268,0,18.618400000000001,1,0,1
room_closed_c0_s1,1,269,0,18.559699999999999,1,0,1
room_closed_c0_s1,1,270,0,18.572800000000001,1,0,1
room_closed_c0_s1,1,271,0,18.722300000000001,1,0,1
room_closed_c0_s1,1,272,0,18.6768,1,0,1
room_closed_c0_s1,1,273,0,18.4939,1,0,1
room_closed_c0_s1,1,274,0,18.720600000000001,1,0,1
room_closed_c0_s1,1,275,0,18.667899999999999,1,0,1
room_closed_c0_s1,1,276,0,18.744800000000001,1,0,1
room_closed_c0_s1,1,277,0,18.789200000000001,1,0,1
room_closed_c0_s1,1,278,0,18.607900000000001,1,0,1
room_closed_c0_s1,1,279,0,18.539999999999999,1,0,1
room_closed_c0_s1,1,280,0,18.714300000000001,1,0,1
room_closed_c0_s1,1,281,0,18.554400000000001,1,0,1
room_closed_c0_s1,1,282,0,18.643599999999999,1,0,1
room_closed_c0_s1,1,283,0,19.680900000000001,1,0,1
room_closed_c0_s1,1,284,0,18.714099999999998,1,0,1
room_closed_c0_s1,1,285,0,18.587700000000002,1,0,1
room_closed_c0_s1,1,286,0,18.891400000000001,1,0,1
room_closed_c0_s1,1,287,0,19.064,1,0,1
room_closed_c0_s1,1,288,0,18.836600000000001,1,0,1
room_closed_c1_s0,1,1,1,12.637,0,1,1
room_closed_c1_s0,1,2,1,12.6646,0,1,1
room_closed_c1_s0,1,3,1,12.3001,0,1,1
room_closed_c1_s0,1,4,1,12.3209,0,1,1
room_closed_c1_s0,1,5,1,12.920500000000001,0,1,1
room_closed_c1_s0,1,6,1,11.9099,0,1,1
room_closed_c1_s0,1,7,1,12.437200000000001,0,1,1
room_closed_c1_s0,1,8,1,12.0586,0,1,1
room_closed_c1_s0,1,9,1,12.154500000000001,0,1,1
room_closed_c1_s0,1,10,1,12.4581,0,1,1
room_closed_c1_s0,1,11,1,12.15,0,1,1
room_closed_c1_s0,1,12,1,12.6363,0,1,1
room_closed_c1_s0,1,13,1,12.4756,0,1,1
room_closed_c1_s0,1,14,1,12.3621,0,1,1
room_closed_c1_s0,1,15,1,12.3413,0,1,1
room_closed_c1_s0,1,16,1,12.343299999999999,0,1,1
room_closed_c1_s0,1,17,1,12.077500000000001,0,1,1
room_closed_c1_s0,1,18,1,12.503,0,1,1
room_closed_c1_s0,1,19,1,12.0945,0,1,1
room_closed_c1_s0,1,20,1,12.103300000000001,0,1,1
room_closed_c1_s0,1,21,1,12.632899999999999,0,1,1
room_closed_c1_s0,1,22,1,12.247199999999999,0,1,1
room_closed_c1_s0,1,23,1,12.338900000000001,0,1,1
room_closed_c1_s0,1,24,1,12.7157,0,1,1
room_closed_c1_s0,1,25,1,13.249000000000001,0,1,1
room_closed_c1_s0,1,26,1,13.017899999999999,0,1,1
room_closed_c1_s0,1,27,1,12.679600000000001,0,1,1
room_closed_c1_s0,1,28,1,12.8878,0,1,1
room_closed_c1_s0,1,29,1,13.0481,0,1,1
room_closed_c1_s0,1,30,1,12.815300000000001,0,1,1
room_closed_c1_s0,1,31,1,12.434900000000001,0,1,1
room_closed_c1_s0,1,32,1,12.3649,0,1,1
room_closed_c1_s0,1,33,0,12.318300000000001,0,1,1
room_closed_c1_s0,1,34,0,12.7425,0,1,1
room_closed_c1_s0,1,35,0,12.3889,0,1,1
room_closed_c1_s0,1,36,0,12.516299999999999,0,1,1
room_closed_c1_s0,1,37,0,12.411300000000001,0,1,1
room_closed_c1_s0,1,38,0,12.2484,0,1,1
room_closed_c1_s0,1,39,0,12.6317,0,1,1
room_closed_c1_s0,1,40,0,12.555400000000001,0,1,1
room_closed_c1_s0,1,41,0,12.472,0,1,1
room_closed_c1_s0,1,42,0,12.436400000000001,0,1,1
room_closed_c1_s0,1,43,0,12.325699999999999,0,1,1
room_closed_c1_s0,1,44,0,12.2113,0,1,1
room_closed_c1_s0,1,45,0,12.594200000000001,0,1,1
room_closed_c1_s0,1,46,0,12.152900000000001,0,1,1
room_closed_c1_s0,1,47,0,12.289899999999999,0,1,1
room_closed_c1_s0,1,48,0,12.196,0,1,1
room_closed_c1_s0,1,49,0,12.2052,0,1,1
room_closed_c1_s0,1,50,0,12.155799999999999,0,1,1
room_closed_c1_s0,1,51,0,12.5861,0,1,1
room_closed_c1_s0,1,52,0,12.351699999999999,0,1,1
room_closed_c1_s0,1,53,0,12.4057,0,1,1
room_closed_c1_s0,1,54,0,12.413399999999999,0,1,1
room_closed_c1_s0,1,55,0,12.502599999999999,0,1,1
room_closed_c1_s0,1,56,0,12.2318,0,1,1
room_closed_c1_s0,1,57,0,12.2949,0,1,1
room_closed_c1_s0,1,58,0,12.2898,0,1,1
room_closed_c1_s0,1,59,0,12.456,0,1,1
room_closed_c1_s0,1,60,0,12.3467,0,1,1
room_closed_c1_s0,1,61,0,12.2898,0,1,1
room_closed_c1_s0,1,62,0,12.1562,0,1,1
room_closed_c1_s0,1,63,0,12.178100000000001,0,1,1
room_closed_c1_s0,1,64,0,12.0962,0,1,1
room_closed_c1_s0,1,65,0,12.1007,0,1,1
room_closed_c1_s0,1,66,0,12.2418,0,1,1
room_closed_c1_s0,1,67,0,12.2897,0,1,1
room_closed_c1_s0,1,68,0,12.3215,0,1,1
room_closed_c1_s0,1,69,0,12.6333,0,1,1
room_closed_c1_s0,1,70,0,12.237299999999999,0,1,1
room_closed_c1_s0,1,71,0,12.3446,0,1,1
room_closed_c1_s0,1,72,0,12.438499999999999,0,1,1
room_closed_c1_s0,1,73,0,12.4772,0,1,1
room_closed_c1_s0,1,74,0,12.0654,0,1,1
room_closed_c1_s0,1,75,0,12.596500000000001,0,1,1
room_closed_c1_s0,1,76,0,12.234299999999999,0,1,1
room_closed_c1_s0,1,77,0,12.428900000000001,0,1,1
room_closed_c1_s0,1,78,0,12.5229,0,1,1
room_closed_c1_s0,1,79,0,12.0982,0,1,1
room_closed_c1_s0,1,80,0,12.267099999999999,0,1,1
room_closed_c1_s0,1,81,0,12.4778,0,1,1
room_closed_c1_s0,1,82,0,12.140000000000001,0,1,1
room_closed_c1_s0,1,83,0,12.1332,0,1,1
room_closed_c1_s0,1,84,0,12.7621,0,1,1
room_closed_c1_s0,1,85,0,12.132899999999999,0,1,1
room_closed_c1_s0,1,86,0,12.487399999999999,0,1,1
room_closed_c1_s0,1,87,0,12.6609,0,1,1
room_closed_c1_s0,1,88,0,12.237399999999999,0,1,1
room_closed_c1_s0,1,89,0,12.3985,0,1,1
room_closed_c1_s0,1,90,0,12.6052,0,1,1
room_closed_c1_s0,1,91,0,12.1896,0,1,1
room_closed_c1_s0,1,92,0,12.353899999999999,0,1,1
room_closed_c1_s0,1,93,0,12.425700000000001,0,1,1
room_closed_c1_s0,1,94,0,12.1343,0,1,1
room_closed_c1_s0,1,95,0,12.2651,0,1,1
room_closed_c1_s0,1,96,0,12.449199999999999,0,1,1
room_closed_c1_s0,1,97,0,12.2469,0,1,1
room_closed_c1_s0,1,98,0,12.4664,0,1,1
room_closed_c1_s0,1,99,0,12.2315,0,1,1
room_closed_c1_s0,1,100,0,12.2822,0,1,1
room_closed_c1_s0,1,101,0,12.2982,0,1,1
room_closed_c1_s0,1,102,0,12.454800000000001,0,1,1
room_closed_c1_s0,1,103,0,12.366099999999999,0,1,1
room_closed_c1_s0,1,104,0,12.4255,0,1,1
room_closed_c1_s0,1,105,0,12.7377,0,1,1
room_closed_c1_s0,1,106,0,12.367599999999999,0,1,1
room_closed_c1_s0,1,107,0,12.257199999999999,0,1,1
room_closed_c1_s0,1,108,0,12.7639,0,1,1
room_closed_c1_s0,1,109,0,12.135899999999999,0,1,1
room_closed_c1_s0,1,110,0,12.4811,0,1,1
room_closed_c1_s0,1,111,0,12.739100000000001,0,1,1
room_closed_c1_s0,1,112,0,12.256,0,1,1
room_closed_c1_s0,1,113,0,12.2075,0,1,1
room_closed_c1_s0,1,114,0,12.463200000000001,0,1,1
room_closed_c1_s0,1,115,0,12.727600000000001,0,1,1
room_closed_c1_s0,1,116,0,12.660600000000001,0,1,1
room_closed_c1_s0,1,117,0,12.359299999999999,0,1,1
room_closed_c1_s0,1,118,0,12.1431,0,1,1
room_closed_c1_s0,1,119,0,12.4933,0,1,1
room_closed_c1_s0,1,120,0,12.5549,0,1,1
room_closed_c1_s0,1,121,0,12.078099999999999,0,1,1
room_closed_c1_s0,1,122,0,12.3657,0,1,1
room_closed_c1_s0,1,123,0,12.551399999999999,0,1,1
room_closed_c1_s0,1,124,0,12.3064,0,1,1
room_closed_c1_s0,1,125,0,12.296900000000001,0,1,1
room_closed_c1_s0,1,126,0,12.649800000000001,0,1,1
room_closed_c1_s0,1,127,0,13.095499999999999,0,1,1
room_closed_c1_s0,1,128,0,12.526999999999999,0,1,1
room_closed_c1_s0,1,129,0,12.5022,0,1,1
room_closed_c1_s0,1,130,0,12.4884,0,1,1
room_closed_c1_s0,1,131,0,12.4717,0,1,1
room_closed_c1_s0,1,132,0,12.4625,0,1,1
room_closed_c1_s0,1,133,0,12.215299999999999,0,1,1
room_closed_c1_s0,1,134,0,12.234299999999999,0,1,1
room_closed_c1_s0,1,135,0,12.3323,0,1,1
room_closed_c1_s0,1,136,0,12.2591,0,1,1
room_closed_c1_s0,1,137,0,12.323,0,1,1
room_closed_c1_s0,1,138,0,12.3543,0,1,1
room_closed_c1_s0,1,139,0,12.4549,0,1,1
room_closed_c1_s0,1,140,0,12.119199999999999,0,1,1
room_closed_c1_s0,1,141,0,12.462400000000001,0,1,1
room_closed_c1_s0,1,142,0,12.602600000000001,0,1,1
room_closed_c1_s0,1,143,0,12.158200000000001,0,1,1
room_closed_c1_s0,1,144,0,12.0053,0,1,1
room_closed_c1_s0,1,145,0,12.4498,0,1,1
room_closed_c1_s0,1,146,0,11.9909,0,1,1
room_closed_c1_s0,1,147,0,12.4941,0,1,1
room_closed_c1_s0,1,148,0,12.565,0,1,1
room_closed_c1_s0,1,149,0,12.269399999999999,0,1,1
room_closed_c1_s0,1,150,0,12.4001,0,1,1
room_closed_c1_s0,1,151,0,12.2323,0,1,1
room_closed_c1_s0,1,152,0,12.3163,0,1,1
room_closed_c1_s0,1,153,0,12.444100000000001,0,1,1
room_closed_c1_s0,1,154,0,12.4801,0,1,1
room_closed_c1_s0,1,155,0,12.430300000000001,0,1,1
room_closed_c1_s0,1,156,0,12.3109,0,1,1
room_closed_c1_s0,1,157,0,12.522,0,1,1
room_closed_c1_s0,1,158,0,12.357100000000001,0,1,1
room_closed_c1_s0,1,159,0,12.547800000000001,0,1,1
room_closed_c1_s0,1,160,0,12.123799999999999,0,1,1
room_closed_c1_s0,1,161,0,12.6394,0,1,1
room_closed_c1_s0,1,162,0,12.2532,0,1,1
room_closed_c1_s0,1,163,0,12.4224,0,1,1
room_closed_c1_s0,1,164,0,12.3049,0,1,1
room_closed_c1_s0,1,165,0,12.5374,0,1,1
room_closed_c1_s0,1,166,0,12.152699999999999,0,1,1
room_closed_c1_s0,1,167,0,12.4214,0,1,1
room_closed_c1_s0,1,168,0,12.3962,0,1,1
room_closed_c1_s0,1,169,0,12.267300000000001,0,1,1
room_closed_c1_s0,1,170,0,12.3561,0,1,1
room_closed_c1_s0,1,171,0,12.507400000000001,0,1,1
room_closed_c1_s0,1,172,0,12.077,0,1,1
room_closed_c1_s0,1,173,0,12.3301,0,1,1
room_closed_c1_s0,1,174,0,12.404400000000001,0,1,1
room_closed_c1_s0,1,175,0,12.2112,0,1,1
room_closed_c1_s0,1,176,0,12.2752,0,1,1
room_closed_c1_s0,1,177,0,12.684799999999999,0,1,1
room_closed_c1_s0,1,178,0,12.053800000000001,0,1,1
room_closed_c1_s0,1,179,0,12.3851,0,1,1
room_closed_c1_s0,1,180,0,12.2803,0,1,1
room_closed_c1_s0,1,181,0,12.3878,0,1,1
room_closed_c1_s0,1,182,0,12.2613,0,1,1
room_closed_c1_s0,1,183,0,12.273,0,1,1
room_closed_c1_s0,1,184,0,12.3515,0,1,1
room_closed_c1_s0,1,185,0,12.3729,0,1,1
room_closed_c1_s0,1,186,0,12.3256,0,1,1
room_closed_c1_s0,1,187,0,12.486700000000001,0,1,1
room_closed_c1_s0,1,188,0,12.3239,0,1,1
room_closed_c1_s0,1,189,0,12.5009,0,1,1
room_closed_c1_s0,1,190,0,12.4444,0,1,1
room_closed_c1_s0,1,191,0,12.3719,0,1,1
room_closed_c1_s0,1,192,0,12.301600000000001,0,1,1
room_closed_c1_s0,1,193,0,12.5062,0,1,1
room_closed_c1_s0,1,194,0,12.3886,0,1,1
room_closed_c1_s0,1,195,0,12.6287,0,1,1
room_closed_c1_s0,1,196,0,12.7034,0,1,1
room_closed_c1_s0,1,197,0,12.1861,0,1,1
room_closed_c1_s0,1,198,0,12.3345,0,1,1
room_closed_c1_s0,1,199,0,12.472899999999999,0,1,1
room_closed_c1_s0,1,200,0,12.136100000000001,0,1,1
room_closed_c1_s0,1,201,0,12.3843,0,1,1
room_closed_c1_s0,1,202,0,12.387700000000001,0,1,1
room_closed_c1_s0,1,203,0,12.462,0,1,1
room_closed_c1_s0,1,204,0,12.4244,0,1,1
room_closed_c1_s0,1,205,0,12.760899999999999,0,1,1
room_closed_c1_s0,1,206,0,12.6922,0,1,1
room_closed_c1_s0,1,207,0,12.241300000000001,0,1,1
room_closed_c1_s0,1,208,0,12.4377,0,1,1
room_closed_c1_s0,1,209,0,12.346500000000001,0,1,1
room_closed_c1_s0,1,210,0,12.382899999999999,0,1,1
room_closed_c1_s0,1,211,0,12.3802,0,1,1
room_closed_c1_s0,1,212,0,12.445499999999999,0,1,1
room_closed_c1_s0,1,213,0,12.522500000000001,0,1,1
room_closed_c1_s0,1,214,0,12.5062,0,1,1
room_closed_c1_s0,1,215,0,12.0677,0,1,1
room_closed_c1_s0,1,216,0,12.5365,0,1,1
room_closed_c1_s0,1,217,0,12.345800000000001,0,1,1
room_closed_c1_s0,1,218,0,12.431900000000001,0,1,1
room_closed_c1_s0,1,219,0,12.262600000000001,0,1,1
room_closed_c1_s0,1,220,0,12.215400000000001,0,1,1
room_closed_c1_s0,1,221,0,12.114800000000001,0,1,1
room_closed_c1_s0,1,222,0,12.4725,0,1,1
room_closed_c1_s0,1,223,0,12.026199999999999,0,1,1
room_closed_c1_s0,1,224,0,12.080299999999999,0,1,1
room_closed_c1_s0,1,225,0,12.045,0,1,1
room_closed_c1_s0,1,226,0,12.4095,0,1,1
room_closed_c1_s0,1,227,0,12.027100000000001,0,1,1
room_closed_c1_s0,1,228,0,12.597899999999999,0,1,1
room_closed_c1_s0,1,229,0,12.353899999999999,0,1,1
room_closed_c1_s0,1,230,0,12.467599999999999,0,1,1
room_closed_c1_s0,1,231,0,12.3772,0,1,1
room_closed_c1_s0,1,232,0,12.4618,0,1,1
room_closed_c1_s0,1,233,0,12.153700000000001,0,1,1
room_closed_c1_s0,1,234,0,12.528499999999999,0,1,1
room_closed_c1_s0,1,235,0,12.4146,0,1,1
room_closed_c1_s0,1,236,0,12.154400000000001,0,1,1
room_closed_c1_s0,1,237,0,12.319800000000001,0,1,1
room_closed_c1_s0,1,238,0,12.6213,0,1,1
room_closed_c1_s0,1,239,0,12.1816,0,1,1
room_closed_c1_s0,1,240,0,12.0998,0,1,1
room_closed_c1_s0,1,241,0,12.3446,0,1,1
room_closed_c1_s0,1,242,0,12.1562,0,1,1
room_closed_c1_s0,1,243,0,12.3446,0,1,1
room_closed_c1_s0,1,244,0,12.4748,0,1,1
room_closed_c1_s0,1,245,0,12.139900000000001,0,1,1
room_closed_c1_s0,1,246,0,12.902699999999999,0,1,1
room_closed_c1_s0,1,247,0,12.4246,0,1,1
room_closed_c1_s0,1,248,0,12.3437,0,1,1
room_closed_c1_s0,1,249,0,12.347300000000001,0,1,1
room_closed_c1_s0,1,250,0,12.398,0,1,1
room_closed_c1_s0,1,251,0,12.1991,0,1,1
room_closed_c1_s0,1,252,0,12.2624,0,1,1
room_closed_c1_s0,1,253,0,12.6241,0,1,1
room_closed_c1_s0,1,254,0,12.054399999999999,0,1,1
room_closed_c1_s0,1,255,0,12.3178,0,1,1
room_closed_c1_s0,1,256,0,12.3329,0,1,1
room_closed_c1_s0,1,257,0,12.098599999999999,0,1,1
room_closed_c1_s0,1,258,0,12.2166,0,1,1
room_closed_c1_s0,1,259,0,12.4184,0,1,1
room_closed_c1_s0,1,260,0,12.089399999999999,0,1,1
room_closed_c1_s0,1,261,0,12.493399999999999,0,1,1
room_closed_c1_s0,1,262,0,12.5242,0,1,1
room_closed_c1_s0,1,263,0,12.312799999999999,0,1,1
room_closed_c1_s0,1,264,0,12.393700000000001,0,1,1
room_closed_c1_s0,1,265,0,12.6501,0,1,1
room_closed_c1_s0,1,266,0,12.156599999999999,0,1,1
room_closed_c1_s0,1,267,0,12.4482,0,1,1
room_closed_c1_s0,1,268,0,12.524100000000001,0,1,1
room_closed_c1_s0,1,269,0,12.197800000000001,0,1,1
room_closed_c1_s0,1,270,0,12.2363,0,1,1
room_closed_c1_s0,1,271,0,12.4841,0,1,1
room_closed_c1_s0,1,272,0,12.027200000000001,0,1,1
room_closed_c1_s0,1,273,0,12.264099999999999,0,1,1
room_closed_c1_s0,1,274,0,12.4625,0,1,1
room_closed_c1_s0,1,275,0,12.35,0,1,1
room_closed_c1_s0,1,276,0,12.455500000000001,0,1,1
room_closed_c1_s0,1,277,0,12.452199999999999,0,1,1
room_closed_c1_s0,1,278,0,12.2272,0,1,1
room_closed_c1_s0,1,279,0,12.294,0,1,1
room_closed_c1_s0,1,280,0,12.463100000000001,0,1,1
room_closed_c1_s0,1,281,0,12.3584,0,1,1
room_closed_c1_s0,1,282,0,12.2188,0,1,1
room_closed_c1_s0,1,283,0,12.4742,0,1,1
room_closed_c1_s0,1,284,0,12.0252,0,1,1
room_closed_c1_s0,1,285,0,12.276300000000001,0,1,1
room_closed_c1_s0,1,286,0,12.4054,0,1,1
room_closed_c1_s0,1,287,0,12.251899999999999,0,1,1
room_closed_c1_s0,1,288,0,12.1935,0,1,1
room_closed_c1_s1,1,1,1,25.7714,1,1,1
room_closed_c1_s1,1,2,1,24.9209,1,1,1
room_closed_c1_s1,1,3,1,24.462199999999999,1,1,1
room_closed_c1_s1,1,4,1,24.398299999999999,1,1,1
room_closed_c1_s1,1,5,1,24.216899999999999,1,1,1
room_closed_c1_s1,1,6,1,24.534500000000001,1,1,1
room_closed_c1_s1,1,7,1,24.345300000000002,1,1,1
room_closed_c1_s1,1,8,1,24.663,1,1,1
room_closed_c1_s1,1,9,1,24.446999999999999,1,1,1
room_closed_c1_s1,1,10,1,24.142700000000001,1,1,1
room_closed_c1_s1,1,11,1,24.127600000000001,1,1,1
room_closed_c1_s1,1,12,1,24.635000000000002,1,1,1
room_closed_c1_s1,1,13,1,24.1632,1,1,1
room_closed_c1_s1,1,14,1,24.841799999999999,1,1,1
room_closed_c1_s1,1,15,1,24.408200000000001,1,1,1
room_closed_c1_s1,1,16,1,24.921700000000001,1,1,1
room_closed_c1_s1,1,17,1,24.779599999999999,1,1,1
room_closed_c1_s1,1,18,1,24.646699999999999,1,1,1
room_closed_c1_s1,1,19,1,24.5641,1,1,1
room_closed_c1_s1,1,20,1,24.961600000000001,1,1,1
room_closed_c1_s1,1,21,1,24.386399999999998,1,1,1
room_closed_c1_s1,1,22,1,24.593499999999999,1,1,1
room_closed_c1_s1,1,23,1,24.318300000000001,1,1,1
room_closed_c1_s1,1,24,1,25.0885,1,1,1
room_closed_c1_s1,1,25,1,24.6693,1,1,1
room_closed_c1_s1,1,26,1,24.671800000000001,1,1,1
room_closed_c1_s1,1,27,1,24.430599999999998,1,1,1
room_closed_c1_s1,1,28,1,24.387599999999999,1,1,1
room_closed_c1_s1,1,29,1,24.3886,1,1,1
room_closed_c1_s1,1,30,1,24.581099999999999,1,1,1
room_closed_c1_s1,1,31,1,24.273399999999999,1,1,1
room_closed_c1_s1,1,32,1,24.345700000000001,1,1,1
room_closed_c1_s1,1,33,0,24.956600000000002,1,1,1
room_closed_c1_s1,1,34,0,24.3384,1,1,1
room_closed_c1_s1,1,35,0,24.507999999999999,1,1,1
room_closed_c1_s1,1,36,0,24.7471,1,1,1
room_closed_c1_s1,1,37,0,24.589700000000001,1,1,1
room_closed_c1_s1,1,38,0,24.4527,1,1,1
room_closed_c1_s1,1,39,0,24.825900000000001,1,1,1
room_closed_c1_s1,1,40,0,24.5869,1,1,1
room_closed_c1_s1,1,41,0,24.668399999999998,1,1,1
room_closed_c1_s1,1,42,0,24.427099999999999,1,1,1
room_closed_c1_s1,1,43,0,24.566099999999999,1,1,1
room_closed_c1_s1,1,44,0,24.714300000000001,1,1,1
room_closed_c1_s1,1,45,0,24.441099999999999,1,1,1
room_closed_c1_s1,1,46,0,24.132300000000001,1,1,1
room_closed_c1_s1,1,47,0,24.523399999999999,1,1,1
room_closed_c1_s1,1,48,0,24.2532,1,1,1
room_closed_c1_s1,1,49,0,24.528600000000001,1,1,1
room_closed_c1_s1,1,50,0,24.374500000000001,1,1,1
room_closed_c1_s1,1,51,0,24.229600000000001,1,1,1
room_closed_c1_s1,1,52,0,24.358699999999999,1,1,1
room_closed_c1_s1,1,53,0,24.469200000000001,1,1,1
room_closed_c1_s1,1,54,0,24.411799999999999,1,1,1
room_closed_c1_s1,1,55,0,24.3719,1,1,1
room_closed_c1_s1,1,56,0,24.553899999999999,1,1,1
room_closed_c1_s1,1,57,0,24.516100000000002,1,1,1
room_closed_c1_s1,1,58,0,24.288799999999998,1,1,1
room_closed_c1_s1,1,59,0,24.407900000000001,1,1,1
room_closed_c1_s1,1,60,0,24.225100000000001,1,1,1
room_closed_c1_s1,1,61,0,24.450600000000001,1,1,1
room_closed_c1_s1,1,62,0,24.000599999999999,1,1,1
room_closed_c1_s1,1,63,0,24.309699999999999,1,1,1
room_closed_c1_s1,1,64,0,24.380400000000002,1,1,1
room_closed_c1_s1,1,65,0,24.354600000000001,1,1,1
room_closed_c1_s1,1,66,0,24.464700000000001,1,1,1
room_closed_c1_s1,1,67,0,24.777999999999999,1,1,1
room_closed_c1_s1,1,68,0,24.2849,1,1,1
room_closed_c1_s1,1,69,0,24.2545,1,1,1
room_closed_c1_s1,1,70,0,24.190200000000001,1,1,1
room_closed_c1_s1,1,71,0,24.417999999999999,1,1,1
room_closed_c1_s1,1,72,0,24.589500000000001,1,1,1
room_closed_c1_s1,1,73,0,24.4511,1,1,1
room_closed_c1_s1,1,74,0,24.513100000000001,1,1,1
room_closed_c1_s1,1,75,0,24.491099999999999,1,1,1
room_closed_c1_s1,1,76,0,25.069800000000001,1,1,1
room_closed_c1_s1,1,77,0,24.171099999999999,1,1,1
room_closed_c1_s1,1,78,0,24.264099999999999,1,1,1
room_closed_c1_s1,1,79,0,24.7364,1,1,1
room_closed_c1_s1,1,80,0,24.570599999999999,1,1,1
room_closed_c1_s1,1,81,0,24.2224,1,1,1
room_closed_c1_s1,1,82,0,24.581900000000001,1,1,1
room_closed_c1_s1,1,83,0,24.1983,1,1,1
room_closed_c1_s1,1,84,0,24.333600000000001,1,1,1
room_closed_c1_s1,1,85,0,24.363199999999999,1,1,1
room_closed_c1_s1,1,86,0,24.282399999999999,1,1,1
room_closed_c1_s1,1,87,0,24.0624,1,1,1
room_closed_c1_s1,1,88,0,24.295400000000001,1,1,1
room_closed_c1_s1,1,89,0,24.1477,1,1,1
room_closed_c1_s1,1,90,0,23.9983,1,1,1
room_closed_c1_s1,1,91,0,24.4846,1,1,1
room_closed_c1_s1,1,92,0,24.473199999999999,1,1,1
room_closed_c1_s1,1,93,0,24.372299999999999,1,1,1
room_closed_c1_s1,1,94,0,24.494499999999999,1,1,1
room_closed_c1_s1,1,95,0,24.133700000000001,1,1,1
room_closed_c1_s1,1,96,0,24.303999999999998,1,1,1
room_closed_c1_s1,1,97,0,24.709399999999999,1,1,1
room_closed_c1_s1,1,98,0,24.606200000000001,1,1,1
room_closed_c1_s1,1,99,0,25.328199999999999,1,1,1
room_closed_c1_s1,1,100,0,24.886600000000001,1,1,1
room_closed_c1_s1,1,101,0,24.2376,1,1,1
room_closed_c1_s1,1,102,0,24.126899999999999,1,1,1
room_closed_c1_s1,1,103,0,24.660499999999999,1,1,1
room_closed_c1_s1,1,104,0,24.617599999999999,1,1,1
room_closed_c1_s1,1,105,0,24.0183,1,1,1
room_closed_c1_s1,1,106,0,25.8049,1,1,1
room_closed_c1_s1,1,107,0,24.1264,1,1,1
room_closed_c1_s1,1,108,0,24.062200000000001,1,1,1
room_closed_c1_s1,1,109,0,24.420500000000001,1,1,1
room_closed_c1_s1,1,110,0,24.131399999999999,1,1,1
room_closed_c1_s1,1,111,0,24.238600000000002,1,1,1
room_closed_c1_s1,1,112,0,24.3779,1,1,1
room_closed_c1_s1,1,113,0,24.3309,1,1,1
room_closed_c1_s1,1,114,0,24.296099999999999,1,1,1
room_closed_c1_s1,1,115,0,24.555399999999999,1,1,1
room_closed_c1_s1,1,116,0,24.402799999999999,1,1,1
room_closed_c1_s1,1,117,0,24.345199999999998,1,1,1
room_closed_c1_s1,1,118,0,24.390999999999998,1,1,1
room_closed_c1_s1,1,119,0,24.286100000000001,1,1,1
room_closed_c1_s1,1,120,0,24.2531,1,1,1
room_closed_c1_s1,1,121,0,24.388300000000001,1,1,1
room_closed_c1_s1,1,122,0,24.0215,1,1,1
room_closed_c1_s1,1,123,0,24.289100000000001,1,1,1
room_closed_c1_s1,1,124,0,24.5564,1,1,1
room_closed_c1_s1,1,125,0,24.160299999999999,1,1,1
room_closed_c1_s1,1,126,0,24.376000000000001,1,1,1
room_closed_c1_s1,1,127,0,24.416399999999999,1,1,1
room_closed_c1_s1,1,128,0,24.087,1,1,1
room_closed_c1_s1,1,129,0,24.269400000000001,1,1,1
room_closed_c1_s1,1,130,0,24.2971,1,1,1
room_closed_c1_s1,1,131,0,24.0916,1,1,1
room_closed_c1_s1,1,132,0,24.140000000000001,1,1,1
room_closed_c1_s1,1,133,0,24.2498,1,1,1
room_closed_c1_s1,1,134,0,24.184100000000001,1,1,1
room_closed_c1_s1,1,135,0,24.203299999999999,1,1,1
room_closed_c1_s1,1,136,0,24.450199999999999,1,1,1
room_closed_c1_s1,1,137,0,24.462700000000002,1,1,1
room_closed_c1_s1,1,138,0,24.3355,1,1,1
room_closed_c1_s1,1,139,0,24.567,1,1,1
room_closed_c1_s1,1,140,0,24.277899999999999,1,1,1
room_closed_c1_s1,1,141,0,24.531300000000002,1,1,1
room_closed_c1_s1,1,142,0,24.738600000000002,1,1,1
room_closed_c1_s1,1,143,0,24.2547,1,1,1
room_closed_c1_s1,1,144,0,24.7239,1,1,1
room_closed_c1_s1,1,145,0,24.500900000000001,1,1,1
room_closed_c1_s1,1,146,0,25.037099999999999,1,1,1
room_closed_c1_s1,1,147,0,24.495000000000001,1,1,1
room_closed_c1_s1,1,148,0,24.592300000000002,1,1,1
room_closed_c1_s1,1,149,0,24.297899999999998,1,1,1
room_closed_c1_s1,1,150,0,24.227499999999999,1,1,1
room_closed_c1_s1,1,151,0,24.483899999999998,1,1,1
room_closed_c1_s1,1,152,0,24.214500000000001,1,1,1
room_closed_c1_s1,1,153,0,24.394200000000001,1,1,1
room_closed_c1_s1,1,154,0,24.226199999999999,1,1,1
room_closed_c1_s1,1,155,0,24.204699999999999,1,1,1
room_closed_c1_s1,1,156,0,24.183599999999998,1,1,1
room_closed_c1_s1,1,157,0,24.895199999999999,1,1,1
room_closed_c1_s1,1,158,0,24.307500000000001,1,1,1
room_closed_c1_s1,1,159,0,24.344100000000001,1,1,1
room_closed_c1_s1,1,160,0,25.6206,1,1,1
room_closed_c1_s1,1,161,0,24.188600000000001,1,1,1
room_closed_c1_s1,1,162,0,24.226600000000001,1,1,1
room_closed_c1_s1,1,163,0,24.5244,1,1,1
room_closed_c1_s1,1,164,0,24.145600000000002,1,1,1
room_closed_c1_s1,1,165,0,24.257899999999999,1,1,1
room_closed_c1_s1,1,166,0,24.261399999999998,1,1,1
room_closed_c1_s1,1,167,0,24.209399999999999,1,1,1
room_closed_c1_s1,1,168,0,24.037099999999999,1,1,1
room_closed_c1_s1,1,169,0,24.445399999999999,1,1,1
room_closed_c1_s1,1,170,0,24.095099999999999,1,1,1
room_closed_c1_s1,1,171,0,24.046099999999999,1,1,1
room_closed_c1_s1,1,172,0,24.334199999999999,1,1,1
room_closed_c1_s1,1,173,0,24.319299999999998,1,1,1
room_closed_c1_s1,1,174,0,24.218599999999999,1,1,1
room_closed_c1_s1,1,175,0,24.815899999999999,1,1,1
room_closed_c1_s1,1,176,0,24.1905,1,1,1
room_closed_c1_s1,1,177,0,24.1907,1,1,1
room_closed_c1_s1,1,178,0,24.404900000000001,1,1,1
room_closed_c1_s1,1,179,0,24.269100000000002,1,1,1
room_closed_c1_s1,1,180,0,24.101700000000001,1,1,1
room_closed_c1_s1,1,181,0,24.382000000000001,1,1,1
room_closed_c1_s1,1,182,0,24.081299999999999,1,1,1
room_closed_c1_s1,1,183,0,24.026399999999999,1,1,1
room_closed_c1_s1,1,184,0,24.341999999999999,1,1,1
room_closed_c1_s1,1,185,0,24.297000000000001,1,1,1
room_closed_c1_s1,1,186,0,24.3123,1,1,1
room_closed_c1_s1,1,187,0,25.063600000000001,1,1,1
room_closed_c1_s1,1,188,0,24.018699999999999,1,1,1
room_closed_c1_s1,1,189,0,24.0626,1,1,1
room_closed_c1_s1,1,190,0,24.315200000000001,1,1,1
room_closed_c1_s1,1,191,0,24.155200000000001,1,1,1
room_closed_c1_s1,1,192,0,24.244800000000001,1,1,1
room_closed_c1_s1,1,193,0,24.586600000000001,1,1,1
room_closed_c1_s1,1,194,0,24.409600000000001,1,1,1
room_closed_c1_s1,1,195,0,24.535799999999998,1,1,1
room_closed_c1_s1,1,196,0,24.644600000000001,1,1,1
room_closed_c1_s1,1,197,0,24.369700000000002,1,1,1
room_closed_c1_s1,1,198,0,24.034700000000001,1,1,1
room_closed_c1_s1,1,199,0,25.785299999999999,1,1,1
room_closed_c1_s1,1,200,0,24.3736,1,1,1
room_closed_c1_s1,1,201,0,24.3093,1,1,1
room_closed_c1_s1,1,202,0,24.552399999999999,1,1,1
room_closed_c1_s1,1,203,0,24.343900000000001,1,1,1
room_closed_c1_s1,1,204,0,24.206399999999999,1,1,1
room_closed_c1_s1,1,205,0,24.582799999999999,1,1,1
room_closed_c1_s1,1,206,0,24.275300000000001,1,1,1
room_closed_c1_s1,1,207,0,24.132300000000001,1,1,1
room_closed_c1_s1,1,208,0,24.239100000000001,1,1,1
room_closed_c1_s1,1,209,0,24.215199999999999,1,1,1
room_closed_c1_s1,1,210,0,24.520700000000001,1,1,1
room_closed_c1_s1,1,211,0,24.253399999999999,1,1,1
room_closed_c1_s1,1,212,0,24.3324,1,1,1
room_closed_c1_s1,1,213,0,24.148900000000001,1,1,1
room_closed_c1_s1,1,214,0,24.782900000000001,1,1,1
room_closed_c1_s1,1,215,0,24.1812,1,1,1
room_closed_c1_s1,1,216,0,24.341999999999999,1,1,1
room_closed_c1_s1,1,217,0,24.544799999999999,1,1,1
room_closed_c1_s1,1,218,0,24.3813,1,1,1
room_closed_c1_s1,1,219,0,24.087599999999998,1,1,1
room_closed_c1_s1,1,220,0,24.743200000000002,1,1,1
room_closed_c1_s1,1,221,0,24.9998,1,1,1
room_closed_c1_s1,1,222,0,24.622599999999998,1,1,1
room_closed_c1_s1,1,223,0,24.626799999999999,1,1,1
room_closed_c1_s1,1,224,0,24.5242,1,1,1
room_closed_c1_s1,1,225,0,24.170000000000002,1,1,1
room_closed_c1_s1,1,226,0,24.664000000000001,1,1,1
room_closed_c1_s1,1,227,0,24.5063,1,1,1
room_closed_c1_s1,1,228,0,24.2925,1,1,1
room_closed_c1_s1,1,229,0,24.487400000000001,1,1,1
room_closed_c1_s1,1,230,0,24.285599999999999,1,1,1
room_closed_c1_s1,1,231,0,24.3629,1,1,1
room_closed_c1_s1,1,232,0,24.6035,1,1,1
room_closed_c1_s1,1,233,0,24.297899999999998,1,1,1
room_closed_c1_s1,1,234,0,24.151900000000001,1,1,1
room_closed_c1_s1,1,235,0,24.5792,1,1,1
room_closed_c1_s1,1,236,0,24.671800000000001,1,1,1
room_closed_c1_s1,1,237,0,24.7592,1,1,1
room_closed_c1_s1,1,238,0,24.511099999999999,1,1,1
room_closed_c1_s1,1,239,0,24.2514,1,1,1
room_closed_c1_s1,1,240,0,24.340199999999999,1,1,1
room_closed_c1_s1,1,241,0,24.516300000000001,1,1,1
room_closed_c1_s1,1,242,0,24.405999999999999,1,1,1
room_closed_c1_s1,1,243,0,24.136299999999999,1,1,1
room_closed_c1_s1,1,244,0,24.662600000000001,1,1,1
room_closed_c1_s1,1,245,0,24.215199999999999,1,1,1
room_closed_c1_s1,1,246,0,24.370799999999999,1,1,1
room_closed_c1_s1,1,247,0,24.415299999999998,1,1,1
room_closed_c1_s1,1,248,0,24.2455,1,1,1
room_closed_c1_s1,1,249,0,24.247399999999999,1,1,1
room_closed_c1_s1,1,250,0,24.9177,1,1,1
room_closed_c1_s1,1,251,0,24.552499999999998,1,1,1
room_closed_c1_s1,1,252,0,24.2439,1,1,1
room_closed_c1_s1,1,253,0,24.715199999999999,1,1,1
room_closed_c1_s1,1,254,0,24.441400000000002,1,1,1
room_closed_c1_s1,1,255,0,24.062200000000001,1,1,1
room_closed_c1_s1,1,256,0,24.6693,1,1,1
room_closed_c1_s1,1,257,0,24.2837,1,1,1
room_closed_c1_s1,1,258,0,24.278199999999998,1,1,1
room_closed_c1_s1,1,259,0,24.569099999999999,1,1,1
room_closed_c1_s1,1,260,0,24.305900000000001,1,1,1
room_closed_c1_s1,1,261,0,24.042200000000001,1,1,1
room_closed_c1_s1,1,262,0,24.8735,1,1,1
room_closed_c1_s1,1,263,0,24.189399999999999,1,1,1
room_closed_c1_s1,1,264,0,24.142600000000002,1,1,1
room_closed_c1_s1,1,265,0,24.196899999999999,1,1,1
room_closed_c1_s1,1,266,0,24.241299999999999,1,1,1
room_closed_c1_s1,1,267,0,24.678699999999999,1,1,1
room_closed_c1_s1,1,268,0,24.8096,1,1,1
room_closed_c1_s1,1,269,0,24.441099999999999,1,1,1
room_closed_c1_s1,1,270,0,24.128499999999999,1,1,1
room_closed_c1_s1,1,271,0,24.548200000000001,1,1,1
room_closed_c1_s1,1,272,0,24.138100000000001,1,1,1
room_closed_c1_s1,1,273,0,24.056100000000001,1,1,1
room_closed_c1_s1,1,274,0,24.9452,1,1,1
room_closed_c1_s1,1,275,0,24.486999999999998,1,1,1
room_closed_c1_s1,1,276,0,24.622900000000001,1,1,1
room_closed_c1_s1,1,277,0,24.6389,1,1,1
room_closed_c1_s1,1,278,0,24.351900000000001,1,1,1
room_closed_c1_s1,1,279,0,24.446100000000001,1,1,1
room_closed_c1_s1,1,280,0,24.727900000000002,1,1,1
room_closed_c1_s1,1,281,0,24.863499999999998,1,1,1
room_closed_c1_s1,1,282,0,24.607700000000001,1,1,1
room_closed_c1_s1,1,283,0,24.590599999999998,1,1,1
room_closed_c1_s1,1,284,0,24.220500000000001,1,1,1
room_closed_c1_s1,1,285,0,24.3733,1,1,1
room_closed_c1_s1,1,286,0,24.117100000000001,1,1,1
room_closed_c1_s1,1,287,0,24.389700000000001,1,1,1
room_closed_c1_s1,1,288,0,24.135999999999999,1,1,1
room_no_gloss,1,1,1,22.2972,1,1,1
room_no_gloss,1,2,1,22.585699999999999,1,1,1
room_no_gloss,1,3,1,21.307600000000001,1,1,1
room_no_gloss,1,4,1,21.517099999999999,1,1,1
room_no_gloss,1,5,1,21.386399999999998,1,1,1
room_no_gloss,1,6,1,21.150600000000001,1,1,1
room_no_gloss,1,7,1,21.4572,1,1,1
room_no_gloss,1,8,1,21.631599999999999,1,1,1
room_no_gloss,1,9,1,21.186900000000001,1,1,1
room_no_gloss,1,10,1,21.5411,1,1,1
room_no_gloss,1,11,1,21.4681,1,1,1
room_no_gloss,1,12,1,21.5383,1,1,1
room_no_gloss,1,13,1,21.076699999999999,1,1,1
room_no_gloss,1,14,1,21.166399999999999,1,1,1
room_no_gloss,1,15,1,21.708500000000001,1,1,1
room_no_gloss,1,16,1,21.602,1,1,1
room_no_gloss,1,17,1,21.6282,1,1,1
room_no_gloss,1,18,1,21.777799999999999,1,1,1
room_no_gloss,1,19,1,21.405899999999999,1,1,1
room_no_gloss,1,20,1,21.814900000000002,1,1,1
room_no_gloss,1,21,1,21.479399999999998,1,1,1
room_no_gloss,1,22,1,21.5093,1,1,1
room_no_gloss,1,23,1,21.4191,1,1,1
room_no_gloss,1,24,1,21.499199999999998,1,1,1
room_no_gloss,1,25,1,21.385999999999999,1,1,1
room_no_gloss,1,26,1,21.620100000000001,1,1,1
room_no_gloss,1,27,1,21.549499999999998,1,1,1
room_no_gloss,1,28,1,21.217700000000001,1,1,1
room_no_gloss,1,29,1,21.7317,1,1,1
room_no_gloss,1,30,1,21.816600000000001,1,1,1
room_no_gloss,1,31,1,21.506699999999999,1,1,1
room_no_gloss,1,32,1,22.030999999999999,1,1,1
room_no_gloss,1,33,0,21.674800000000001,1,1,1
room_no_gloss,1,34,0,21.589200000000002,1,1,1
room_no_gloss,1,35,0,21.666599999999999,1,1,1
room_no_gloss,1,36,0,21.5319,1,1,1
room_no_gloss,1,37,0,21.385899999999999,1,1,1
room_no_gloss,1,38,0,21.426100000000002,1,1,1
room_no_gloss,1,39,0,22.9237,1,1,1
room_no_gloss,1,40,0,21.613199999999999,1,1,1
room_no_gloss,1,41,0,21.267099999999999,1,1,1
room_no_gloss,1,42,0,21.688099999999999,1,1,1
room_no_gloss,1,43,0,21.423400000000001,1,1,1
room_no_gloss,1,44,0,21.608699999999999,1,1,1
room_no_gloss,1,45,0,21.355399999999999,1,1,1
room_no_gloss,1,46,0,21.632400000000001,1,1,1
room_no_gloss,1,47,0,21.408100000000001,1,1,1
room_no_gloss,1,48,0,21.558299999999999,1,1,1
room_no_gloss,1,49,0,21.469999999999999,1,1,1
room_no_gloss,1,50,0,21.116499999999998,1,1,1
room_no_gloss,1,51,0,21.4711,1,1,1
room_no_gloss,1,52,0,21.733599999999999,1,1,1
room_no_gloss,1,53,0,21.230399999999999,1,1,1
room_no_gloss,1,54,0,21.343499999999999,1,1,1
room_no_gloss,1,55,0,21.453199999999999,1,1,1
room_no_gloss,1,56,0,21.566299999999998,1,1,1
room_no_gloss,1,57,0,21.442699999999999,1,1,1
room_no_gloss,1,58,0,21.5885,1,1,1
room_no_gloss,1,59,0,21.239100000000001,1,1,1
room_no_gloss,1,60,0,21.630400000000002,1,1,1
room_no_gloss,1,61,0,21.524899999999999,1,1,1
room_no_gloss,1,62,0,21.206600000000002,1,1,1
room_no_gloss,1,63,0,21.3352,1,1,1
room_no_gloss,1,64,0,21.257200000000001,1,1,1
room_no_gloss,1,65,0,21.308700000000002,1,1,1
room_no_gloss,1,66,0,21.387599999999999,1,1,1
room_no_gloss,1,67,0,21.315300000000001,1,1,1
room_no_gloss,1,68,0,21.159400000000002,1,1,1
room_no_gloss,1,69,0,21.4252,1,1,1
room_no_gloss,1,70,0,21.238399999999999,1,1,1
room_no_gloss,1,71,0,21.4922,1,1,1
room_no_gloss,1,72,0,22.813199999999998,1,1,1
room_no_gloss,1,73,0,21.335799999999999,1,1,1
room_no_gloss,1,74,0,21.142199999999999,1,1,1
room_no_gloss,1,75,0,21.4008,1,1,1
room_no_gloss,1,76,0,21.314800000000002,1,1,1
room_no_gloss,1,77,0,21.2121,1,1,1
room_no_gloss,1,78,0,21.527699999999999,1,1,1
room_no_gloss,1,79,0,21.4526,1,1,1
room_no_gloss,1,80,0,21.381799999999998,1,1,1
room_no_gloss,1,81,0,21.408300000000001,1,1,1
room_no_gloss,1,82,0,21.2591,1,1,1
room_no_gloss,1,83,0,21.2607,1,1,1
room_no_gloss,1,84,0,22.5093,1,1,1
room_no_gloss,1,85,0,21.282599999999999,1,1,1
room_no_gloss,1,86,0,21.2105,1,1,1
room_no_gloss,1,87,0,21.498899999999999,1,1,1
room_no_gloss,1,88,0,21.165099999999999,1,1,1
room_no_gloss,1,89,0,21.1172,1,1,1
room_no_gloss,1,90,0,21.539100000000001,1,1,1
room_no_gloss,1,91,0,21.4787,1,1,1
room_no_gloss,1,92,0,21.468800000000002,1,1,1
room_no_gloss,1,93,0,21.880700000000001,1,1,1
room_no_gloss,1,94,0,21.678599999999999,1,1,1
room_no_gloss,1,95,0,21.358799999999999,1,1,1
room_no_gloss,1,96,0,21.246200000000002,1,1,1
room_no_gloss,1,97,0,21.549399999999999,1,1,1
room_no_gloss,1,98,0,21.521699999999999,1,1,1
room_no_gloss,1,99,0,21.5306,1,1,1
room_no_gloss,1,100,0,21.488099999999999,1,1,1
room_no_gloss,1,101,0,22.026700000000002,1,1,1
room_no_gloss,1,102,0,21.3794,1,1,1
room_no_gloss,1,103,0,21.223400000000002,1,1,1
room_no_gloss,1,104,0,21.364100000000001,1,1,1
room_no_gloss,1,105,0,21.546500000000002,1,1,1
room_no_gloss,1,106,0,21.111499999999999,1,1,1
room_no_gloss,1,107,0,21.2653,1,1,1
room_no_gloss,1,108,0,21.6188,1,1,1
room_no_gloss,1,109,0,21.212399999999999,1,1,1
room_no_gloss,1,110,0,21.605399999999999,1,1,1
room_no_gloss,1,111,0,21.710000000000001,1,1,1
room_no_gloss,1,112,0,21.619299999999999,1,1,1
room_no_gloss,1,113,0,21.760999999999999,1,1,1
room_no_gloss,1,114,0,21.3416,1,1,1
room_no_gloss,1,115,0,21.391200000000001,1,1,1
room_no_gloss,1,116,0,21.5641,1,1,1
room_no_gloss,1,117,0,21.374199999999998,1,1,1
room_no_gloss,1,118,0,21.583300000000001,1,1,1
room_no_gloss,1,119,0,21.462700000000002,1,1,1
room_no_gloss,1,120,0,21.4314,1,1,1
room_no_gloss,1,121,0,21.430399999999999,1,1,1
room_no_gloss,1,122,0,21.2835,1,1,1
room_no_gloss,1,123,0,21.362200000000001,1,1,1
room_no_gloss,1,124,0,21.318300000000001,1,1,1
room_no_gloss,1,125,0,21.392199999999999,1,1,1
room_no_gloss,1,126,0,21.471900000000002,1,1,1
room_no_gloss,1,127,0,21.4786,1,1,1
room_no_gloss,1,128,0,21.224799999999998,1,1,1
room_no_gloss,1,129,0,21.431999999999999,1,1,1
room_no_gloss,1,130,0,21.529499999999999,1,1,1
room_no_gloss,1,131,0,21.053899999999999,1,1,1
room_no_gloss,1,132,0,21.596699999999998,1,1,1
room_no_gloss,1,133,0,21.3977,1,1,1
room_no_gloss,1,134,0,21.4069,1,1,1
room_no_gloss,1,135,0,21.410699999999999,1,1,1
room_no_gloss,1,136,0,21.157900000000001,1,1,1
room_no_gloss,1,137,0,21.634399999999999,1,1,1
room_no_gloss,1,138,0,21.696999999999999,1,1,1
room_no_gloss,1,139,0,21.5794,1,1,1
room_no_gloss,1,140,0,21.237500000000001,1,1,1
room_no_gloss,1,141,0,21.519500000000001,1,1,1
room_no_gloss,1,142,0,21.409500000000001,1,1,1
room_no_gloss,1,143,0,21.189499999999999,1,1,1
room_no_gloss,1,144,0,21.569299999999998,1,1,1
room_no_gloss,1,145,0,21.264399999999998,1,1,1
room_no_gloss,1,146,0,21.3186,1,1,1
room_no_gloss,1,147,0,21.3916,1,1,1
room_no_gloss,1,148,0,21.112400000000001,1,1,1
room_no_gloss,1,149,0,21.108499999999999,1,1,1
room_no_gloss,1,150,0,21.491,1,1,1
room_no_gloss,1,151,0,21.1586,1,1,1
room_no_gloss,1,152,0,21.8172,1,1,1
room_no_gloss,1,153,0,21.8781,1,1,1
room_no_gloss,1,154,0,21.290600000000001,1,1,1
room_no_gloss,1,155,0,21.295500000000001,1,1,1
room_no_gloss,1,156,0,21.377400000000002,1,1,1
room_no_gloss,1,157,0,21.266999999999999,1,1,1
room_no_gloss,1,158,0,21.4313,1,1,1
room_no_gloss,1,159,0,21.5867,1,1,1
room_no_gloss,1,160,0,21.302399999999999,1,1,1
room_no_gloss,1,161,0,21.271000000000001,1,1,1
room_no_gloss,1,162,0,21.353000000000002,1,1,1
room_no_gloss,1,163,0,21.081399999999999,1,1,1
room_no_gloss,1,164,0,21.4633,1,1,1
room_no_gloss,1,165,0,21.514900000000001,1,1,1
room_no_gloss,1,166,0,21.2349,1,1,1
room_no_gloss,1,167,0,21.3584,1,1,1
room_no_gloss,1,168,0,21.398599999999998,1,1,1
room_no_gloss,1,169,0,21.579699999999999,1,1,1
room_no_gloss,1,170,0,22.104099999999999,1,1,1
room_no_gloss,1,171,0,21.976700000000001,1,1,1
room_no_gloss,1,172,0,21.0534,1,1,1
room_no_gloss,1,173,0,21.198899999999998,1,1,1
room_no_gloss,1,174,0,21.254799999999999,1,1,1
room_no_gloss,1,175,0,21.121400000000001,1,1,1
room_no_gloss,1,176,0,21.509,1,1,1
room_no_gloss,1,177,0,21.666899999999998,1,1,1
room_no_gloss,1,178,0,21.3033,1,1,1
room_no_gloss,1,179,0,21.343299999999999,1,1,1
room_no_gloss,1,180,0,21.529699999999998,1,1,1
room_no_gloss,1,181,0,21.240300000000001,1,1,1
room_no_gloss,1,182,0,21.403099999999998,1,1,1
room_no_gloss,1,183,0,21.422000000000001,1,1,1
room_no_gloss,1,184,0,21.297799999999999,1,1,1
room_no_gloss,1,185,0,21.522400000000001,1,1,1
room_no_gloss,1,186,0,21.449400000000001,1,1,1
room_no_gloss,1,187,0,21.274799999999999,1,1,1
room_no_gloss,1,188,0,21.494800000000001,1,1,1
room_no_gloss,1,189,0,21.3645,1,1,1
room_no_gloss,1,190,0,21.358000000000001,1,1,1
room_no_gloss,1,191,0,21.194900000000001,1,1,1
room_no_gloss,1,192,0,21.6797,1,1,1
room_no_gloss,1,193,0,21.158899999999999,1,1,1
room_no_gloss,1,194,0,21.195799999999998,1,1,1
room_no_gloss,1,195,0,21.756699999999999,1,1,1
room_no_gloss,1,196,0,21.115200000000002,1,1,1
room_no_gloss,1,197,0,21.278300000000002,1,1,1
room_no_gloss,1,198,0,21.5763,1,1,1
room_no_gloss,1,199,0,21.3261,1,1,1
room_no_gloss,1,200,0,21.3858,1,1,1
room_no_gloss,1,201,0,21.849799999999998,1,1,1
room_no_gloss,1,202,0,21.455100000000002,1,1,1
room_no_gloss,1,203,0,21.134599999999999,1,1,1
room_no_gloss,1,204,0,22.026499999999999,1,1,1
room_no_gloss,1,205,0,21.2956,1,1,1
room_no_gloss,1,206,0,21.165500000000002,1,1,1
room_no_gloss,1,207,0,22.0962,1,1,1
room_no_gloss,1,208,0,21.314599999999999,1,1,1
room_no_gloss,1,209,0,21.531700000000001,1,1,1
room_no_gloss,1,210,0,21.5397,1,1,1
room_no_gloss,1,211,0,21.587800000000001,1,1,1
room_no_gloss,1,212,0,21.383800000000001,1,1,1
room_no_gloss,1,213,0,21.706299999999999,1,1,1
room_no_gloss,1,214,0,21.5563,1,1,1
room_no_gloss,1,215,0,21.202400000000001,1,1,1
room_no_gloss,1,216,0,21.521699999999999,1,1,1
room_no_gloss,1,217,0,21.164999999999999,1,1,1
room_no_gloss,1,218,0,21.228999999999999,1,1,1
room_no_gloss,1,219,0,21.677499999999998,1,1,1
room_no_gloss,1,220,0,21.242799999999999,1,1,1
room_no_gloss,1,221,0,22.430900000000001,1,1,1
room_no_gloss,1,222,0,21.9224,1,1,1
room_no_gloss,1,223,0,21.359100000000002,1,1,1
room_no_gloss,1,224,0,21.242799999999999,1,1,1
room_no_gloss,1,225,0,21.861799999999999,1,1,1
room_no_gloss,1,226,0,21.474699999999999,1,1,1
room_no_gloss,1,227,0,21.5901,1,1,1
room_no_gloss,1,228,0,21.723299999999998,1,1,1
room_no_gloss,1,229,0,21.279299999999999,1,1,1
room_no_gloss,1,230,0,21.542400000000001,1,1,1
room_no_gloss,1,231,0,21.394500000000001,1,1,1
room_no_gloss,1,232,0,22.1342,1,1,1
room_no_gloss,1,233,0,21.656099999999999,1,1,1
room_no_gloss,1,234,0,21.452100000000002,1,1,1
room_no_gloss,1,235,0,21.288,1,1,1
room_no_gloss,1,236,0,21.255700000000001,1,1,1
room_no_gloss,1,237,0,21.304200000000002,1,1,1
room_no_gloss,1,238,0,21.5608,1,1,1
room_no_gloss,1,239,0,21.876200000000001,1,1,1
room_no_gloss,1,240,0,21.647500000000001,1,1,1
room_no_gloss,1,241,0,21.164899999999999,1,1,1
room_no_gloss,1,242,0,21.546700000000001,1,1,1
room_no_gloss,1,243,0,21.515499999999999,1,1,1
room_no_gloss,1,244,0,21.2925,1,1,1
room_no_gloss,1,245,0,21.232299999999999,1,1,1
room_no_gloss,1,246,0,21.757400000000001,1,1,1
room_no_gloss,1,247,0,21.293600000000001,1,1,1
room_no_gloss,1,248,0,21.267199999999999,1,1,1
room_no_gloss,1,249,0,21.3064,1,1,1
room_no_gloss,1,250,0,21.306899999999999,1,1,1
room_no_gloss,1,251,0,21.390499999999999,1,1,1
room_no_gloss,1,252,0,21.2379,1,1,1
room_no_gloss,1,253,0,21.363,1,1,1
room_no_gloss,1,254,0,21.3917,1,1,1
room_no_gloss,1,255,0,21.4373,1,1,1
room_no_gloss,1,256,0,21.1875,1,1,1
room_no_gloss,1,257,0,21.184799999999999,1,1,1
room_no_gloss,1,258,0,21.195799999999998,1,1,1
room_no_gloss,1,259,0,21.427099999999999,1,1,1
room_no_gloss,1,260,0,21.402200000000001,1,1,1
room_no_gloss,1,261,0,21.477699999999999,1,1,1
room_no_gloss,1,262,0,21.451599999999999,1,1,1
room_no_gloss,1,263,0,21.283899999999999,1,1,1
room_no_gloss,1,264,0,21.4344,1,1,1
room_no_gloss,1,265,0,21.0886,1,1,1
room_no_gloss,1,266,0,21.3062,1,1,1
room_no_gloss,1,267,0,22.202999999999999,1,1,1
room_no_gloss,1,268,0,21.2562,1,1,1
room_no_gloss,1,269,0,21.191700000000001,1,1,1
room_no_gloss,1,270,0,21.275099999999998,1,1,1
room_no_gloss,1,271,0,21.065799999999999,1,1,1
room_no_gloss,1,272,0,21.354500000000002,1,1,1
room_no_gloss,1,273,0,21.586300000000001,1,1,1
room_no_gloss,1,274,0,21.750499999999999,1,1,1
room_no_gloss,1,275,0,21.3581,1,1,1
room_no_gloss,1,276,0,21.496400000000001,1,1,1
room_no_gloss,1,277,0,21.264500000000002,1,1,1
room_no_gloss,1,278,0,21.414200000000001,1,1,1
room_no_gloss,1,279,0,21.5825,1,1,1
room_no_gloss,1,280,0,21.321899999999999,1,1,1
room_no_gloss,1,281,0,21.4939,1,1,1
room_no_gloss,1,282,0,21.6692,1,1,1
room_no_gloss,1,283,0,21.509699999999999,1,1,1
room_no_gloss,1,284,0,21.236999999999998,1,1,1
room_no_gloss,1,285,0,21.158000000000001,1,1,1
room_no_gloss,1,286,0,21.794,1,1,1
room_no_gloss,1,287,0,21.287800000000001,1,1,1
room_no_gloss,1,288,0,21.429600000000001,1,1,1
room_no_oren,1,1,1,22.220400000000001,1,1,1
room_no_oren,1,2,1,22.382999999999999,1,1,1
room_no_oren,1,3,1,21.902999999999999,1,1,1
room_no_oren,1,4,1,21.467700000000001,1,1,1
room_no_oren,1,5,1,21.515599999999999,1,1,1
room_no_oren,1,6,1,21.549499999999998,1,1,1
room_no_oren,1,7,1,21.4099,1,1,1
room_no_oren,1,8,1,21.556999999999999,1,1,1
room_no_oren,1,9,1,22.0383,1,1,1
room_no_oren,1,10,1,21.338000000000001,1,1,1
room_no_oren,1,11,1,21.182700000000001,1,1,1
room_no_oren,1,12,1,21.382999999999999,1,1,1
room_no_oren,1,13,1,21.0898,1,1,1
room_no_oren,1,14,1,21.227699999999999,1,1,1
room_no_oren,1,15,1,21.525600000000001,1,1,1
room_no_oren,1,16,1,21.183299999999999,1,1,1
room_no_oren,1,17,1,21.069800000000001,1,1,1
room_no_oren,1,18,1,21.638000000000002,1,1,1
room_no_oren,1,19,1,21.2715,1,1,1
room_no_oren,1,20,1,21.603200000000001,1,1,1
room_no_oren,1,21,1,21.5717,1,1,1
room_no_oren,1,22,1,21.146100000000001,1,1,1
room_no_oren,1,23,1,21.218599999999999,1,1,1
room_no_oren,1,24,1,22.0871,1,1,1
room_no_oren,1,25,1,21.186599999999999,1,1,1
room_no_oren,1,26,1,21.549900000000001,1,1,1
room_no_oren,1,27,1,21.5214,1,1,1
room_no_oren,1,28,1,21.226099999999999,1,1,1
room_no_oren,1,29,1,21.424299999999999,1,1,1
room_no_oren,1,30,1,21.234000000000002,1,1,1
room_no_oren,1,31,1,21.352900000000002,1,1,1
room_no_oren,1,32,1,21.261199999999999,1,1,1
room_no_oren,1,33,0,21.6843,1,1,1
room_no_oren,1,34,0,21.209800000000001,1,1,1
room_no_oren,1,35,0,21.2957,1,1,1
room_no_oren,1,36,0,21.363099999999999,1,1,1
room_no_oren,1,37,0,21.4757,1,1,1
room_no_oren,1,38,0,21.437799999999999,1,1,1
room_no_oren,1,39,0,21.3749,1,1,1
room_no_oren,1,40,0,21.574200000000001,1,1,1
room_no_oren,1,41,0,21.615500000000001,1,1,1
room_no_oren,1,42,0,21.381,1,1,1
room_no_oren,1,43,0,21.4895,1,1,1
room_no_oren,1,44,0,21.385999999999999,1,1,1
room_no_oren,1,45,0,21.1843,1,1,1
room_no_oren,1,46,0,21.712499999999999,1,1,1
room_no_oren,1,47,0,21.728999999999999,1,1,1
room_no_oren,1,48,0,21.319800000000001,1,1,1
room_no_oren,1,49,0,21.363299999999999,1,1,1
room_no_oren,1,50,0,21.584800000000001,1,1,1
room_no_oren,1,51,0,21.372900000000001,1,1,1
room_no_oren,1,52,0,21.563600000000001,1,1,1
room_no_oren,1,53,0,21.271799999999999,1,1,1
room_no_oren,1,54,0,21.087599999999998,1,1,1
room_no_oren,1,55,0,21.476199999999999,1,1,1
room_no_oren,1,56,0,21.5108,1,1,1
room_no_oren,1,57,0,21.4422,1,1,1
room_no_oren,1,58,0,21.930399999999999,1,1,1
room_no_oren,1,59,0,21.570799999999998,1,1,1
room_no_oren,1,60,0,21.174900000000001,1,1,1
room_no_oren,1,61,0,21.095800000000001,1,1,1
room_no_oren,1,62,0,21.277999999999999,1,1,1
room_no_oren,1,63,0,21.5304,1,1,1
room_no_oren,1,64,0,21.418700000000001,1,1,1
room_no_oren,1,65,0,21.350200000000001,1,1,1
room_no_oren,1,66,0,21.1221,1,1,1
room_no_oren,1,67,0,21.470199999999998,1,1,1
room_no_oren,1,68,0,21.2744,1,1,1
room_no_oren,1,69,0,21.127800000000001,1,1,1
room_no_oren,1,70,0,21.996400000000001,1,1,1
room_no_oren,1,71,0,21.351700000000001,1,1,1
room_no_oren,1,72,0,21.155999999999999,1,1,1
room_no_oren,1,73,0,21.686599999999999,1,1,1
room_no_oren,1,74,0,21.167000000000002,1,1,1
room_no_oren,1,75,0,21.321400000000001,1,1,1
room_no_oren,1,76,0,21.6633,1,1,1
room_no_oren,1,77,0,21.449200000000001,1,1,1
room_no_oren,1,78,0,21.694299999999998,1,1,1
room_no_oren,1,79,0,21.4922,1,1,1
room_no_oren,1,80,0,20.973199999999999,1,1,1
room_no_oren,1,81,0,21.0654,1,1,1
room_no_oren,1,82,0,21.303899999999999,1,1,1
room_no_oren,1,83,0,20.9284,1,1,1
room_no_oren,1,84,0,21.281600000000001,1,1,1
room_no_oren,1,85,0,21.770399999999999,1,1,1
room_no_oren,1,86,0,21.352,1,1,1
room_no_oren,1,87,0,21.792300000000001,1,1,1
room_no_oren,1,88,0,21.350899999999999,1,1,1
room_no_oren,1,89,0,21.040800000000001,1,1,1
room_no_oren,1,90,0,21.116199999999999,1,1,1
room_no_oren,1,91,0,21.34,1,1,1
room_no_oren,1,92,0,21.177600000000002,1,1,1
room_no_oren,1,93,0,21.390000000000001,1,1,1
room_no_oren,1,94,0,21.604099999999999,1,1,1
room_no_oren,1,95,0,21.5366,1,1,1
room_no_oren,1,96,0,21.223500000000001,1,1,1
room_no_oren,1,97,0,21.849599999999999,1,1,1
room_no_oren,1,98,0,21.621700000000001,1,1,1
room_no_oren,1,99,0,21.314900000000002,1,1,1
room_no_oren,1,100,0,21.220700000000001,1,1,1
room_no_oren,1,101,0,21.693300000000001,1,1,1
room_no_oren,1,102,0,21.176600000000001,1,1,1
room_no_oren,1,103,0,21.152799999999999,1,1,1
room_no_oren,1,104,0,21.851099999999999,1,1,1
room_no_oren,1,105,0,21.114999999999998,1,1,1
room_no_oren,1,106,0,21.3292,1,1,1
room_no_oren,1,107,0,21.106200000000001,1,1,1
room_no_oren,1,108,0,21.2881,1,1,1
room_no_oren,1,109,0,21.313199999999998,1,1,1
room_no_oren,1,110,0,21.1447,1,1,1
room_no_oren,1,111,0,21.361999999999998,1,1,1
room_no_oren,1,112,0,21.3035,1,1,1
room_no_oren,1,113,0,21.191700000000001,1,1,1
room_no_oren,1,114,0,21.3964,1,1,1
room_no_oren,1,115,0,21.4236,1,1,1
room_no_oren,1,116,0,21.495000000000001,1,1,1
room_no_oren,1,117,0,21.391500000000001,1,1,1
room_no_oren,1,118,0,21.414899999999999,1,1,1
room_no_oren,1,119,0,21.527799999999999,1,1,1
room_no_oren,1,120,0,21.046800000000001,1,1,1
room_no_oren,1,121,0,21.336400000000001,1,1,1
room_no_oren,1,122,0,21.169499999999999,1,1,1
room_no_oren,1,123,0,21.370699999999999,1,1,1
room_no_oren,1,124,0,21.4983,1,1,1
room_no_oren,1,125,0,21.503499999999999,1,1,1
room_no_oren,1,126,0,21.7682,1,1,1
room_no_oren,1,127,0,21.6571,1,1,1
room_no_oren,1,128,0,21.2514,1,1,1
room_no_oren,1,129,0,21.229099999999999,1,1,1
room_no_oren,1,130,0,21.281099999999999,1,1,1
room_no_oren,1,131,0,21.508400000000002,1,1,1
room_no_oren,1,132,0,22.619299999999999,1,1,1
room_no_oren,1,133,0,21.274999999999999,1,1,1
room_no_oren,1,134,0,21.295500000000001,1,1,1
room_no_oren,1,135,0,21.279699999999998,1,1,1
room_no_oren,1,136,0,21.409700000000001,1,1,1
room_no_oren,1,137,0,21.328299999999999,1,1,1
room_no_oren,1,138,0,21.3047,1,1,1
room_no_oren,1,139,0,21.229399999999998,1,1,1
room_no_oren,1,140,0,21.331099999999999,1,1,1
room_no_oren,1,141,0,20.941700000000001,1,1,1
room_no_oren,1,142,0,21.085999999999999,1,1,1
room_no_oren,1,143,0,21.2563,1,1,1
room_no_oren,1,144,0,21.260100000000001,1,1,1
room_no_oren,1,145,0,21.357299999999999,1,1,1
room_no_oren,1,146,0,21.276299999999999,1,1,1
room_no_oren,1,147,0,21.034800000000001,1,1,1
room_no_oren,1,148,0,21.364899999999999,1,1,1
room_no_oren,1,149,0,21.3508,1,1,1
room_no_oren,1,150,0,21.4573,1,1,1
room_no_oren,1,151,0,21.110299999999999,1,1,1
room_no_oren,1,152,0,20.927399999999999,1,1,1
room_no_oren,1,153,0,21.232800000000001,1,1,1
room_no_oren,1,154,0,21.336400000000001,1,1,1
room_no_oren,1,155,0,21.226400000000002,1,1,1
room_no_oren,1,156,0,21.215699999999998,1,1,1
room_no_oren,1,157,0,21.181799999999999,1,1,1
room_no_oren,1,158,0,21.4725,1,1,1
room_no_oren,1,159,0,21.557300000000001,1,1,1
room_no_oren,1,160,0,21.233799999999999,1,1,1
room_no_oren,1,161,0,21.0244,1,1,1
room_no_oren,1,162,0,20.9955,1,1,1
room_no_oren,1,163,0,21.805599999999998,1,1,1
room_no_oren,1,164,0,21.163,1,1,1
room_no_oren,1,165,0,20.991700000000002,1,1,1
room_no_oren,1,166,0,21.5594,1,1,1
room_no_oren,1,167,0,21.1754,1,1,1
room_no_oren,1,168,0,21.2195,1,1,1
room_no_oren,1,169,0,21.5062,1,1,1
room_no_oren,1,170,0,21.140999999999998,1,1,1
room_no_oren,1,171,0,21.230499999999999,1,1,1
room_no_oren,1,172,0,21.676200000000001,1,1,1
room_no_oren,1,173,0,21.044799999999999,1,1,1
room_no_oren,1,174,0,21.1828,1,1,1
room_no_oren,1,175,0,21.376999999999999,1,1,1
room_no_oren,1,176,0,21.170300000000001,1,1,1
room_no_oren,1,177,0,21.219000000000001,1,1,1
room_no_oren,1,178,0,21.751799999999999,1,1,1
room_no_oren,1,179,0,21.491599999999998,1,1,1
room_no_oren,1,180,0,21.254999999999999,1,1,1
room_no_oren,1,181,0,21.550799999999999,1,1,1
room_no_oren,1,182,0,21.191500000000001,1,1,1
room_no_oren,1,183,0,21.437100000000001,1,1,1
room_no_oren,1,184,0,21.775300000000001,1,1,1
room_no_oren,1,185,0,21.548400000000001,1,1,1
room_no_oren,1,186,0,21.334800000000001,1,1,1
room_no_oren,1,187,0,21.520499999999998,1,1,1
room_no_oren,1,188,0,20.925000000000001,1,1,1
room_no_oren,1,189,0,21.251200000000001,1,1,1
room_no_oren,1,190,0,21.3825,1,1,1
room_no_oren,1,191,0,21.177499999999998,1,1,1
room_no_oren,1,192,0,21.1144,1,1,1
room_no_oren,1,193,0,21.351700000000001,1,1,1
room_no_oren,1,194,0,21.535599999999999,1,1,1
room_no_oren,1,195,0,21.767700000000001,1,1,1
room_no_oren,1,196,0,21.700099999999999,1,1,1
room_no_oren,1,197,0,21.290900000000001,1,1,1
room_no_oren,1,198,0,21.2439,1,1,1
room_no_oren,1,199,0,21.389099999999999,1,1,1
room_no_oren,1,200,0,21.309999999999999,1,1,1
room_no_oren,1,201,0,21.1006,1,1,1
room_no_oren,1,202,0,21.348500000000001,1,1,1
room_no_oren,1,203,0,21.474499999999999,1,1,1
room_no_oren,1,204,0,21.3245,1,1,1
room_no_oren,1,205,0,21.240200000000002,1,1,1
room_no_oren,1,206,0,21.1449,1,1,1
room_no_oren,1,207,0,21.136600000000001,1,1,1
room_no_oren,1,208,0,22.027799999999999,1,1,1
room_no_oren,1,209,0,21.5807,1,1,1
room_no_oren,1,210,0,21.3477,1,1,1
room_no_oren,1,211,0,21.345500000000001,1,1,1
room_no_oren,1,212,0,21.235299999999999,1,1,1
room_no_oren,1,213,0,20.957599999999999,1,1,1
room_no_oren,1,214,0,21.335899999999999,1,1,1
room_no_oren,1,215,0,21.222000000000001,1,1,1
room_no_oren,1,216,0,21.0379,1,1,1
room_no_oren,1,217,0,21.629799999999999,1,1,1
room_no_oren,1,218,0,21.260899999999999,1,1,1
room_no_oren,1,219,0,20.956199999999999,1,1,1
room_no_oren,1,220,0,21.4923,1,1,1
room_no_oren,1,221,0,21.3508,1,1,1
room_no_oren,1,222,0,21.234500000000001,1,1,1
room_no_oren,1,223,0,22.019500000000001,1,1,1
room_no_oren,1,224,0,21.395900000000001,1,1,1
room_no_oren,1,225,0,21.120699999999999,1,1,1
room_no_oren,1,226,0,21.307300000000001,1,1,1
room_no_oren,1,227,0,21.386600000000001,1,1,1
room_no_oren,1,228,0,21.422499999999999,1,1,1
room_no_oren,1,229,0,21.4864,1,1,1
room_no_oren,1,230,0,21.236799999999999,1,1,1
room_no_oren,1,231,0,21.495000000000001,1,1,1
room_no_oren,1,232,0,21.4117,1,1,1
room_no_oren,1,233,0,21.430700000000002,1,1,1
room_no_oren,1,234,0,21.349799999999998,1,1,1
room_no_oren,1,235,0,21.3367,1,1,1
room_no_oren,1,236,0,21.109200000000001,1,1,1
room_no_oren,1,237,0,21.251000000000001,1,1,1
room_no_oren,1,238,0,21.7364,1,1,1
room_no_oren,1,239,0,21.409500000000001,1,1,1
room_no_oren,1,240,0,21.546199999999999,1,1,1
room_no_oren,1,241,0,21.893599999999999,1,1,1
room_no_oren,1,242,0,21.2181,1,1,1
room_no_oren,1,243,0,21.355899999999998,1,1,1
room_no_oren,1,244,0,21.402699999999999,1,1,1
room_no_oren,1,245,0,21.307099999999998,1,1,1
room_no_oren,1,246,0,21.161100000000001,1,1,1
room_no_oren,1,247,0,21.156500000000001,1,1,1
room_no_oren,1,248,0,21.342400000000001,1,1,1
room_no_oren,1,249,0,21.386099999999999,1,1,1
room_no_oren,1,250,0,21.223600000000001,1,1,1
room_no_oren,1,251,0,20.898800000000001,1,1,1
room_no_oren,1,252,0,21.7501,1,1,1
room_no_oren,1,253,0,21.271100000000001,1,1,1
room_no_oren,1,254,0,21.3842,1,1,1
room_no_oren,1,255,0,21.191299999999998,1,1,1
room_no_oren,1,256,0,21.330300000000001,1,1,1
room_no_oren,1,257,0,21.488099999999999,1,1,1
room_no_oren,1,258,0,21.322500000000002,1,1,1
room_no_oren,1,259,0,21.4816,1,1,1
room_no_oren,1,260,0,20.9361,1,1,1
room_no_oren,1,261,0,21.054500000000001,1,1,1
room_no_oren,1,262,0,21.832699999999999,1,1,1
room_no_oren,1,263,0,21.509399999999999,1,1,1
room_no_oren,1,264,0,21.755299999999998,1,1,1
room_no_oren,1,265,0,21.564599999999999,1,1,1
room_no_oren,1,266,0,21.208300000000001,1,1,1
room_no_oren,1,267,0,21.413399999999999,1,1,1
room_no_oren,1,268,0,22.2883,1,1,1
room_no_oren,1,269,0,21.377300000000002,1,1,1
room_no_oren,1,270,0,20.926400000000001,1,1,1
room_no_oren,1,271,0,21.698399999999999,1,1,1
room_no_oren,1,272,0,21.169,1,1,1
room_no_oren,1,273,0,21.0335,1,1,1
room_no_oren,1,274,0,21.659300000000002,1,1,1
room_no_oren,1,275,0,21.166,1,1,1
room_no_oren,1,276,0,21.384899999999998,1,1,1
room_no_oren,1,277,0,21.6218,1,1,1
room_no_oren,1,278,0,21.539200000000001,1,1,1
room_no_oren,1,279,0,21.485600000000002,1,1,1
room_no_oren,1,280,0,21.424900000000001,1,1,1
room_no_oren,1,281,0,21.353899999999999,1,1,1
room_no_oren,1,282,0,21.631,1,1,1
room_no_oren,1,283,0,21.464300000000001,1,1,1
room_no_oren,1,284,0,21.1752,1,1,1
room_no_oren,1,285,0,21.0322,1,1,1
room_no_oren,1,286,0,21.190100000000001,1,1,1
room_no_oren,1,287,0,20.9297,1,1,1
room_no_oren,1,288,0,21.361899999999999,1,1,1
room_opaque_glass,1,1,1,22.069400000000002,1,1,1
room_opaque_glass,1,2,1,22.404800000000002,1,1,1
room_opaque_glass,1,3,1,21.4223,1,1,1
room_opaque_glass,1,4,1,21.398199999999999,1,1,1
room_opaque_glass,1,5,1,21.217099999999999,1,1,1
room_opaque_glass,1,6,1,21.285499999999999,1,1,1
room_opaque_glass,1,7,1,21.1752,1,1,1
room_opaque_glass,1,8,1,20.773099999999999,1,1,1
room_opaque_glass,1,9,1,21.135200000000001,1,1,1
room_opaque_glass,1,10,1,20.707799999999999,1,1,1
room_opaque_glass,1,11,1,21.849599999999999,1,1,1
room_opaque_glass,1,12,1,21.257300000000001,1,1,1
room_opaque_glass,1,13,1,21.461600000000001,1,1,1
room_opaque_glass,1,14,1,21.183700000000002,1,1,1
room_opaque_glass,1,15,1,21.796099999999999,1,1,1
room_opaque_glass,1,16,1,21.928599999999999,1,1,1
room_opaque_glass,1,17,1,21.707699999999999,1,1,1
room_opaque_glass,1,18,1,21.5185,1,1,1
room_opaque_glass,1,19,1,21.153400000000001,1,1,1
room_opaque_glass,1,20,1,21.722799999999999,1,1,1
room_opaque_glass,1,21,1,21.531199999999998,1,1,1
room_opaque_glass,1,22,1,21.386600000000001,1,1,1
room_opaque_glass,1,23,1,21.055499999999999,1,1,1
room_opaque_glass,1,24,1,21.311599999999999,1,1,1
room_opaque_glass,1,25,1,21.1524,1,1,1
room_opaque_glass,1,26,1,21.555399999999999,1,1,1
room_opaque_glass,1,27,1,21.055599999999998,1,1,1
room_opaque_glass,1,28,1,21.048500000000001,1,1,1
room_opaque_glass,1,29,1,21.295000000000002,1,1,1
room_opaque_glass,1,30,1,20.908000000000001,1,1,1
room_opaque_glass,1,31,1,21.205100000000002,1,1,1
room_opaque_glass,1,32,1,21.4727,1,1,1
room_opaque_glass,1,33,0,21.744299999999999,1,1,1
room_opaque_glass,1,34,0,20.966000000000001,1,1,1
room_opaque_glass,1,35,0,21.303899999999999,1,1,1
room_opaque_glass,1,36,0,21.156500000000001,1,1,1
room_opaque_glass,1,37,0,21.0152,1,1,1
room_opaque_glass,1,38,0,21.438500000000001,1,1,1
room_opaque_glass,1,39,0,20.978999999999999,1,1,1
room_opaque_glass,1,40,0,20.934899999999999,1,1,1
room_opaque_glass,1,41,0,21.162700000000001,1,1,1
room_opaque_glass,1,42,0,21.506900000000002,1,1,1
room_opaque_glass,1,43,0,21.555199999999999,1,1,1
room_opaque_glass,1,44,0,21.261600000000001,1,1,1
room_opaque_glass,1,45,0,22.0566,1,1,1
room_opaque_glass,1,46,0,21.3919,1,1,1
room_opaque_glass,1,47,0,21.430900000000001,1,1,1
room_opaque_glass,1,48,0,21.736599999999999,1,1,1
room_opaque_glass,1,49,0,21.032599999999999,1,1,1
room_opaque_glass,1,50,0,21.305299999999999,1,1,1
room_opaque_glass,1,51,0,21.317,1,1,1
room_opaque_glass,1,52,0,20.954599999999999,1,1,1
room_opaque_glass,1,53,0,21.058,1,1,1
room_opaque_glass,1,54,0,20.9892,1,1,1
room_opaque_glass,1,55,0,20.847999999999999,1,1,1
room_opaque_glass,1,56,0,21.560199999999998,1,1,1
room_opaque_glass,1,57,0,21.297799999999999,1,1,1
room_opaque_glass,1,58,0,20.9421,1,1,1
room_opaque_glass,1,59,0,21.501300000000001,1,1,1
room_opaque_glass,1,60,0,21.264800000000001,1,1,1
room_opaque_glass,1,61,0,21.139700000000001,1,1,1
room_opaque_glass,1,62,0,21.300899999999999,1,1,1
room_opaque_glass,1,63,0,21.302,1,1,1
room_opaque_glass,1,64,0,21.386099999999999,1,1,1
room_opaque_glass,1,65,0,21.454999999999998,1,1,1
room_opaque_glass,1,66,0,21.154199999999999,1,1,1
room_opaque_glass,1,67,0,21.057400000000001,1,1,1
room_opaque_glass,1,68,0,21.214099999999998,1,1,1
room_opaque_glass,1,69,0,21.065000000000001,1,1,1
room_opaque_glass,1,70,0,21.012,1,1,1
room_opaque_glass,1,71,0,21.327999999999999,1,1,1
room_opaque_glass,1,72,0,21.687999999999999,1,1,1
room_opaque_glass,1,73,0,21.2102,1,1,1
room_opaque_glass,1,74,0,21.273800000000001,1,1,1
room_opaque_glass,1,75,0,21.064,1,1,1
room_opaque_glass,1,76,0,21.037700000000001,1,1,1
room_opaque_glass,1,77,0,21.581600000000002,1,1,1
room_opaque_glass,1,78,0,21.515799999999999,1,1,1
room_opaque_glass,1,79,0,21.155799999999999,1,1,1
room_opaque_glass,1,80,0,21.331800000000001,1,1,1
room_opaque_glass,1,81,0,21.349,1,1,1
room_opaque_glass,1,82,0,21.616900000000001,1,1,1
room_opaque_glass,1,83,0,21.5944,1,1,1
room_opaque_glass,1,84,0,21.7272,1,1,1
room_opaque_glass,1,85,0,21.7744,1,1,1
room_opaque_glass,1,86,0,21.386399999999998,1,1,1
room_opaque_glass,1,87,0,21.423100000000002,1,1,1
room_opaque_glass,1,88,0,21.814399999999999,1,1,1
room_opaque_glass,1,89,0,21.1206,1,1,1
room_opaque_glass,1,90,0,21.5961,1,1,1
room_opaque_glass,1,91,0,20.989999999999998,1,1,1
room_opaque_glass,1,92,0,21.1084,1,1,1
room_opaque_glass,1,93,0,21.444299999999998,1,1,1
room_opaque_glass,1,94,0,21.3506,1,1,1
room_opaque_glass,1,95,0,21.541899999999998,1,1,1
room_opaque_glass,1,96,0,21.366,1,1,1
room_opaque_glass,1,97,0,21.1782,1,1,1
room_opaque_glass,1,98,0,21.506699999999999,1,1,1
room_opaque_glass,1,99,0,21.238900000000001,1,1,1
room_opaque_glass,1,100,0,21.1934,1,1,1
room_opaque_glass,1,101,0,21.4907,1,1,1
room_opaque_glass,1,102,0,20.8931,1,1,1
room_opaque_glass,1,103,0,20.997499999999999,1,1,1
room_opaque_glass,1,104,0,21.308399999999999,1,1,1
room_opaque_glass,1,105,0,21.084299999999999,1,1,1
room_opaque_glass,1,106,0,20.840199999999999,1,1,1
room_opaque_glass,1,107,0,21.108499999999999,1,1,1
room_opaque_glass,1,108,0,21.474900000000002,1,1,1
room_opaque_glass,1,109,0,20.9114,1,1,1
room_opaque_glass,1,110,0,21.1889,1,1,1
room_opaque_glass,1,111,0,21.081,1,1,1
room_opaque_glass,1,112,0,21.001100000000001,1,1,1
room_opaque_glass,1,113,0,21.046199999999999,1,1,1
room_opaque_glass,1,114,0,20.8903,1,1,1
room_opaque_glass,1,115,0,21.0488,1,1,1
room_opaque_glass,1,116,0,21.4648,1,1,1
room_opaque_glass,1,117,0,21.010899999999999,1,1,1
room_opaque_glass,1,118,0,21.162600000000001,1,1,1
room_opaque_glass,1,119,0,21.453399999999998,1,1,1
room_opaque_glass,1,120,0,21.251999999999999,1,1,1
room_opaque_glass,1,121,0,21.130600000000001,1,1,1
room_opaque_glass,1,122,0,21.818999999999999,1,1,1
room_opaque_glass,1,123,0,21.2196,1,1,1
room_opaque_glass,1,124,0,21.096699999999998,1,1,1
room_opaque_glass,1,125,0,21.6967,1,1,1
room_opaque_glass,1,126,0,21.297799999999999,1,1,1
room_opaque_glass,1,127,0,21.118200000000002,1,1,1
room_opaque_glass,1,128,0,21.5687,1,1,1
room_opaque_glass,1,129,0,21.102499999999999,1,1,1
room_opaque_glass,1,130,0,21.112100000000002,1,1,1
room_opaque_glass,1,131,0,21.544799999999999,1,1,1
room_opaque_glass,1,132,0,21.165700000000001,1,1,1
room_opaque_glass,1,133,0,21.472200000000001,1,1,1
room_opaque_glass,1,134,0,21.192399999999999,1,1,1
room_opaque_glass,1,135,0,21.346599999999999,1,1,1
room_opaque_glass,1,136,0,21.231000000000002,1,1,1
room_opaque_glass,1,137,0,21.377500000000001,1,1,1
room_opaque_glass,1,138,0,21.7258,1,1,1
room_opaque_glass,1,139,0,21.244599999999998,1,1,1
room_opaque_glass,1,140,0,21.571300000000001,1,1,1
room_opaque_glass,1,141,0,20.969999999999999,1,1,1
room_opaque_glass,1,142,0,21.265000000000001,1,1,1
room_opaque_glass,1,143,0,21.625299999999999,1,1,1
room_opaque_glass,1,144,0,21.168199999999999,1,1,1
room_opaque_glass,1,145,0,21.2258,1,1,1
room_opaque_glass,1,146,0,21.313800000000001,1,1,1
room_opaque_glass,1,147,0,21.3017,1,1,1
room_opaque_glass,1,148,0,20.901299999999999,1,1,1
room_opaque_glass,1,149,0,21.2438,1,1,1
room_opaque_glass,1,150,0,21.003699999999998,1,1,1
room_opaque_glass,1,151,0,21.029499999999999,1,1,1
room_opaque_glass,1,152,0,21.5047,1,1,1
room_opaque_glass,1,153,0,21.659300000000002,1,1,1
room_opaque_glass,1,154,0,21.364000000000001,1,1,1
room_opaque_glass,1,155,0,21.232600000000001,1,1,1
room_opaque_glass,1,156,0,21.014199999999999,1,1,1
room_opaque_glass,1,157,0,20.893000000000001,1,1,1
room_opaque_glass,1,158,0,21.094000000000001,1,1,1
room_opaque_glass,1,159,0,20.917999999999999,1,1,1
room_opaque_glass,1,160,0,20.888999999999999,1,1,1
room_opaque_glass,1,161,0,21.016999999999999,1,1,1
room_opaque_glass,1,162,0,21.256499999999999,1,1,1
room_opaque_glass,1,163,0,20.976299999999998,1,1,1
room_opaque_glass,1,164,0,21.302199999999999,1,1,1
room_opaque_glass,1,165,0,20.842600000000001,1,1,1
room_opaque_glass,1,166,0,21.029399999999999,1,1,1
room_opaque_glass,1,167,0,21.189,1,1,1
room_opaque_glass,1,168,0,21.1008,1,1,1
room_opaque_glass,1,169,0,21.172599999999999,1,1,1
room_opaque_glass,1,170,0,21.451000000000001,1,1,1
room_opaque_glass,1,171,0,21.206499999999998,1,1,1
room_opaque_glass,1,172,0,21.154599999999999,1,1,1
room_opaque_glass,1,173,0,21.276299999999999,1,1,1
room_opaque_glass,1,174,0,21.043600000000001,1,1,1
room_opaque_glass,1,175,0,21.618400000000001,1,1,1
room_opaque_glass,1,176,0,21.381900000000002,1,1,1
room_opaque_glass,1,177,0,21.2652,1,1,1
room_opaque_glass,1,178,0,21.297699999999999,1,1,1
room_opaque_glass,1,179,0,21.4664,1,1,1
room_opaque_glass,1,180,0,21.997499999999999,1,1,1
room_opaque_glass,1,181,0,21.448399999999999,1,1,1
room_opaque_glass,1,182,0,21.3278,1,1,1
room_opaque_glass,1,183,0,21.177600000000002,1,1,1
room_opaque_glass,1,184,0,21.424700000000001,1,1,1
room_opaque_glass,1,185,0,21.491399999999999,1,1,1
room_opaque_glass,1,186,0,20.842199999999998,1,1,1
room_opaque_glass,1,187,0,20.9404,1,1,1
room_opaque_glass,1,188,0,21.098600000000001,1,1,1
room_opaque_glass,1,189,0,20.898800000000001,1,1,1
room_opaque_glass,1,190,0,21.054099999999998,1,1,1
room_opaque_glass,1,191,0,21.468699999999998,1,1,1
room_opaque_glass,1,192,0,21.3369,1,1,1
room_opaque_glass,1,193,0,21.0366,1,1,1
room_opaque_glass,1,194,0,21.6876,1,1,1
room_opaque_glass,1,195,0,20.948899999999998,1,1,1
room_opaque_glass,1,196,0,20.908300000000001,1,1,1
room_opaque_glass,1,197,0,21.630400000000002,1,1,1
room_opaque_glass,1,198,0,21.203499999999998,1,1,1
room_opaque_glass,1,199,0,21.329000000000001,1,1,1
room_opaque_glass,1,200,0,21.123100000000001,1,1,1
room_opaque_glass,1,201,0,20.973400000000002,1,1,1
room_opaque_glass,1,202,0,21.092300000000002,1,1,1
room_opaque_glass,1,203,0,21.1069,1,1,1
room_opaque_glass,1,204,0,20.992799999999999,1,1,1
room_opaque_glass,1,205,0,20.930199999999999,1,1,1
room_opaque_glass,1,206,0,21.1586,1,1,1
room_opaque_glass,1,207,0,21.41,1,1,1
room_opaque_glass,1,208,0,21.2058,1,1,1
room_opaque_glass,1,209,0,21.377400000000002,1,1,1
room_opaque_glass,1,210,0,21.5289,1,1,1
room_opaque_glass,1,211,0,21.098199999999999,1,1,1
room_opaque_glass,1,212,0,21.3949,1,1,1
room_opaque_glass,1,213,0,21.200500000000002,1,1,1
room_opaque_glass,1,214,0,21.479099999999999,1,1,1
room_opaque_glass,1,215,0,21.5914,1,1,1
room_opaque_glass,1,216,0,21.079799999999999,1,1,1
room_opaque_glass,1,217,0,20.9541,1,1,1
room_opaque_glass,1,218,0,21.254200000000001,1,1,1
room_opaque_glass,1,219,0,21.146699999999999,1,1,1
room_opaque_glass,1,220,0,20.879000000000001,1,1,1
room_opaque_glass,1,221,0,21.652799999999999,1,1,1
room_opaque_glass,1,222,0,21.651299999999999,1,1,1
room_opaque_glass,1,223,0,21.075500000000002,1,1,1
room_opaque_glass,1,224,0,21.516300000000001,1,1,1
room_opaque_glass,1,225,0,21.201599999999999,1,1,1
room_opaque_glass,1,226,0,21.811399999999999,1,1,1
room_opaque_glass,1,227,0,21.138500000000001,1,1,1
room_opaque_glass,1,228,0,21.286200000000001,1,1,1
room_opaque_glass,1,229,0,21.3826,1,1,1
room_opaque_glass,1,230,0,21.131900000000002,1,1,1
room_opaque_glass,1,231,0,20.971599999999999,1,1,1
room_opaque_glass,1,232,0,21.328299999999999,1,1,1
room_opaque_glass,1,233,0,20.9754,1,1,1
room_opaque_glass,1,234,0,21.839099999999998,1,1,1
room_opaque_glass,1,235,0,21.437799999999999,1,1,1
room_opaque_glass,1,236,0,21.269200000000001,1,1,1
room_opaque_glass,1,237,0,21.180499999999999,1,1,1
room_opaque_glass,1,238,0,21.482299999999999,1,1,1
room_opaque_glass,1,239,0,21.170300000000001,1,1,1
room_opaque_glass,1,240,0,21.152899999999999,1,1,1
room_opaque_glass,1,241,0,22.252600000000001,1,1,1
room_opaque_glass,1,242,0,21.023900000000001,1,1,1
room_opaque_glass,1,243,0,20.8766,1,1,1
room_opaque_glass,1,244,0,21.113499999999998,1,1,1
room_opaque_glass,1,245,0,21.273700000000002,1,1,1
room_opaque_glass,1,246,0,21.0505,1,1,1
room_opaque_glass,1,247,0,21.2774,1,1,1
room_opaque_glass,1,248,0,21.235700000000001,1,1,1
room_opaque_glass,1,249,0,21.375299999999999,1,1,1
room_opaque_glass,1,250,0,21.152699999999999,1,1,1
room_opaque_glass,1,251,0,20.950800000000001,1,1,1
room_opaque_glass,1,252,0,21.0444,1,1,1
room_opaque_glass,1,253,0,21.115200000000002,1,1,1
room_opaque_glass,1,254,0,21.346800000000002,1,1,1
room_opaque_glass,1,255,0,20.9954,1,1,1
room_opaque_glass,1,256,0,21.2943,1,1,1
room_opaque_glass,1,257,0,21.0671,1,1,1
room_opaque_glass,1,258,0,20.9483,1,1,1
room_opaque_glass,1,259,0,21.299099999999999,1,1,1
room_opaque_glass,1,260,0,21.081700000000001,1,1,1
room_opaque_glass,1,261,0,21.0991,1,1,1
room_opaque_glass,1,262,0,21.548100000000002,1,1,1
room_opaque_glass,1,263,0,21.273199999999999,1,1,1
room_opaque_glass,1,264,0,21.169499999999999,1,1,1
room_opaque_glass,1,265,0,21.348600000000001,1,1,1
room_opaque_glass,1,266,0,21.1006,1,1,1
room_opaque_glass,1,267,0,21.011600000000001,1,1,1
room_opaque_glass,1,268,0,21.273900000000001,1,1,1
room_opaque_glass,1,269,0,21.116299999999999,1,1,1
room_opaque_glass,1,270,0,21.166,1,1,1
room_opaque_glass,1,271,0,21.325399999999998,1,1,1
room_opaque_glass,1,272,0,21.759399999999999,1,1,1
room_opaque_glass,1,273,0,20.986000000000001,1,1,1
room_opaque_glass,1,274,0,21.560099999999998,1,1,1
room_opaque_glass,1,275,0,21.1221,1,1,1
room_opaque_glass,1,276,0,21.222000000000001,1,1,1
room_opaque_glass,1,277,0,21.358699999999999,1,1,1
room_opaque_glass,1,278,0,21.0915,1,1,1
room_opaque_glass,1,279,0,21.072800000000001,1,1,1
room_opaque_glass,1,280,0,21.215699999999998,1,1,1
room_opaque_glass,1,281,0,21.060500000000001,1,1,1
room_opaque_glass,1,282,0,21.222899999999999,1,1,1
room_opaque_glass,1,283,0,21.376899999999999,1,1,1
room_opaque_glass,1,284,0,21.0198,1,1,1
room_opaque_glass,1,285,0,20.9712,1,1,1
room_opaque_glass,1,286,0,21.337700000000002,1,1,1
room_opaque_glass,1,287,0,21.070799999999998,1,1,1
room_opaque_glass,1,288,0,21.226800000000001,1,1,1
metal_row,1,1,1,7.6845999999999997,1,1,1
metal_row,1,2,1,7.0628000000000002,1,1,1
metal_row,1,3,1,6.9089,1,1,1
metal_row,1,4,1,6.4161999999999999,1,1,1
metal_row,1,5,1,6.8136000000000001,1,1,1
metal_row,1,6,1,7.0393999999999997,1,1,1
metal_row,1,7,1,6.9207000000000001,1,1,1
metal_row,1,8,1,7.0092999999999996,1,1,1
metal_row,1,9,1,6.9188000000000001,1,1,1
metal_row,1,10,1,6.6786000000000003,1,1,1
metal_row,1,11,1,6.5147000000000004,1,1,1
metal_row,1,12,1,6.7027999999999999,1,1,1
metal_row,1,13,1,6.5316000000000001,1,1,1
metal_row,1,14,1,7.6323999999999996,1,1,1
metal_row,1,15,1,6.8183999999999996,1,1,1
metal_row,1,16,1,6.5462999999999996,1,1,1
metal_row,1,17,1,6.6977000000000002,1,1,1
metal_row,1,18,1,6.8005000000000004,1,1,1
metal_row,1,19,1,6.7759,1,1,1
metal_row,1,20,1,6.7897999999999996,1,1,1
metal_row,1,21,1,6.7153,1,1,1
metal_row,1,22,1,6.7180999999999997,1,1,1
metal_row,1,23,1,6.7984,1,1,1
metal_row,1,24,1,7.0090000000000003,1,1,1
metal_row,1,25,1,6.5663,1,1,1
metal_row,1,26,1,7.0523999999999996,1,1,1
metal_row,1,27,1,6.7949000000000002,1,1,1
metal_row,1,28,1,6.7291999999999996,1,1,1
metal_row,1,29,1,7.9207999999999998,1,1,1
metal_row,1,30,1,7.0186999999999999,1,1,1
metal_row,1,31,1,6.8757000000000001,1,1,1
metal_row,1,32,1,6.9039000000000001,1,1,1
metal_row,1,33,0,6.7224000000000004,1,1,1
metal_row,1,34,0,6.7184999999999997,1,1,1
metal_row,1,35,0,6.8853,1,1,1
metal_row,1,36,0,7.2530000000000001,1,1,1
metal_row,1,37,0,7.0026000000000002,1,1,1
metal_row,1,38,0,7.1165000000000003,1,1,1
metal_row,1,39,0,6.8840000000000003,1,1,1
metal_row,1,40,0,8.5236000000000001,1,1,1
metal_row,1,41,0,7.1631999999999998,1,1,1
metal_row,1,42,0,6.8387000000000002,1,1,1
metal_row,1,43,0,6.7866999999999997,1,1,1
metal_row,1,44,0,6.8224999999999998,1,1,1
metal_row,1,45,0,6.7641,1,1,1
metal_row,1,46,0,6.6817000000000002,1,1,1
metal_row,1,47,0,6.7934999999999999,1,1,1
metal_row,1,48,0,6.7816000000000001,1,1,1
metal_row,1,49,0,6.7388000000000003,1,1,1
metal_row,1,50,0,7.1874000000000002,1,1,1
metal_row,1,51,0,6.7610000000000001,1,1,1
metal_row,1,52,0,6.7614000000000001,1,1,1
metal_row,1,53,0,7.1837999999999997,1,1,1
metal_row,1,54,0,6.7182000000000004,1,1,1
metal_row,1,55,0,6.9057000000000004,1,1,1
metal_row,1,56,0,7.2554999999999996,1,1,1
metal_row,1,57,0,6.9343000000000004,1,1,1
metal_row,1,58,0,7.1844999999999999,1,1,1
metal_row,1,59,0,7.7100999999999997,1,1,1
metal_row,1,60,0,7.3715999999999999,1,1,1
metal_row,1,61,0,6.8494000000000002,1,1,1
metal_row,1,62,0,7.0910000000000002,1,1,1
metal_row,1,63,0,6.7805999999999997,1,1,1
metal_row,1,64,0,7.0563000000000002,1,1,1
metal_row,1,65,0,7.4481000000000002,1,1,1
metal_row,1,66,0,7.2340999999999998,1,1,1
metal_row,1,67,0,7.3082000000000003,1,1,1
metal_row,1,68,0,7.1120999999999999,1,1,1
metal_row,1,69,0,7.2239000000000004,1,1,1
metal_row,1,70,0,6.891,1,1,1
metal_row,1,71,0,7.0914000000000001,1,1,1
metal_row,1,72,0,6.9564000000000004,1,1,1
metal_row,1,73,0,7.2633999999999999,1,1,1
metal_row,1,74,0,7.4551999999999996,1,1,1
metal_row,1,75,0,7.0095999999999998,1,1,1
metal_row,1,76,0,7.0793999999999997,1,1,1
metal_row,1,77,0,7.1207000000000003,1,1,1
metal_row,1,78,0,7.1788999999999996,1,1,1
metal_row,1,79,0,7.3860999999999999,1,1,1
metal_row,1,80,0,7.5327999999999999,1,1,1
metal_row,1,81,0,7.4516999999999998,1,1,1
metal_row,1,82,0,7.2553999999999998,1,1,1
metal_row,1,83,0,7.5945999999999998,1,1,1
metal_row,1,84,0,6.9897,1,1,1
metal_row,1,85,0,7.0170000000000003,1,1,1
metal_row,1,86,0,7.1208999999999998,1,1,1
metal_row,1,87,0,6.9851000000000001,1,1,1
metal_row,1,88,0,7.3312999999999997,1,1,1
metal_row,1,89,0,7.2096,1,1,1
metal_row,1,90,0,7.3507999999999996,1,1,1
metal_row,1,91,0,7.5063000000000004,1,1,1
metal_row,1,92,0,7.665,1,1,1
metal_row,1,93,0,7.6074999999999999,1,1,1
metal_row,1,94,0,7.1581999999999999,1,1,1
metal_row,1,95,0,7.5094000000000003,1,1,1
metal_row,1,96,0,7.5831,1,1,1
metal_row,1,97,0,7.4762000000000004,1,1,1
metal_row,1,98,0,7.3685999999999998,1,1,1
metal_row,1,99,0,7.0627000000000004,1,1,1
metal_row,1,100,0,8.0861999999999998,1,1,1
metal_row,1,101,0,7.9745999999999997,1,1,1
metal_row,1,102,0,8.0564,1,1,1
metal_row,1,103,0,7.3752000000000004,1,1,1
metal_row,1,104,0,7.3484999999999996,1,1,1
metal_row,1,105,0,7.3494000000000002,1,1,1
metal_row,1,106,0,7.1982999999999997,1,1,1
metal_row,1,107,0,7.5429000000000004,1,1,1
metal_row,1,108,0,7.5435999999999996,1,1,1
metal_row,1,109,0,7.1881000000000004,1,1,1
metal_row,1,110,0,7.4958,1,1,1
metal_row,1,111,0,7.2817999999999996,1,1,1
metal_row,1,112,0,7.2983000000000002,1,1,1
metal_row,1,113,0,7.2042999999999999,1,1,1
metal_row,1,114,0,7.1132999999999997,1,1,1
metal_row,1,115,0,7.0138999999999996,1,1,1
metal_row,1,116,0,7.4219999999999997,1,1,1
metal_row,1,117,0,7.0255999999999998,1,1,1
metal_row,1,118,0,7.4797000000000002,1,1,1
metal_row,1,119,0,8.1936,1,1,1
metal_row,1,120,0,7.3282999999999996,1,1,1
metal_row,1,121,0,7.5660999999999996,1,1,1
metal_row,1,122,0,7.3025000000000002,1,1,1
metal_row,1,123,0,7.0934999999999997,1,1,1
metal_row,1,124,0,8.5800999999999998,1,1,1
metal_row,1,125,0,7.3642000000000003,1,1,1
metal_row,1,126,0,7.3281999999999998,1,1,1
metal_row,1,127,0,7.1479999999999997,1,1,1
metal_row,1,128,0,7.2068000000000003,1,1,1
metal_row,1,129,0,7.2065000000000001,1,1,1
metal_row,1,130,0,7.0659000000000001,1,1,1
metal_row,1,131,0,7.1124999999999998,1,1,1
metal_row,1,132,0,6.9635999999999996,1,1,1
metal_row,1,133,0,7.1707000000000001,1,1,1
metal_row,1,134,0,7.1066000000000003,1,1,1
metal_row,1,135,0,7.4356,1,1,1
metal_row,1,136,0,7.1036999999999999,1,1,1
metal_row,1,137,0,7.0511999999999997,1,1,1
metal_row,1,138,0,7.5613999999999999,1,1,1
metal_row,1,139,0,7.0213000000000001,1,1,1
metal_row,1,140,0,7.4273999999999996,1,1,1
metal_row,1,141,0,7.1990999999999996,1,1,1
metal_row,1,142,0,7.1717000000000004,1,1,1
metal_row,1,143,0,7.1798000000000002,1,1,1
metal_row,1,144,0,7.2412000000000001,1,1,1
metal_row,1,145,0,7.4527000000000001,1,1,1
metal_row,1,146,0,7.1820000000000004,1,1,1
metal_row,1,147,0,7.4401999999999999,1,1,1
metal_row,1,148,0,7.0808999999999997,1,1,1
metal_row,1,149,0,7.4584999999999999,1,1,1
metal_row,1,150,0,7.9169999999999998,1,1,1
metal_row,1,151,0,7.2835999999999999,1,1,1
metal_row,1,152,0,7.2878999999999996,1,1,1
metal_row,1,153,0,7.4283000000000001,1,1,1
metal_row,1,154,0,7.2609000000000004,1,1,1
metal_row,1,155,0,7.1943000000000001,1,1,1
metal_row,1,156,0,7.3604000000000003,1,1,1
metal_row,1,157,0,7.3598999999999997,1,1,1
metal_row,1,158,0,7.0868000000000002,1,1,1
metal_row,1,159,0,7.2423000000000002,1,1,1
metal_row,1,160,0,6.9694000000000003,1,1,1
metal_row,1,161,0,7.0568,1,1,1
metal_row,1,162,0,7.0913000000000004,1,1,1
metal_row,1,163,0,7.3596000000000004,1,1,1
metal_row,1,164,0,7.2092999999999998,1,1,1
metal_row,1,165,0,7.0107999999999997,1,1,1
metal_row,1,166,0,7.2962999999999996,1,1,1
metal_row,1,167,0,7.2925000000000004,1,1,1
metal_row,1,168,0,7.7652000000000001,1,1,1
metal_row,1,169,0,7.4775,1,1,1
metal_row,1,170,0,7.0795000000000003,1,1,1
metal_row,1,171,0,7.1014999999999997,1,1,1
metal_row,1,172,0,7.3720999999999997,1,1,1
metal_row,1,173,0,7.0336999999999996,1,1,1
metal_row,1,174,0,7.0030000000000001,1,1,1
metal_row,1,175,0,7.2594000000000003,1,1,1
metal_row,1,176,0,7.2256,1,1,1
metal_row,1,177,0,6.8628,1,1,1
metal_row,1,178,0,7.3445,1,1,1
metal_row,1,179,0,7.0941000000000001,1,1,1
metal_row,1,180,0,7.2595999999999998,1,1,1
metal_row,1,181,0,7.7798999999999996,1,1,1
metal_row,1,182,0,7.1862000000000004,1,1,1
metal_row,1,183,0,7.2774000000000001,1,1,1
metal_row,1,184,0,8.6105,1,1,1
metal_row,1,185,0,7.3494999999999999,1,1,1
metal_row,1,186,0,7.1642000000000001,1,1,1
metal_row,1,187,0,7.3739999999999997,1,1,1
metal_row,1,188,0,7.1664000000000003,1,1,1
metal_row,1,189,0,7.1055000000000001,1,1,1
metal_row,1,190,0,7.1662999999999997,1,1,1
metal_row,1,191,0,7.0270000000000001,1,1,1
metal_row,1,192,0,7.2986000000000004,1,1,1
metal_row,1,193,0,7.2195,1,1,1
metal_row,1,194,0,7.0316999999999998,1,1,1
metal_row,1,195,0,7.2079000000000004,1,1,1
metal_row,1,196,0,7.3510999999999997,1,1,1
metal_row,1,197,0,7.1642000000000001,1,1,1
metal_row,1,198,0,7.5331999999999999,1,1,1
metal_row,1,199,0,7.2519,1,1,1
metal_row,1,200,0,7.1135000000000002,1,1,1
metal_row,1,201,0,6.9589999999999996,1,1,1
metal_row,1,202,0,7.3358999999999996,1,1,1
metal_row,1,203,0,7.0240999999999998,1,1,1
metal_row,1,204,0,7.0674999999999999,1,1,1
metal_row,1,205,0,7.0349000000000004,1,1,1
metal_row,1,206,0,6.9965999999999999,1,1,1
metal_row,1,207,0,7.0111999999999997,1,1,1
metal_row,1,208,0,6.7983000000000002,1,1,1
metal_row,1,209,0,6.9531999999999998,1,1,1
metal_row,1,210,0,7.0182000000000002,1,1,1
metal_row,1,211,0,6.9904999999999999,1,1,1
metal_row,1,212,0,7.4249999999999998,1,1,1
metal_row,1,213,0,7.1887999999999996,1,1,1
metal_row,1,214,0,7.3525,1,1,1
metal_row,1,215,0,7.1604000000000001,1,1,1
metal_row,1,216,0,7.1642999999999999,1,1,1
metal_row,1,217,0,7.1619000000000002,1,1,1
metal_row,1,218,0,7.4058000000000002,1,1,1
metal_row,1,219,0,7.1535000000000002,1,1,1
metal_row,1,220,0,7.2760999999999996,1,1,1
metal_row,1,221,0,7.4573999999999998,1,1,1
metal_row,1,222,0,7.0560999999999998,1,1,1
metal_row,1,223,0,7.1451000000000002,1,1,1
metal_row,1,224,0,7.3277000000000001,1,1,1
metal_row,1,225,0,7.0308000000000002,1,1,1
metal_row,1,226,0,7.2737999999999996,1,1,1
metal_row,1,227,0,7.3360000000000003,1,1,1
metal_row,1,228,0,7.6142000000000003,1,1,1
metal_row,1,229,0,7.2807000000000004,1,1,1
metal_row,1,230,0,7.2712000000000003,1,1,1
metal_row,1,231,0,7.0664999999999996,1,1,1
metal_row,1,232,0,7.2563000000000004,1,1,1
metal_row,1,233,0,7.1116999999999999,1,1,1
metal_row,1,234,0,7.1058000000000003,1,1,1
metal_row,1,235,0,7.0566000000000004,1,1,1
metal_row,1,236,0,7.04,1,1,1
metal_row,1,237,0,7.2893999999999997,1,1,1
metal_row,1,238,0,7.3399999999999999,1,1,1
metal_row,1,239,0,7.0292000000000003,1,1,1
metal_row,1,240,0,7.8711000000000002,1,1,1
metal_row,1,241,0,7.6783000000000001,1,1,1
metal_row,1,242,0,7.5648,1,1,1
metal_row,1,243,0,7.4659000000000004,1,1,1
metal_row,1,244,0,8.5555000000000003,1,1,1
metal_row,1,245,0,7.2652999999999999,1,1,1
metal_row,1,246,0,7.3677000000000001,1,1,1
metal_row,1,247,0,7.2354000000000003,1,1,1
metal_row,1,248,0,7.0071000000000003,1,1,1
metal_row,1,249,0,7.2525000000000004,1,1,1
metal_row,1,250,0,7.2436999999999996,1,1,1
metal_row,1,251,0,7.2122999999999999,1,1,1
metal_row,1,252,0,7.4287000000000001,1,1,1
metal_row,1,253,0,7.1143999999999998,1,1,1
metal_row,1,254,0,7.1054000000000004,1,1,1
metal_row,1,255,0,7.2967000000000004,1,1,1
metal_row,1,256,0,6.9884000000000004,1,1,1
metal_row,1,257,0,7.1337000000000002,1,1,1
metal_row,1,258,0,7.5507,1,1,1
metal_row,1,259,0,7.4358000000000004,1,1,1
metal_row,1,260,0,6.9729999999999999,1,1,1
metal_row,1,261,0,7.2397999999999998,1,1,1
metal_row,1,262,0,7.1435000000000004,1,1,1
metal_row,1,263,0,7.1174999999999997,1,1,1
metal_row,1,264,0,7.4047999999999998,1,1,1
metal_row,1,265,0,6.9893999999999998,1,1,1
metal_row,1,266,0,7.1539000000000001,1,1,1
metal_row,1,267,0,6.8954000000000004,1,1,1
metal_row,1,268,0,7.3775000000000004,1,1,1
metal_row,1,269,0,7.1165000000000003,1,1,1
metal_row,1,270,0,7.173,1,1,1
metal_row,1,271,0,7.3804999999999996,1,1,1
metal_row,1,272,0,6.9938000000000002,1,1,1
metal_row,1,273,0,7.1041999999999996,1,1,1
metal_row,1,274,0,7.2933000000000003,1,1,1
metal_row,1,275,0,7.0529000000000002,1,1,1
metal_row,1,276,0,7.1752000000000002,1,1,1
metal_row,1,277,0,7.5655000000000001,1,1,1
metal_row,1,278,0,7.4333,1,1,1
metal_row,1,279,0,7.0095000000000001,1,1,1
metal_row,1,280,0,7.2153999999999998,1,1,1
metal_row,1,281,0,7.0477999999999996,1,1,1
metal_row,1,282,0,7.2046000000000001,1,1,1
metal_row,1,283,0,7.6737000000000002,1,1,1
metal_row,1,284,0,7.0178000000000003,1,1,1
metal_row,1,285,0,7.1623999999999999,1,1,1
metal_row,1,286,0,7.1494,1,1,1
metal_row,1,287,0,6.9824000000000002,1,1,1
metal_row,1,288,0,7.5861999999999998,1,1,1
metal_reference,1,1,1,7.6722999999999999,1,1,1
metal_reference,1,2,1,6.8727,1,1,1
metal_reference,1,3,1,7.0255000000000001,1,1,1
metal_reference,1,4,1,7.1300999999999997,1,1,1
metal_reference,1,5,1,7.0961999999999996,1,1,1
metal_reference,1,6,1,7.0796999999999999,1,1,1
metal_reference,1,7,1,7.3526999999999996,1,1,1
metal_reference,1,8,1,7.4733000000000001,1,1,1
metal_reference,1,9,1,7.1806999999999999,1,1,1
metal_reference,1,10,1,7.2561,1,1,1
metal_reference,1,11,1,7.3303000000000003,1,1,1
metal_reference,1,12,1,7.5704000000000002,1,1,1
metal_reference,1,13,1,7.1295000000000002,1,1,1
metal_reference,1,14,1,7.1711999999999998,1,1,1
metal_reference,1,15,1,7.1163999999999996,1,1,1
metal_reference,1,16,1,7.0552000000000001,1,1,1
metal_reference,1,17,1,7.6970999999999998,1,1,1
metal_reference,1,18,1,7.9494999999999996,1,1,1
metal_reference,1,19,1,7.258,1,1,1
metal_reference,1,20,1,6.9439000000000002,1,1,1
metal_reference,1,21,1,7.1601999999999997,1,1,1
metal_reference,1,22,1,7.0678999999999998,1,1,1
metal_reference,1,23,1,6.7293000000000003,1,1,1
metal_reference,1,24,1,7.0841000000000003,1,1,1
metal_reference,1,25,1,6.9653999999999998,1,1,1
metal_reference,1,26,1,6.9820000000000002,1,1,1
metal_reference,1,27,1,7.2649999999999997,1,1,1
metal_reference,1,28,1,7.1353,1,1,1
metal_reference,1,29,1,7.7009999999999996,1,1,1
metal_reference,1,30,1,7.1330999999999998,1,1,1
metal_reference,1,31,1,7.0708000000000002,1,1,1
metal_reference,1,32,1,7.1294000000000004,1,1,1
metal_reference,1,33,0,7.2012,1,1,1
metal_reference,1,34,0,7.3400999999999996,1,1,1
metal_reference,1,35,0,7.5274999999999999,1,1,1
metal_reference,1,36,0,7.2873000000000001,1,1,1
metal_reference,1,37,0,6.9531999999999998,1,1,1
metal_reference,1,38,0,7.0628000000000002,1,1,1
metal_reference,1,39,0,6.8697999999999997,1,1,1
metal_reference,1,40,0,7.3459000000000003,1,1,1
metal_reference,1,41,0,7.3665000000000003,1,1,1
metal_reference,1,42,0,7.0526,1,1,1
metal_reference,1,43,0,7.3327999999999998,1,1,1
metal_reference,1,44,0,6.9782999999999999,1,1,1
metal_reference,1,45,0,7.0098000000000003,1,1,1
metal_reference,1,46,0,7.1707999999999998,1,1,1
metal_reference,1,47,0,7.1090999999999998,1,1,1
metal_reference,1,48,0,7.0143000000000004,1,1,1
metal_reference,1,49,0,6.9040999999999997,1,1,1
metal_reference,1,50,0,7.1455000000000002,1,1,1
metal_reference,1,51,0,6.8600000000000003,1,1,1
metal_reference,1,52,0,7.0571999999999999,1,1,1
metal_reference,1,53,0,7.2537000000000003,1,1,1
metal_reference,1,54,0,7.0883000000000003,1,1,1
metal_reference,1,55,0,7.2172000000000001,1,1,1
metal_reference,1,56,0,7.0176999999999996,1,1,1
metal_reference,1,57,0,7.0419,1,1,1
metal_reference,1,58,0,6.9889999999999999,1,1,1
metal_reference,1,59,0,7.3676000000000004,1,1,1
metal_reference,1,60,0,7.1398000000000001,1,1,1
metal_reference,1,61,0,7.0084999999999997,1,1,1
metal_reference,1,62,0,7.4615,1,1,1
metal_reference,1,63,0,6.9214000000000002,1,1,1
metal_reference,1,64,0,7.1269999999999998,1,1,1
metal_reference,1,65,0,7.9108999999999998,1,1,1
metal_reference,1,66,0,7.1051000000000002,1,1,1
metal_reference,1,67,0,7.0979000000000001,1,1,1
metal_reference,1,68,0,6.9185999999999996,1,1,1
metal_reference,1,69,0,7.3018999999999998,1,1,1
metal_reference,1,70,0,7.3710000000000004,1,1,1
metal_reference,1,71,0,7.5515999999999996,1,1,1
metal_reference,1,72,0,7.2324999999999999,1,1,1
metal_reference,1,73,0,7.0259,1,1,1
metal_reference,1,74,0,7.2195999999999998,1,1,1
metal_reference,1,75,0,7.2304000000000004,1,1,1
metal_reference,1,76,0,6.9663000000000004,1,1,1
metal_reference,1,77,0,6.8342999999999998,1,1,1
metal_reference,1,78,0,7.2881999999999998,1,1,1
metal_reference,1,79,0,7.2386999999999997,1,1,1
metal_reference,1,80,0,6.9391999999999996,1,1,1
metal_reference,1,81,0,7.3253000000000004,1,1,1
metal_reference,1,82,0,7.0826000000000002,1,1,1
metal_reference,1,83,0,7.0663,1,1,1
metal_reference,1,84,0,7.2403000000000004,1,1,1
metal_reference,1,85,0,6.9478,1,1,1
metal_reference,1,86,0,7.0228999999999999,1,1,1
metal_reference,1,87,0,7.1948999999999996,1,1,1
metal_reference,1,88,0,7.1173000000000002,1,1,1
metal_reference,1,89,0,6.9695999999999998,1,1,1
metal_reference,1,90,0,7.2008000000000001,1,1,1
metal_reference,1,91,0,6.9725000000000001,1,1,1
metal_reference,1,92,0,7.0796000000000001,1,1,1
metal_reference,1,93,0,7.1715999999999998,1,1,1
metal_reference,1,94,0,7.0560999999999998,1,1,1
metal_reference,1,95,0,7.5400999999999998,1,1,1
metal_reference,1,96,0,7.0083000000000002,1,1,1
metal_reference,1,97,0,7.0548000000000002,1,1,1
metal_reference,1,98,0,7.2525000000000004,1,1,1
metal_reference,1,99,0,7.2257999999999996,1,1,1
metal_reference,1,100,0,7.2500999999999998,1,1,1
metal_reference,1,101,0,7.0895999999999999,1,1,1
metal_reference,1,102,0,7.431,1,1,1
metal_reference,1,103,0,6.9413,1,1,1
metal_reference,1,104,0,6.9744000000000002,1,1,1
metal_reference,1,105,0,7.2443999999999997,1,1,1
metal_reference,1,106,0,7.0083000000000002,1,1,1
metal_reference,1,107,0,7.1885000000000003,1,1,1
metal_reference,1,108,0,8.0617999999999999,1,1,1
metal_reference,1,109,0,7.3899999999999997,1,1,1
metal_reference,1,110,0,7.1920999999999999,1,1,1
metal_reference,1,111,0,7.2899000000000003,1,1,1
metal_reference,1,112,0,7.0353000000000003,1,1,1
metal_reference,1,113,0,7.1363000000000003,1,1,1
metal_reference,1,114,0,7.4020000000000001,1,1,1
metal_reference,1,115,0,6.9884000000000004,1,1,1
metal_reference,1,116,0,7.1494999999999997,1,1,1
metal_reference,1,117,0,6.9527000000000001,1,1,1
metal_reference,1,118,0,7.0877999999999997,1,1,1
metal_reference,1,119,0,7.4965999999999999,1,1,1
metal_reference,1,120,0,7.1486000000000001,1,1,1
metal_reference,1,121,0,7.0545,1,1,1
metal_reference,1,122,0,6.8517999999999999,1,1,1
metal_reference,1,123,0,7.0095000000000001,1,1,1
metal_reference,1,124,0,7.2762000000000002,1,1,1
metal_reference,1,125,0,6.8898999999999999,1,1,1
metal_reference,1,126,0,7.0675999999999997,1,1,1
metal_reference,1,127,0,7.1383000000000001,1,1,1
metal_reference,1,128,0,6.8583999999999996,1,1,1
metal_reference,1,129,0,6.8860000000000001,1,1,1
metal_reference,1,130,0,7.2579000000000002,1,1,1
metal_reference,1,131,0,7.0243000000000002,1,1,1
metal_reference,1,132,0,6.8074000000000003,1,1,1
metal_reference,1,133,0,7.2592999999999996,1,1,1
metal_reference,1,134,0,6.8164999999999996,1,1,1
metal_reference,1,135,0,6.9462000000000002,1,1,1
metal_reference,1,136,0,7.3059000000000003,1,1,1
metal_reference,1,137,0,7.0006000000000004,1,1,1
metal_reference,1,138,0,7.1062000000000003,1,1,1
metal_reference,1,139,0,7.1496000000000004,1,1,1
metal_reference,1,140,0,6.9809000000000001,1,1,1
metal_reference,1,141,0,6.8169000000000004,1,1,1
metal_reference,1,142,0,7.0369999999999999,1,1,1
metal_reference,1,143,0,7.0566000000000004,1,1,1
metal_reference,1,144,0,6.8460999999999999,1,1,1
metal_reference,1,145,0,7.016,1,1,1
metal_reference,1,146,0,6.8840000000000003,1,1,1
metal_reference,1,147,0,6.9877000000000002,1,1,1
metal_reference,1,148,0,6.8776999999999999,1,1,1
metal_reference,1,149,0,6.8925999999999998,1,1,1
metal_reference,1,150,0,6.9542000000000002,1,1,1
metal_reference,1,151,0,6.9016999999999999,1,1,1
metal_reference,1,152,0,7.4675000000000002,1,1,1
metal_reference,1,153,0,6.9983000000000004,1,1,1
metal_reference,1,154,0,7.1266999999999996,1,1,1
metal_reference,1,155,0,7.968,1,1,1
metal_reference,1,156,0,7.1569000000000003,1,1,1
metal_reference,1,157,0,7.0707000000000004,1,1,1
metal_reference,1,158,0,7.1090999999999998,1,1,1
metal_reference,1,159,0,6.8243,1,1,1
metal_reference,1,160,0,6.7588999999999997,1,1,1
metal_reference,1,161,0,7.0926,1,1,1
metal_reference,1,162,0,7.1750999999999996,1,1,1
metal_reference,1,163,0,7.0410000000000004,1,1,1
metal_reference,1,164,0,7.2477999999999998,1,1,1
metal_reference,1,165,0,6.875,1,1,1
metal_reference,1,166,0,7.0156000000000001,1,1,1
metal_reference,1,167,0,7.1577999999999999,1,1,1
metal_reference,1,168,0,6.8676000000000004,1,1,1
metal_reference,1,169,0,6.9661999999999997,1,1,1
metal_reference,1,170,0,7.1208999999999998,1,1,1
metal_reference,1,171,0,7.0198,1,1,1
metal_reference,1,172,0,9.3000000000000007,1,1,1
metal_reference,1,173,0,7.4847000000000001,1,1,1
metal_reference,1,174,0,7.2176999999999998,1,1,1
metal_reference,1,175,0,7.0800000000000001,1,1,1
metal_reference,1,176,0,7.1429,1,1,1
metal_reference,1,177,0,6.8705999999999996,1,1,1
metal_reference,1,178,0,7.1670999999999996,1,1,1
metal_reference,1,179,0,7.0646000000000004,1,1,1
metal_reference,1,180,0,7.3472,1,1,1
metal_reference,1,181,0,7.1379000000000001,1,1,1
metal_reference,1,182,0,7.3220000000000001,1,1,1
metal_reference,1,183,0,7.2123999999999997,1,1,1
metal_reference,1,184,0,7.0117000000000003,1,1,1
metal_reference,1,185,0,6.9794999999999998,1,1,1
metal_reference,1,186,0,7.2535999999999996,1,1,1
metal_reference,1,187,0,7.0816999999999997,1,1,1
metal_reference,1,188,0,7.1124000000000001,1,1,1
metal_reference,1,189,0,7.3093000000000004,1,1,1
metal_reference,1,190,0,7.3015999999999996,1,1,1
metal_reference,1,191,0,7.1177999999999999,1,1,1
metal_reference,1,192,0,7.3935000000000004,1,1,1
metal_reference,1,193,0,7.0575000000000001,1,1,1
metal_reference,1,194,0,6.9012000000000002,1,1,1
metal_reference,1,195,0,7.1913999999999998,1,1,1
metal_reference,1,196,0,6.8667999999999996,1,1,1
metal_reference,1,197,0,6.9233000000000002,1,1,1
metal_reference,1,198,0,7.0877999999999997,1,1,1
metal_reference,1,199,0,7.9465000000000003,1,1,1
metal_reference,1,200,0,7.3182999999999998,1,1,1
metal_reference,1,201,0,7.3596000000000004,1,1,1
metal_reference,1,202,0,7.1710000000000003,1,1,1
metal_reference,1,203,0,6.9132999999999996,1,1,1
metal_reference,1,204,0,7.2880000000000003,1,1,1
metal_reference,1,205,0,6.9927999999999999,1,1,1
metal_reference,1,206,0,6.9164000000000003,1,1,1
metal_reference,1,207,0,7.2553999999999998,1,1,1
metal_reference,1,208,0,7.0782999999999996,1,1,1
metal_reference,1,209,0,6.8760000000000003,1,1,1
metal_reference,1,210,0,7.0069999999999997,1,1,1
metal_reference,1,211,0,6.9268000000000001,1,1,1
metal_reference,1,212,0,6.8383000000000003,1,1,1
metal_reference,1,213,0,6.9345999999999997,1,1,1
metal_reference,1,214,0,7.1098999999999997,1,1,1
metal_reference,1,215,0,6.8979999999999997,1,1,1
metal_reference,1,216,0,7.0747,1,1,1
metal_reference,1,217,0,7.0824999999999996,1,1,1
metal_reference,1,218,0,6.8895999999999997,1,1,1
metal_reference,1,219,0,7.0419999999999998,1,1,1
metal_reference,1,220,0,6.9268999999999998,1,1,1
metal_reference,1,221,0,6.9813999999999998,1,1,1
metal_reference,1,222,0,7.0488,1,1,1
metal_reference,1,223,0,7.0297000000000001,1,1,1
metal_reference,1,224,0,6.8695000000000004,1,1,1
metal_reference,1,225,0,7.1189,1,1,1
metal_reference,1,226,0,7.2910000000000004,1,1,1
metal_reference,1,227,0,6.9180000000000001,1,1,1
metal_reference,1,228,0,7.3696999999999999,1,1,1
metal_reference,1,229,0,7.0171000000000001,1,1,1
metal_reference,1,230,0,6.8705999999999996,1,1,1
metal_reference,1,231,0,7.2514000000000003,1,1,1
metal_reference,1,232,0,8.9795999999999996,1,1,1
metal_reference,1,233,0,7.5034000000000001,1,1,1
metal_reference,1,234,0,7.2481,1,1,1
metal_reference,1,235,0,7.1196000000000002,1,1,1
metal_reference,1,236,0,7.1482999999999999,1,1,1
metal_reference,1,237,0,6.9710000000000001,1,1,1
metal_reference,1,238,0,6.9625000000000004,1,1,1
metal_reference,1,239,0,7.0279999999999996,1,1,1
metal_reference,1,240,0,7.3395999999999999,1,1,1
metal_reference,1,241,0,6.9577999999999998,1,1,1
metal_reference,1,242,0,6.9981,1,1,1
metal_reference,1,243,0,7.0940000000000003,1,1,1
metal_reference,1,244,0,7.1984000000000004,1,1,1
metal_reference,1,245,0,7.1420000000000003,1,1,1
metal_reference,1,246,0,7.4463999999999997,1,1,1
metal_reference,1,247,0,7.1938000000000004,1,1,1
metal_reference,1,248,0,6.9046000000000003,1,1,1
metal_reference,1,249,0,7.0941000000000001,1,1,1
metal_reference,1,250,0,7.0800000000000001,1,1,1
metal_reference,1,251,0,6.9702999999999999,1,1,1
metal_reference,1,252,0,7.7160000000000002,1,1,1
metal_reference,1,253,0,7.8647999999999998,1,1,1
metal_reference,1,254,0,7.5244,1,1,1
metal_reference,1,255,0,7.1902999999999997,1,1,1
metal_reference,1,256,0,7.0397999999999996,1,1,1
metal_reference,1,257,0,6.8825000000000003,1,1,1
metal_reference,1,258,0,7.1017000000000001,1,1,1
metal_reference,1,259,0,7.0941999999999998,1,1,1
metal_reference,1,260,0,6.8677000000000001,1,1,1
metal_reference,1,261,0,7.2888999999999999,1,1,1
metal_reference,1,262,0,7.0437000000000003,1,1,1
metal_reference,1,263,0,6.9324000000000003,1,1,1
metal_reference,1,264,0,7.1818,1,1,1
metal_reference,1,265,0,7.0015000000000001,1,1,1
metal_reference,1,266,0,7.0015000000000001,1,1,1
metal_reference,1,267,0,7.2847,1,1,1
metal_reference,1,268,0,6.9992000000000001,1,1,1
metal_reference,1,269,0,6.9330999999999996,1,1,1
metal_reference,1,270,0,7.0064000000000002,1,1,1
metal_reference,1,271,0,7.1759000000000004,1,1,1
metal_reference,1,272,0,6.8520000000000003,1,1,1
metal_reference,1,273,0,7.2123999999999997,1,1,1
metal_reference,1,274,0,7.0221999999999998,1,1,1
metal_reference,1,275,0,6.9051,1,1,1
metal_reference,1,276,0,7.1452999999999998,1,1,1
metal_reference,1,277,0,7.0317999999999996,1,1,1
metal_reference,1,278,0,7.0632000000000001,1,1,1
metal_reference,1,279,0,7.1902999999999997,1,1,1
metal_reference,1,280,0,7.1344000000000003,1,1,1
metal_reference,1,281,0,7.1637000000000004,1,1,1
metal_reference,1,282,0,7.1943999999999999,1,1,1
metal_reference,1,283,0,7.1013000000000002,1,1,1
metal_reference,1,284,0,6.931,1,1,1
metal_reference,1,285,0,7.2266000000000004,1,1,1
metal_reference,1,286,0,7.2023000000000001,1,1,1
metal_reference,1,287,0,6.9774000000000003,1,1,1
metal_reference,1,288,0,7.2481,1,1,1
metal_reference,2,1,1,8.4494000000000007,1,1,1
metal_reference,2,2,1,9.3834999999999997,1,1,1
metal_reference,2,3,1,7.0505000000000004,1,1,1
metal_reference,2,4,1,7.1863999999999999,1,1,1
metal_reference,2,5,1,7.1348000000000003,1,1,1
metal_reference,2,6,1,7.1992000000000003,1,1,1
metal_reference,2,7,1,7.4410999999999996,1,1,1
metal_reference,2,8,1,7.0975000000000001,1,1,1
metal_reference,2,9,1,7.1063999999999998,1,1,1
metal_reference,2,10,1,7.5872999999999999,1,1,1
metal_reference,2,11,1,7.2942,1,1,1
metal_reference,2,12,1,7.0144000000000002,1,1,1
metal_reference,2,13,1,7.0358000000000001,1,1,1
metal_reference,2,14,1,7.3612000000000002,1,1,1
metal_reference,2,15,1,7.0499999999999998,1,1,1
metal_reference,2,16,1,7.1650999999999998,1,1,1
metal_reference,2,17,1,7.1817000000000002,1,1,1
metal_reference,2,18,1,7.0707000000000004,1,1,1
metal_reference,2,19,1,7.2618,1,1,1
metal_reference,2,20,1,7.3090000000000002,1,1,1
metal_reference,2,21,1,7.3632,1,1,1
metal_reference,2,22,1,7.3236999999999997,1,1,1
metal_reference,2,23,1,7.3095999999999997,1,1,1
metal_reference,2,24,1,7.2141000000000002,1,1,1
metal_reference,2,25,1,7.2230999999999996,1,1,1
metal_reference,2,26,1,7.4417999999999997,1,1,1
metal_reference,2,27,1,7.9477000000000002,1,1,1
metal_reference,2,28,1,9.1984999999999992,1,1,1
metal_reference,2,29,1,7.9237000000000002,1,1,1
metal_reference,2,30,1,7.8409000000000004,1,1,1
metal_reference,2,31,1,7.2319000000000004,1,1,1
metal_reference,2,32,1,7.2346000000000004,1,1,1
metal_reference,2,33,0,7.1147999999999998,1,1,1
metal_reference,2,34,0,7.0533000000000001,1,1,1
metal_reference,2,35,0,7.3445999999999998,1,1,1
metal_reference,2,36,0,7.7393999999999998,1,1,1
metal_reference,2,37,0,7.1845999999999997,1,1,1
metal_reference,2,38,0,7.3475000000000001,1,1,1
metal_reference,2,39,0,7.5358000000000001,1,1,1
metal_reference,2,40,0,7.5914999999999999,1,1,1
metal_reference,2,41,0,7.3929,1,1,1
metal_reference,2,42,0,7.4076000000000004,1,1,1
metal_reference,2,43,0,7.1764000000000001,1,1,1
metal_reference,2,44,0,7.3019999999999996,1,1,1
metal_reference,2,45,0,7.1961000000000004,1,1,1
metal_reference,2,46,0,7.3575999999999997,1,1,1
metal_reference,2,47,0,7.2858999999999998,1,1,1
metal_reference,2,48,0,7.3895,1,1,1
metal_reference,2,49,0,7.2351000000000001,1,1,1
metal_reference,2,50,0,7.4957000000000003,1,1,1
metal_reference,2,51,0,7.1433999999999997,1,1,1
metal_reference,2,52,0,7.5317999999999996,1,1,1
metal_reference,2,53,0,7.7454999999999998,1,1,1
metal_reference,2,54,0,7.4869000000000003,1,1,1
metal_reference,2,55,0,7.6797000000000004,1,1,1
metal_reference,2,56,0,8.6798999999999999,1,1,1
metal_reference,2,57,0,7.9854000000000003,1,1,1
metal_reference,2,58,0,7.4107000000000003,1,1,1
metal_reference,2,59,0,7.4500999999999999,1,1,1
metal_reference,2,60,0,7.4086999999999996,1,1,1
metal_reference,2,61,0,7.6938000000000004,1,1,1
metal_reference,2,62,0,7.9225000000000003,1,1,1
metal_reference,2,63,0,7.3426,1,1,1
metal_reference,2,64,0,7.8179999999999996,1,1,1
metal_reference,2,65,0,7.3438999999999997,1,1,1
metal_reference,2,66,0,7.3061999999999996,1,1,1
metal_reference,2,67,0,6.9638,1,1,1
metal_reference,2,68,0,7.2046000000000001,1,1,1
metal_reference,2,69,0,7.1191000000000004,1,1,1
metal_reference,2,70,0,7.1391,1,1,1
metal_reference,2,71,0,7.5126999999999997,1,1,1
metal_reference,2,72,0,7.3578000000000001,1,1,1
metal_reference,2,73,0,7.3838999999999997,1,1,1
metal_reference,2,74,0,7.2245999999999997,1,1,1
metal_reference,2,75,0,7.3350999999999997,1,1,1
metal_reference,2,76,0,7.3860999999999999,1,1,1
metal_reference,2,77,0,7.0446999999999997,1,1,1
metal_reference,2,78,0,7.2514000000000003,1,1,1
metal_reference,2,79,0,7.0677000000000003,1,1,1
metal_reference,2,80,0,7.1589,1,1,1
metal_reference,2,81,0,7.3898000000000001,1,1,1
metal_reference,2,82,0,7.1574,1,1,1
metal_reference,2,83,0,7.1889000000000003,1,1,1
metal_reference,2,84,0,7.2674000000000003,1,1,1
metal_reference,2,85,0,7.4203000000000001,1,1,1
metal_reference,2,86,0,7.0496999999999996,1,1,1
metal_reference,2,87,0,7.4604999999999997,1,1,1
metal_reference,2,88,0,7.3436000000000003,1,1,1
metal_reference,2,89,0,7.6184000000000003,1,1,1
metal_reference,2,90,0,7.9554,1,1,1
metal_reference,2,91,0,7.2869999999999999,1,1,1
metal_reference,2,92,0,7.3869999999999996,1,1,1
metal_reference,2,93,0,7.5717999999999996,1,1,1
metal_reference,2,94,0,7.1740000000000004,1,1,1
metal_reference,2,95,0,7.2009999999999996,1,1,1
metal_reference,2,96,0,7.5266000000000002,1,1,1
metal_reference,2,97,0,7.7073,1,1,1
metal_reference,2,98,0,7.1593,1,1,1
metal_reference,2,99,0,7.7435999999999998,1,1,1
metal_reference,2,100,0,7.8395999999999999,1,1,1
metal_reference,2,101,0,7.1429999999999998,1,1,1
metal_reference,2,102,0,7.383,1,1,1
metal_reference,2,103,0,7.3037999999999998,1,1,1
metal_reference,2,104,0,7.4615,1,1,1
metal_reference,2,105,0,7.1181000000000001,1,1,1
metal_reference,2,106,0,7.1881000000000004,1,1,1
metal_reference,2,107,0,7.1993999999999998,1,1,1
metal_reference,2,108,0,7.0731000000000002,1,1,1
metal_reference,2,109,0,7.6311,1,1,1
metal_reference,2,110,0,7.1886000000000001,1,1,1
metal_reference,2,111,0,7.2031000000000001,1,1,1
metal_reference,2,112,0,7.4941000000000004,1,1,1
metal_reference,2,113,0,7.1477000000000004,1,1,1
metal_reference,2,114,0,7.1136999999999997,1,1,1
metal_reference,2,115,0,7.5174000000000003,1,1,1
metal_reference,2,116,0,7.2732999999999999,1,1,1
metal_reference,2,117,0,7.0572999999999997,1,1,1
metal_reference,2,118,0,7.2442000000000002,1,1,1
metal_reference,2,119,0,7.3296999999999999,1,1,1
metal_reference,2,120,0,7.2397999999999998,1,1,1
metal_reference,2,121,0,7.4055999999999997,1,1,1
metal_reference,2,122,0,7.1295000000000002,1,1,1
metal_reference,2,123,0,7.2103999999999999,1,1,1
metal_reference,2,124,0,7.2706999999999997,1,1,1
metal_reference,2,125,0,7.3023999999999996,1,1,1
metal_reference,2,126,0,7.0709999999999997,1,1,1
metal_reference,2,127,0,7.4402999999999997,1,1,1
metal_reference,2,128,0,7.4515000000000002,1,1,1
metal_reference,2,129,0,7.0195999999999996,1,1,1
metal_reference,2,130,0,7.6970000000000001,1,1,1
metal_reference,2,131,0,7.5959000000000003,1,1,1
metal_reference,2,132,0,7.3379000000000003,1,1,1
metal_reference,2,133,0,7.7268999999999997,1,1,1
metal_reference,2,134,0,7.1288999999999998,1,1,1
metal_reference,2,135,0,7.4821999999999997,1,1,1
metal_reference,2,136,0,7.6044,1,1,1
metal_reference,2,137,0,7.2343000000000002,1,1,1
metal_reference,2,138,0,7.2784000000000004,1,1,1
metal_reference,2,139,0,7.4339000000000004,1,1,1
metal_reference,2,140,0,7.1647999999999996,1,1,1
metal_reference,2,141,0,7.0843999999999996,1,1,1
metal_reference,2,142,0,7.6330999999999998,1,1,1
metal_reference,2,143,0,7.1520000000000001,1,1,1
metal_reference,2,144,0,7.1871999999999998,1,1,1
metal_reference,2,145,0,7.3258000000000001,1,1,1
metal_reference,2,146,0,7.3060999999999998,1,1,1
metal_reference,2,147,0,8.0114999999999998,1,1,1
metal_reference,2,148,0,8.0831999999999997,1,1,1
metal_reference,2,149,0,7.6082999999999998,1,1,1
metal_reference,2,150,0,7.2771999999999997,1,1,1
metal_reference,2,151,0,7.4196999999999997,1,1,1
metal_reference,2,152,0,7.3727,1,1,1
metal_reference,2,153,0,7.1791,1,1,1
metal_reference,2,154,0,7.3334000000000001,1,1,1
metal_reference,2,155,0,7.3627000000000002,1,1,1
metal_reference,2,156,0,7.2408999999999999,1,1,1
metal_reference,2,157,0,7.1894999999999998,1,1,1
metal_reference,2,158,0,7.5091000000000001,1,1,1
metal_reference,2,159,0,7.0720999999999998,1,1,1
metal_reference,2,160,0,6.9851000000000001,1,1,1
metal_reference,2,161,0,7.6275000000000004,1,1,1
metal_reference,2,162,0,7.2263999999999999,1,1,1
metal_reference,2,163,0,7.1898999999999997,1,1,1
metal_reference,2,164,0,7.2976000000000001,1,1,1
metal_reference,2,165,0,7.0720000000000001,1,1,1
metal_reference,2,166,0,7.1607000000000003,1,1,1
metal_reference,2,167,0,7.3465999999999996,1,1,1
metal_reference,2,168,0,7.2907999999999999,1,1,1
metal_reference,2,169,0,7.0601000000000003,1,1,1
metal_reference,2,170,0,7.5909000000000004,1,1,1
metal_reference,2,171,0,7.1540999999999997,1,1,1
metal_reference,2,172,0,7.2735000000000003,1,1,1
metal_reference,2,173,0,7.5411000000000001,1,1,1
metal_reference,2,174,0,7.0926999999999998,1,1,1
metal_reference,2,175,0,7.1639999999999997,1,1,1
metal_reference,2,176,0,7.3594999999999997,1,1,1
metal_reference,2,177,0,7.0918999999999999,1,1,1
metal_reference,2,178,0,7.1478000000000002,1,1,1
metal_reference,2,179,0,7.0167000000000002,1,1,1
metal_reference,2,180,0,7.3658999999999999,1,1,1
metal_reference,2,181,0,7.1711999999999998,1,1,1
metal_reference,2,182,0,7.1352000000000002,1,1,1
metal_reference,2,183,0,7.1788999999999996,1,1,1
metal_reference,2,184,0,7.0494000000000003,1,1,1
metal_reference,2,185,0,7.1028000000000002,1,1,1
metal_reference,2,186,0,7.4368999999999996,1,1,1
metal_reference,2,187,0,7.2061999999999999,1,1,1
metal_reference,2,188,0,7.2100999999999997,1,1,1
metal_reference,2,189,0,7.4909999999999997,1,1,1
metal_reference,2,190,0,7.1992000000000003,1,1,1
metal_reference,2,191,0,7.0625,1,1,1
metal_reference,2,192,0,7.4282000000000004,1,1,1
metal_reference,2,193,0,6.9591000000000003,1,1,1
metal_reference,2,194,0,7.2055999999999996,1,1,1
metal_reference,2,195,0,7.3292999999999999,1,1,1
metal_reference,2,196,0,7.0384000000000002,1,1,1
metal_reference,2,197,0,7.1696999999999997,1,1,1
metal_reference,2,198,0,7.2412000000000001,1,1,1
metal_reference,2,199,0,7.2430000000000003,1,1,1
metal_reference,2,200,0,7.0891999999999999,1,1,1
metal_reference,2,201,0,7.4527999999999999,1,1,1
metal_reference,2,202,0,7.2972999999999999,1,1,1
metal_reference,2,203,0,7.2355999999999998,1,1,1
metal_reference,2,204,0,7.5959000000000003,1,1,1
metal_reference,2,205,0,7.1395999999999997,1,1,1
metal_reference,2,206,0,7.3704999999999998,1,1,1
metal_reference,2,207,0,7.4413,1,1,1
metal_reference,2,208,0,7.2001999999999997,1,1,1
metal_reference,2,209,0,7.0609000000000002,1,1,1
metal_reference,2,210,0,7.1532,1,1,1
metal_reference,2,211,0,7.4877000000000002,1,1,1
metal_reference,2,212,0,7.0814000000000004,1,1,1
metal_reference,2,213,0,7.1605999999999996,1,1,1
metal_reference,2,214,0,7.3464999999999998,1,1,1
metal_reference,2,215,0,7.1814,1,1,1
metal_reference,2,216,0,7.3066000000000004,1,1,1
metal_reference,2,217,0,7.5186999999999999,1,1,1
metal_reference,2,218,0,7.4165999999999999,1,1,1
metal_reference,2,219,0,7.2569999999999997,1,1,1
metal_reference,2,220,0,7.9287999999999998,1,1,1
metal_reference,2,221,0,7.4104999999999999,1,1,1
metal_reference,2,222,0,6.9869000000000003,1,1,1
metal_reference,2,223,0,7.2869000000000002,1,1,1
metal_reference,2,224,0,7.1024000000000003,1,1,1
metal_reference,2,225,0,7.7491000000000003,1,1,1
metal_reference,2,226,0,7.2664,1,1,1
metal_reference,2,227,0,7.1292999999999997,1,1,1
metal_reference,2,228,0,7.1596000000000002,1,1,1
metal_reference,2,229,0,7.2674000000000003,1,1,1
metal_reference,2,230,0,7.2839999999999998,1,1,1
metal_reference,2,231,0,7.0274000000000001,1,1,1
metal_reference,2,232,0,7.6264000000000003,1,1,1
metal_reference,2,233,0,7.1605999999999996,1,1,1
metal_reference,2,234,0,7.1238000000000001,1,1,1
metal_reference,2,235,0,7.4661,1,1,1
metal_reference,2,236,0,7.0377999999999998,1,1,1
metal_reference,2,237,0,7.1115000000000004,1,1,1
metal_reference,2,238,0,7.46,1,1,1
metal_reference,2,239,0,7.7263000000000002,1,1,1
metal_reference,2,240,0,7.2544000000000004,1,1,1
metal_reference,2,241,0,7.4661999999999997,1,1,1
metal_reference,2,242,0,7.1653000000000002,1,1,1
metal_reference,2,243,0,7.1402999999999999,1,1,1
metal_reference,2,244,0,7.4635999999999996,1,1,1
metal_reference,2,245,0,7.2179000000000002,1,1,1
metal_reference,2,246,0,7.1440999999999999,1,1,1
metal_reference,2,247,0,7.2206999999999999,1,1,1
metal_reference,2,248,0,7.5503999999999998,1,1,1
metal_reference,2,249,0,7.2653999999999996,1,1,1
metal_reference,2,250,0,7.7068000000000003,1,1,1
metal_reference,2,251,0,7.3578000000000001,1,1,1
metal_reference,2,252,0,7.2603999999999997,1,1,1
metal_reference,2,253,0,7.4470999999999998,1,1,1
metal_reference,2,254,0,7.2628000000000004,1,1,1
metal_reference,2,255,0,7.1322000000000001,1,1,1
metal_reference,2,256,0,7.0247999999999999,1,1,1
metal_reference,2,257,0,7.0044000000000004,1,1,1
metal_reference,2,258,0,7.2092999999999998,1,1,1
metal_reference,2,259,0,7.0867000000000004,1,1,1
metal_reference,2,260,0,7.0899999999999999,1,1,1
metal_reference,2,261,0,7.1283000000000003,1,1,1
metal_reference,2,262,0,7.0944000000000003,1,1,1
metal_reference,2,263,0,7.6300999999999997,1,1,1
metal_reference,2,264,0,7.1200000000000001,1,1,1
metal_reference,2,265,0,7.2496,1,1,1
metal_reference,2,266,0,7.3041999999999998,1,1,1
metal_reference,2,267,0,7.2305999999999999,1,1,1
metal_reference,2,268,0,7.2953999999999999,1,1,1
metal_reference,2,269,0,7.2675000000000001,1,1,1
metal_reference,2,270,0,7.3287000000000004,1,1,1
metal_reference,2,271,0,7.2728999999999999,1,1,1
metal_reference,2,272,0,7.3952,1,1,1
metal_reference,2,273,0,7.1891999999999996,1,1,1
metal_reference,2,274,0,7.1044,1,1,1
metal_reference,2,275,0,7.3611000000000004,1,1,1
metal_reference,2,276,0,7.2701000000000002,1,1,1
metal_reference,2,277,0,7.2279999999999998,1,1,1
metal_reference,2,278,0,7.2957999999999998,1,1,1
metal_reference,2,279,0,7.4466999999999999,1,1,1
metal_reference,2,280,0,7.2294999999999998,1,1,1
metal_reference,2,281,0,7.4753999999999996,1,1,1
metal_reference,2,282,0,7.3023999999999996,1,1,1
metal_reference,2,283,0,7.1974,1,1,1
metal_reference,2,284,0,7.1433,1,1,1
metal_reference,2,285,0,7.2005999999999997,1,1,1
metal_reference,2,286,0,7.0286999999999997,1,1,1
metal_reference,2,287,0,7.0296000000000003,1,1,1
metal_reference,2,288,0,7.0583999999999998,1,1,1
metal_row,2,1,1,7.5720000000000001,1,1,1
metal_row,2,2,1,7.6288,1,1,1
metal_row,2,3,1,6.8345000000000002,1,1,1
metal_row,2,4,1,7.2210000000000001,1,1,1
metal_row,2,5,1,7.1471,1,1,1
metal_row,2,6,1,7.3845000000000001,1,1,1
metal_row,2,7,1,7.8636999999999997,1,1,1
metal_row,2,8,1,7.3361000000000001,1,1,1
metal_row,2,9,1,7.0312999999999999,1,1,1
metal_row,2,10,1,7.2544000000000004,1,1,1
metal_row,2,11,1,7.1117999999999997,1,1,1
metal_row,2,12,1,7.1660000000000004,1,1,1
metal_row,2,13,1,7.5898000000000003,1,1,1
metal_row,2,14,1,7.4985999999999997,1,1,1
metal_row,2,15,1,7.4427000000000003,1,1,1
metal_row,2,16,1,7.3676000000000004,1,1,1
metal_row,2,17,1,7.1006999999999998,1,1,1
metal_row,2,18,1,7.1272000000000002,1,1,1
metal_row,2,19,1,7.1481000000000003,1,1,1
metal_row,2,20,1,7.0269000000000004,1,1,1
metal_row,2,21,1,7.3127000000000004,1,1,1
metal_row,2,22,1,7.2012,1,1,1
metal_row,2,23,1,7.2503000000000002,1,1,1
metal_row,2,24,1,7.6898999999999997,1,1,1
metal_row,2,25,1,7.5734000000000004,1,1,1
metal_row,2,26,1,7.3857999999999997,1,1,1
metal_row,2,27,1,7.3994999999999997,1,1,1
metal_row,2,28,1,7.1794000000000002,1,1,1
metal_row,2,29,1,7.6864999999999997,1,1,1
metal_row,2,30,1,7.4983000000000004,1,1,1
metal_row,2,31,1,7.3169000000000004,1,1,1
metal_row,2,32,1,7.2245999999999997,1,1,1
metal_row,2,33,0,7.2964000000000002,1,1,1
metal_row,2,34,0,7.1580000000000004,1,1,1
metal_row,2,35,0,7.0792999999999999,1,1,1
metal_row,2,36,0,7.3033000000000001,1,1,1
metal_row,2,37,0,7.109,1,1,1
metal_row,2,38,0,7.1239999999999997,1,1,1
metal_row,2,39,0,7.1289999999999996,1,1,1
metal_row,2,40,0,7.1779000000000002,1,1,1
metal_row,2,41,0,7.2115999999999998,1,1,1
metal_row,2,42,0,7.3259999999999996,1,1,1
metal_row,2,43,0,7.4808000000000003,1,1,1
metal_row,2,44,0,7.0252999999999997,1,1,1
metal_row,2,45,0,7.4461000000000004,1,1,1
metal_row,2,46,0,7.1223000000000001,1,1,1
metal_row,2,47,0,7.2092000000000001,1,1,1
metal_row,2,48,0,7.1920000000000002,1,1,1
metal_row,2,49,0,7.3041,1,1,1
metal_row,2,50,0,7.0644999999999998,1,1,1
metal_row,2,51,0,7.0606999999999998,1,1,1
metal_row,2,52,0,7.0401999999999996,1,1,1
metal_row,2,53,0,7.0731999999999999,1,1,1
metal_row,2,54,0,7.1451000000000002,1,1,1
metal_row,2,55,0,7.3998999999999997,1,1,1
metal_row,2,56,0,7.1589999999999998,1,1,1
metal_row,2,57,0,7.1821999999999999,1,1,1
metal_row,2,58,0,7.2986000000000004,1,1,1
metal_row,2,59,0,7.1619999999999999,1,1,1
metal_row,2,60,0,7.0742000000000003,1,1,1
metal_row,2,61,0,7.3425000000000002,1,1,1
metal_row,2,62,0,7.2512999999999996,1,1,1
metal_row,2,63,0,7.1173000000000002,1,1,1
metal_row,2,64,0,7.5987,1,1,1
metal_row,2,65,0,7.2187000000000001,1,1,1
metal_row,2,66,0,7.2434000000000003,1,1,1
metal_row,2,67,0,7.2178000000000004,1,1,1
metal_row,2,68,0,8.2570999999999994,1,1,1
metal_row,2,69,0,7.0613000000000001,1,1,1
metal_row,2,70,0,7.1307999999999998,1,1,1
metal_row,2,71,0,7.1962999999999999,1,1,1
metal_row,2,72,0,7.0076000000000001,1,1,1
metal_row,2,73,0,7.2483000000000004,1,1,1
metal_row,2,74,0,7.1836000000000002,1,1,1
metal_row,2,75,0,7.0674000000000001,1,1,1
metal_row,2,76,0,7.7154999999999996,1,1,1
metal_row,2,77,0,7.2142999999999997,1,1,1
metal_row,2,78,0,7.2199999999999998,1,1,1
metal_row,2,79,0,7.1430999999999996,1,1,1
metal_row,2,80,0,7.0793999999999997,1,1,1
metal_row,2,81,0,7.6269999999999998,1,1,1
metal_row,2,82,0,7.2740999999999998,1,1,1
metal_row,2,83,0,7.2203999999999997,1,1,1
metal_row,2,84,0,6.9226000000000001,1,1,1
metal_row,2,85,0,7.1909000000000001,1,1,1
metal_row,2,86,0,7.2731000000000003,1,1,1
metal_row,2,87,0,7.2339000000000002,1,1,1
metal_row,2,88,0,7.3571999999999997,1,1,1
metal_row,2,89,0,7.0785,1,1,1
metal_row,2,90,0,7.0758000000000001,1,1,1
metal_row,2,91,0,7.1851000000000003,1,1,1
metal_row,2,92,0,7.2022000000000004,1,1,1
metal_row,2,93,0,7.1180000000000003,1,1,1
metal_row,2,94,0,7.1962999999999999,1,1,1
metal_row,2,95,0,7.5941999999999998,1,1,1
metal_row,2,96,0,8.1754999999999995,1,1,1
metal_row,2,97,0,7.9930000000000003,1,1,1
metal_row,2,98,0,7.2374999999999998,1,1,1
metal_row,2,99,0,7.2906000000000004,1,1,1
metal_row,2,100,0,7.3860000000000001,1,1,1
metal_row,2,101,0,7.0462999999999996,1,1,1
metal_row,2,102,0,7.1673999999999998,1,1,1
metal_row,2,103,0,7.2454000000000001,1,1,1
metal_row,2,104,0,7.1035000000000004,1,1,1
metal_row,2,105,0,7.0941000000000001,1,1,1
metal_row,2,106,0,7.7053000000000003,1,1,1
metal_row,2,107,0,7.1078000000000001,1,1,1
metal_row,2,108,0,7.2965,1,1,1
metal_row,2,109,0,7.2911000000000001,1,1,1
metal_row,2,110,0,7.0197000000000003,1,1,1
metal_row,2,111,0,7.2047999999999996,1,1,1
metal_row,2,112,0,7.0914999999999999,1,1,1
metal_row,2,113,0,7.0781000000000001,1,1,1
metal_row,2,114,0,7.1863999999999999,1,1,1
metal_row,2,115,0,7.2857000000000003,1,1,1
metal_row,2,116,0,7.1749000000000001,1,1,1
metal_row,2,117,0,7.0803000000000003,1,1,1
metal_row,2,118,0,7.0921000000000003,1,1,1
metal_row,2,119,0,7.1704999999999997,1,1,1
metal_row,2,120,0,6.952,1,1,1
metal_row,2,121,0,7.2622,1,1,1
metal_row,2,122,0,6.9657999999999998,1,1,1
metal_row,2,123,0,7.085,1,1,1
metal_row,2,124,0,7.2946,1,1,1
metal_row,2,125,0,7.1448,1,1,1
metal_row,2,126,0,7.2988999999999997,1,1,1
metal_row,2,127,0,7.2755999999999998,1,1,1
metal_row,2,128,0,7.7457000000000003,1,1,1
metal_row,2,129,0,7.1196999999999999,1,1,1
metal_row,2,130,0,7.2910000000000004,1,1,1
metal_row,2,131,0,7.1624999999999996,1,1,1
metal_row,2,132,0,7.3147000000000002,1,1,1
metal_row,2,133,0,7.4379,1,1,1
metal_row,2,134,0,7.1060999999999996,1,1,1
metal_row,2,135,0,7.2450000000000001,1,1,1
metal_row,2,136,0,7.3601000000000001,1,1,1
metal_row,2,137,0,7.0564,1,1,1
metal_row,2,138,0,7.2747000000000002,1,1,1
metal_row,2,139,0,7.2689000000000004,1,1,1
metal_row,2,140,0,7.3814000000000002,1,1,1
metal_row,2,141,0,7.2092999999999998,1,1,1
metal_row,2,142,0,7.3369,1,1,1
metal_row,2,143,0,6.9726999999999997,1,1,1
metal_row,2,144,0,7.1304999999999996,1,1,1
metal_row,2,145,0,7.1737000000000002,1,1,1
metal_row,2,146,0,7.0926999999999998,1,1,1
metal_row,2,147,0,7.2653999999999996,1,1,1
metal_row,2,148,0,7.1045999999999996,1,1,1
metal_row,2,149,0,7.0568999999999997,1,1,1
metal_row,2,150,0,7.2657999999999996,1,1,1
metal_row,2,151,0,7.3102999999999998,1,1,1
metal_row,2,152,0,7.1940999999999997,1,1,1
metal_row,2,153,0,7.0235000000000003,1,1,1
metal_row,2,154,0,7.2900999999999998,1,1,1
metal_row,2,155,0,7.1296999999999997,1,1,1
metal_row,2,156,0,7.0204000000000004,1,1,1
metal_row,2,157,0,7.3339999999999996,1,1,1
metal_row,2,158,0,7.1090999999999998,1,1,1
metal_row,2,159,0,7.0105000000000004,1,1,1
metal_row,2,160,0,7.1218000000000004,1,1,1
metal_row,2,161,0,7.1650999999999998,1,1,1
metal_row,2,162,0,7.0195999999999996,1,1,1
metal_row,2,163,0,7.1494,1,1,1
metal_row,2,164,0,7.2436999999999996,1,1,1
metal_row,2,165,0,6.9397000000000002,1,1,1
metal_row,2,166,0,7.0499000000000001,1,1,1
metal_row,2,167,0,7.0431999999999997,1,1,1
metal_row,2,168,0,7.5111999999999997,1,1,1
metal_row,2,169,0,7.2312000000000003,1,1,1
metal_row,2,170,0,7.0773999999999999,1,1,1
metal_row,2,171,0,7.1654999999999998,1,1,1
metal_row,2,172,0,7.0632999999999999,1,1,1
metal_row,2,173,0,7.1285999999999996,1,1,1
metal_row,2,174,0,7.0305,1,1,1
metal_row,2,175,0,7.1059000000000001,1,1,1
metal_row,2,176,0,7.2678000000000003,1,1,1
metal_row,2,177,0,6.8747999999999996,1,1,1
metal_row,2,178,0,7.0316999999999998,1,1,1
metal_row,2,179,0,7.2638999999999996,1,1,1
metal_row,2,180,0,7.0060000000000002,1,1,1
metal_row,2,181,0,7.0736999999999997,1,1,1
metal_row,2,182,0,7.1807999999999996,1,1,1
metal_row,2,183,0,7.0263999999999998,1,1,1
metal_row,2,184,0,6.9184000000000001,1,1,1
metal_row,2,185,0,7.2297000000000002,1,1,1
metal_row,2,186,0,7.3037000000000001,1,1,1
metal_row,2,187,0,7.8489000000000004,1,1,1
metal_row,2,188,0,8.4391999999999996,1,1,1
metal_row,2,189,0,7.1308999999999996,1,1,1
metal_row,2,190,0,7.3094000000000001,1,1,1
metal_row,2,191,0,7.3453999999999997,1,1,1
metal_row,2,192,0,7.3657000000000004,1,1,1
metal_row,2,193,0,7.0278,1,1,1
metal_row,2,194,0,7.1208,1,1,1
metal_row,2,195,0,7.1959,1,1,1
metal_row,2,196,0,6.9752000000000001,1,1,1
metal_row,2,197,0,7.2906000000000004,1,1,1
metal_row,2,198,0,7.1227,1,1,1
metal_row,2,199,0,6.9836,1,1,1
metal_row,2,200,0,7.085,1,1,1
metal_row,2,201,0,7.0761000000000003,1,1,1
metal_row,2,202,0,7.0899999999999999,1,1,1
metal_row,2,203,0,7.2473000000000001,1,1,1
metal_row,2,204,0,7.2666000000000004,1,1,1
metal_row,2,205,0,6.9829999999999997,1,1,1
metal_row,2,206,0,7.4276,1,1,1
metal_row,2,207,0,7.2069000000000001,1,1,1
metal_row,2,208,0,7.0442999999999998,1,1,1
metal_row,2,209,0,7.3491,1,1,1
metal_row,2,210,0,7.1444999999999999,1,1,1
metal_row,2,211,0,7.1039000000000003,1,1,1
metal_row,2,212,0,7.0617999999999999,1,1,1
metal_row,2,213,0,7.0232000000000001,1,1,1
metal_row,2,214,0,7.2743000000000002,1,1,1
metal_row,2,215,0,7.157,1,1,1
metal_row,2,216,0,7.04,1,1,1
metal_row,2,217,0,6.9154,1,1,1
metal_row,2,218,0,7.048,1,1,1
metal_row,2,219,0,7.1608999999999998,1,1,1
metal_row,2,220,0,7.0007999999999999,1,1,1
metal_row,2,221,0,7.2039,1,1,1
metal_row,2,222,0,7.0911999999999997,1,1,1
metal_row,2,223,0,7.0430999999999999,1,1,1
metal_row,2,224,0,7.1132999999999997,1,1,1
metal_row,2,225,0,7.3231999999999999,1,1,1
metal_row,2,226,0,7.0353000000000003,1,1,1
metal_row,2,227,0,7.0006000000000004,1,1,1
metal_row,2,228,0,7.2287999999999997,1,1,1
metal_row,2,229,0,6.8943000000000003,1,1,1
metal_row,2,230,0,7.0555000000000003,1,1,1
metal_row,2,231,0,7.2000000000000002,1,1,1
metal_row,2,232,0,6.9592000000000001,1,1,1
metal_row,2,233,0,6.9016999999999999,1,1,1
metal_row,2,234,0,7.0976999999999997,1,1,1
metal_row,2,235,0,7.0762,1,1,1
metal_row,2,236,0,6.9572000000000003,1,1,1
metal_row,2,237,0,7.3139000000000003,1,1,1
metal_row,2,238,0,7.0209000000000001,1,1,1
metal_row,2,239,0,7.2915999999999999,1,1,1
metal_row,2,240,0,7.2644000000000002,1,1,1
metal_row,2,241,0,7.2282000000000002,1,1,1
metal_row,2,242,0,7.1738,1,1,1
metal_row,2,243,0,7.2359999999999998,1,1,1
metal_row,2,244,0,7.0334000000000003,1,1,1
metal_row,2,245,0,7.2426000000000004,1,1,1
metal_row,2,246,0,7.0004999999999997,1,1,1
metal_row,2,247,0,7.1744000000000003,1,1,1
metal_row,2,248,0,6.8503999999999996,1,1,1
metal_row,2,249,0,6.9638999999999998,1,1,1
metal_row,2,250,0,7.1570999999999998,1,1,1
metal_row,2,251,0,7.1230000000000002,1,1,1
metal_row,2,252,0,7.0587,1,1,1
metal_row,2,253,0,7.0143000000000004,1,1,1
metal_row,2,254,0,7.2784000000000004,1,1,1
metal_row,2,255,0,6.9009,1,1,1
metal_row,2,256,0,7.1089000000000002,1,1,1
metal_row,2,257,0,7.0454999999999997,1,1,1
metal_row,2,258,0,7.1486999999999998,1,1,1
metal_row,2,259,0,7.2321,1,1,1
metal_row,2,260,0,6.9782000000000002,1,1,1
metal_row,2,261,0,7.1703999999999999,1,1,1
metal_row,2,262,0,7.1048999999999998,1,1,1
metal_row,2,263,0,7.0933999999999999,1,1,1
metal_row,2,264,0,6.9551999999999996,1,1,1
metal_row,2,265,0,7.1920999999999999,1,1,1
metal_row,2,266,0,7.1471999999999998,1,1,1
metal_row,2,267,0,7.1611000000000002,1,1,1
metal_row,2,268,0,7.2546999999999997,1,1,1
metal_row,2,269,0,7.0566000000000004,1,1,1
metal_row,2,270,0,7.0156000000000001,1,1,1
metal_row,2,271,0,7.1721000000000004,1,1,1
metal_row,2,272,0,7.1083999999999996,1,1,1
metal_row,2,273,0,7.0003000000000002,1,1,1
metal_row,2,274,0,6.8681000000000001,1,1,1
metal_row,2,275,0,7.1502999999999997,1,1,1
metal_row,2,276,0,6.8956999999999997,1,1,1
metal_row,2,277,0,7.6017999999999999,1,1,1
metal_row,2,278,0,8.0018999999999991,1,1,1
metal_row,2,279,0,6.9947999999999997,1,1,1
metal_row,2,280,0,7.2473999999999998,1,1,1
metal_row,2,281,0,7.0792000000000002,1,1,1
metal_row,2,282,0,7.0824999999999996,1,1,1
metal_row,2,283,0,6.8901000000000003,1,1,1
metal_row,2,284,0,7.1387,1,1,1
metal_row,2,285,0,7.0321999999999996,1,1,1
metal_row,2,286,0,6.8051000000000004,1,1,1
metal_row,2,287,0,7.1128,1,1,1
metal_row,2,288,0,6.9757999999999996,1,1,1
room_opaque_glass,2,1,1,23.6372,1,1,1
room_opaque_glass,2,2,1,23.1905,1,1,1
room_opaque_glass,2,3,1,23.596900000000002,1,1,1
room_opaque_glass,2,4,1,23.439900000000002,1,1,1
room_opaque_glass,2,5,1,22.563099999999999,1,1,1
room_opaque_glass,2,6,1,22.654299999999999,1,1,1
room_opaque_glass,2,7,1,22.044499999999999,1,1,1
room_opaque_glass,2,8,1,22.0807,1,1,1
room_opaque_glass,2,9,1,22.003399999999999,1,1,1
room_opaque_glass,2,10,1,21.9315,1,1,1
room_opaque_glass,2,11,1,21.8157,1,1,1
room_opaque_glass,2,12,1,21.945499999999999,1,1,1
room_opaque_glass,2,13,1,21.761800000000001,1,1,1
room_opaque_glass,2,14,1,22.255600000000001,1,1,1
room_opaque_glass,2,15,1,22.122900000000001,1,1,1
room_opaque_glass,2,16,1,21.214200000000002,1,1,1
room_opaque_glass,2,17,1,21.8047,1,1,1
room_opaque_glass,2,18,1,21.221599999999999,1,1,1
room_opaque_glass,2,19,1,21.603000000000002,1,1,1
room_opaque_glass,2,20,1,21.587399999999999,1,1,1
room_opaque_glass,2,21,1,21.219100000000001,1,1,1
room_opaque_glass,2,22,1,21.717300000000002,1,1,1
room_opaque_glass,2,23,1,21.264299999999999,1,1,1
room_opaque_glass,2,24,1,21.2957,1,1,1
room_opaque_glass,2,25,1,21.451699999999999,1,1,1
room_opaque_glass,2,26,1,21.078399999999998,1,1,1
room_opaque_glass,2,27,1,21.427,1,1,1
room_opaque_glass,2,28,1,21.547799999999999,1,1,1
room_opaque_glass,2,29,1,21.430900000000001,1,1,1
room_opaque_glass,2,30,1,21.974399999999999,1,1,1
room_opaque_glass,2,31,1,22.371600000000001,1,1,1
room_opaque_glass,2,32,1,22.1267,1,1,1
room_opaque_glass,2,33,0,21.246500000000001,1,1,1
room_opaque_glass,2,34,0,21.898099999999999,1,1,1
room_opaque_glass,2,35,0,21.101299999999998,1,1,1
room_opaque_glass,2,36,0,21.387799999999999,1,1,1
room_opaque_glass,2,37,0,21.836099999999998,1,1,1
room_opaque_glass,2,38,0,21.342099999999999,1,1,1
room_opaque_glass,2,39,0,21.021599999999999,1,1,1
room_opaque_glass,2,40,0,21.508700000000001,1,1,1
room_opaque_glass,2,41,0,21.0855,1,1,1
room_opaque_glass,2,42,0,21.303899999999999,1,1,1
room_opaque_glass,2,43,0,21.736899999999999,1,1,1
room_opaque_glass,2,44,0,21.240100000000002,1,1,1
room_opaque_glass,2,45,0,21.089600000000001,1,1,1
room_opaque_glass,2,46,0,21.861999999999998,1,1,1
room_opaque_glass,2,47,0,21.241499999999998,1,1,1
room_opaque_glass,2,48,0,21.301300000000001,1,1,1
room_opaque_glass,2,49,0,21.416399999999999,1,1,1
room_opaque_glass,2,50,0,20.949400000000001,1,1,1
room_opaque_glass,2,51,0,20.8964,1,1,1
room_opaque_glass,2,52,0,21.572299999999998,1,1,1
room_opaque_glass,2,53,0,21.659800000000001,1,1,1
room_opaque_glass,2,54,0,21.116399999999999,1,1,1
room_opaque_glass,2,55,0,21.280799999999999,1,1,1
room_opaque_glass,2,56,0,21.407399999999999,1,1,1
room_opaque_glass,2,57,0,21.479900000000001,1,1,1
room_opaque_glass,2,58,0,21.498699999999999,1,1,1
room_opaque_glass,2,59,0,21.6753,1,1,1
room_opaque_glass,2,60,0,21.222200000000001,1,1,1
room_opaque_glass,2,61,0,21.186,1,1,1
room_opaque_glass,2,62,0,21.032699999999998,1,1,1
room_opaque_glass,2,63,0,21.344100000000001,1,1,1
room_opaque_glass,2,64,0,21.429200000000002,1,1,1
room_opaque_glass,2,65,0,21.053699999999999,1,1,1
room_opaque_glass,2,66,0,21.049499999999998,1,1,1
room_opaque_glass,2,67,0,21.256399999999999,1,1,1
room_opaque_glass,2,68,0,21.302399999999999,1,1,1
room_opaque_glass,2,69,0,21.1508,1,1,1
room_opaque_glass,2,70,0,21.6478,1,1,1
room_opaque_glass,2,71,0,21.4724,1,1,1
room_opaque_glass,2,72,0,21.391100000000002,1,1,1
room_opaque_glass,2,73,0,21.628,1,1,1
room_opaque_glass,2,74,0,21.282299999999999,1,1,1
room_opaque_glass,2,75,0,21.181999999999999,1,1,1
room_opaque_glass,2,76,0,21.6402,1,1,1
room_opaque_glass,2,77,0,21.0411,1,1,1
room_opaque_glass,2,78,0,21.449200000000001,1,1,1
room_opaque_glass,2,79,0,21.175699999999999,1,1,1
room_opaque_glass,2,80,0,21.2013,1,1,1
room_opaque_glass,2,81,0,21.115200000000002,1,1,1
room_opaque_glass,2,82,0,21.4725,1,1,1
room_opaque_glass,2,83,0,21.492699999999999,1,1,1
room_opaque_glass,2,84,0,21.279800000000002,1,1,1
room_opaque_glass,2,85,0,21.224900000000002,1,1,1
room_opaque_glass,2,86,0,21.361899999999999,1,1,1
room_opaque_glass,2,87,0,21.185500000000001,1,1,1
room_opaque_glass,2,88,0,21.210699999999999,1,1,1
room_opaque_glass,2,89,0,21.065799999999999,1,1,1
room_opaque_glass,2,90,0,21.1265,1,1,1
room_opaque_glass,2,91,0,21.400600000000001,1,1,1
room_opaque_glass,2,92,0,21.252600000000001,1,1,1
room_opaque_glass,2,93,0,21.424700000000001,1,1,1
room_opaque_glass,2,94,0,21.4954,1,1,1
room_opaque_glass,2,95,0,21.2424,1,1,1
room_opaque_glass,2,96,0,21.037700000000001,1,1,1
room_opaque_glass,2,97,0,21.408200000000001,1,1,1
room_opaque_glass,2,98,0,21.3218,1,1,1
room_opaque_glass,2,99,0,21.273900000000001,1,1,1
room_opaque_glass,2,100,0,21.864799999999999,1,1,1
room_opaque_glass,2,101,0,21.121400000000001,1,1,1
room_opaque_glass,2,102,0,21.0867,1,1,1
room_opaque_glass,2,103,0,21.200399999999998,1,1,1
room_opaque_glass,2,104,0,21.356300000000001,1,1,1
room_opaque_glass,2,105,0,21.151900000000001,1,1,1
room_opaque_glass,2,106,0,21.6633,1,1,1
room_opaque_glass,2,107,0,21.017499999999998,1,1,1
room_opaque_glass,2,108,0,21.215800000000002,1,1,1
room_opaque_glass,2,109,0,21.421600000000002,1,1,1
room_opaque_glass,2,110,0,21.189499999999999,1,1,1
room_opaque_glass,2,111,0,21.250499999999999,1,1,1
room_opaque_glass,2,112,0,21.779299999999999,1,1,1
room_opaque_glass,2,113,0,21.374400000000001,1,1,1
room_opaque_glass,2,114,0,20.979800000000001,1,1,1
room_opaque_glass,2,115,0,21.4434,1,1,1
room_opaque_glass,2,116,0,21.201699999999999,1,1,1
room_opaque_glass,2,117,0,21.341000000000001,1,1,1
room_opaque_glass,2,118,0,21.657699999999998,1,1,1
room_opaque_glass,2,119,0,21.296500000000002,1,1,1
room_opaque_glass,2,120,0,21.248999999999999,1,1,1
room_opaque_glass,2,121,0,21.3383,1,1,1
room_opaque_glass,2,122,0,21.292400000000001,1,1,1
room_opaque_glass,2,123,0,21.032399999999999,1,1,1
room_opaque_glass,2,124,0,21.468499999999999,1,1,1
room_opaque_glass,2,125,0,21.337299999999999,1,1,1
room_opaque_glass,2,126,0,21.5626,1,1,1
room_opaque_glass,2,127,0,21.953900000000001,1,1,1
room_opaque_glass,2,128,0,21.787800000000001,1,1,1
room_opaque_glass,2,129,0,21.501300000000001,1,1,1
room_opaque_glass,2,130,0,21.333300000000001,1,1,1
room_opaque_glass,2,131,0,20.951899999999998,1,1,1
room_opaque_glass,2,132,0,21.2638,1,1,1
room_opaque_glass,2,133,0,20.974299999999999,1,1,1
room_opaque_glass,2,134,0,21.288799999999998,1,1,1
room_opaque_glass,2,135,0,21.205100000000002,1,1,1
room_opaque_glass,2,136,0,21.052700000000002,1,1,1
room_opaque_glass,2,137,0,21.0947,1,1,1
room_opaque_glass,2,138,0,21.5626,1,1,1
room_opaque_glass,2,139,0,21.049199999999999,1,1,1
room_opaque_glass,2,140,0,21.260200000000001,1,1,1
room_opaque_glass,2,141,0,21.273599999999998,1,1,1
room_opaque_glass,2,142,0,21.056000000000001,1,1,1
room_opaque_glass,2,143,0,21.158899999999999,1,1,1
room_opaque_glass,2,144,0,21.4727,1,1,1
room_opaque_glass,2,145,0,21.136299999999999,1,1,1
room_opaque_glass,2,146,0,21.125699999999998,1,1,1
room_opaque_glass,2,147,0,21.262799999999999,1,1,1
room_opaque_glass,2,148,0,21.448799999999999,1,1,1
room_opaque_glass,2,149,0,21.223199999999999,1,1,1
room_opaque_glass,2,150,0,21.3812,1,1,1
room_opaque_glass,2,151,0,21.419499999999999,1,1,1
room_opaque_glass,2,152,0,21.171399999999998,1,1,1
room_opaque_glass,2,153,0,21.343299999999999,1,1,1
room_opaque_glass,2,154,0,21.113299999999999,1,1,1
room_opaque_glass,2,155,0,20.866399999999999,1,1,1
room_opaque_glass,2,156,0,21.508099999999999,1,1,1
room_opaque_glass,2,157,0,21.360399999999998,1,1,1
room_opaque_glass,2,158,0,21.499500000000001,1,1,1
room_opaque_glass,2,159,0,21.4971,1,1,1
room_opaque_glass,2,160,0,21.212800000000001,1,1,1
room_opaque_glass,2,161,0,21.060500000000001,1,1,1
room_opaque_glass,2,162,0,21.446899999999999,1,1,1
room_opaque_glass,2,163,0,21.386500000000002,1,1,1
room_opaque_glass,2,164,0,21.128,1,1,1
room_opaque_glass,2,165,0,21.7456,1,1,1
room_opaque_glass,2,166,0,21.257300000000001,1,1,1
room_opaque_glass,2,167,0,21.3169,1,1,1
room_opaque_glass,2,168,0,22.216000000000001,1,1,1
room_opaque_glass,2,169,0,22.191099999999999,1,1,1
room_opaque_glass,2,170,0,21.6615,1,1,1
room_opaque_glass,2,171,0,21.125399999999999,1,1,1
room_opaque_glass,2,172,0,21.016999999999999,1,1,1
room_opaque_glass,2,173,0,21.1525,1,1,1
room_opaque_glass,2,174,0,21.585699999999999,1,1,1
room_opaque_glass,2,175,0,21.180800000000001,1,1,1
room_opaque_glass,2,176,0,21.1358,1,1,1
room_opaque_glass,2,177,0,21.164300000000001,1,1,1
room_opaque_glass,2,178,0,21.2774,1,1,1
room_opaque_glass,2,179,0,21.505700000000001,1,1,1
room_opaque_glass,2,180,0,21.614899999999999,1,1,1
room_opaque_glass,2,181,0,21.103100000000001,1,1,1
room_opaque_glass,2,182,0,21.221299999999999,1,1,1
room_opaque_glass,2,183,0,21.276700000000002,1,1,1
room_opaque_glass,2,184,0,21.173100000000002,1,1,1
room_opaque_glass,2,185,0,21.058900000000001,1,1,1
room_opaque_glass,2,186,0,21.3415,1,1,1
room_opaque_glass,2,187,0,21.155999999999999,1,1,1
room_opaque_glass,2,188,0,21.108599999999999,1,1,1
room_opaque_glass,2,189,0,21.3812,1,1,1
room_opaque_glass,2,190,0,21.117100000000001,1,1,1
room_opaque_glass,2,191,0,21.0242,1,1,1
room_opaque_glass,2,192,0,21.447199999999999,1,1,1
room_opaque_glass,2,193,0,21.168500000000002,1,1,1
room_opaque_glass,2,194,0,21.036899999999999,1,1,1
room_opaque_glass,2,195,0,21.111899999999999,1,1,1
room_opaque_glass,2,196,0,21.0366,1,1,1
room_opaque_glass,2,197,0,21.4815,1,1,1
room_opaque_glass,2,198,0,21.432600000000001,1,1,1
room_opaque_glass,2,199,0,21.041499999999999,1,1,1
room_opaque_glass,2,200,0,20.972300000000001,1,1,1
room_opaque_glass,2,201,0,21.5307,1,1,1
room_opaque_glass,2,202,0,21.139299999999999,1,1,1
room_opaque_glass,2,203,0,21.1266,1,1,1
room_opaque_glass,2,204,0,21.1023,1,1,1
room_opaque_glass,2,205,0,21.246400000000001,1,1,1
room_opaque_glass,2,206,0,21.5535,1,1,1
room_opaque_glass,2,207,0,21.7151,1,1,1
room_opaque_glass,2,208,0,20.923200000000001,1,1,1
room_opaque_glass,2,209,0,21.140499999999999,1,1,1
room_opaque_glass,2,210,0,21.3233,1,1,1
room_opaque_glass,2,211,0,20.927900000000001,1,1,1
room_opaque_glass,2,212,0,21.1174,1,1,1
room_opaque_glass,2,213,0,21.235299999999999,1,1,1
room_opaque_glass,2,214,0,21.1875,1,1,1
room_opaque_glass,2,215,0,21.599900000000002,1,1,1
room_opaque_glass,2,216,0,21.3794,1,1,1
room_opaque_glass,2,217,0,21.172899999999998,1,1,1
room_opaque_glass,2,218,0,21.0581,1,1,1
room_opaque_glass,2,219,0,21.292899999999999,1,1,1
room_opaque_glass,2,220,0,21.128,1,1,1
room_opaque_glass,2,221,0,21.127500000000001,1,1,1
room_opaque_glass,2,222,0,21.300000000000001,1,1,1
room_opaque_glass,2,223,0,21.101500000000001,1,1,1
room_opaque_glass,2,224,0,21.178699999999999,1,1,1
room_opaque_glass,2,225,0,21.386099999999999,1,1,1
room_opaque_glass,2,226,0,21.116599999999998,1,1,1
room_opaque_glass,2,227,0,20.9665,1,1,1
room_opaque_glass,2,228,0,21.490600000000001,1,1,1
room_opaque_glass,2,229,0,21.055099999999999,1,1,1
room_opaque_glass,2,230,0,21.146799999999999,1,1,1
room_opaque_glass,2,231,0,21.479900000000001,1,1,1
room_opaque_glass,2,232,0,21.1709,1,1,1
room_opaque_glass,2,233,0,21.908999999999999,1,1,1
room_opaque_glass,2,234,0,22.300999999999998,1,1,1
room_opaque_glass,2,235,0,21.116499999999998,1,1,1
room_opaque_glass,2,236,0,21.167200000000001,1,1,1
room_opaque_glass,2,237,0,21.816700000000001,1,1,1
room_opaque_glass,2,238,0,21.8385,1,1,1
room_opaque_glass,2,239,0,21.493099999999998,1,1,1
room_opaque_glass,2,240,0,21.783200000000001,1,1,1
room_opaque_glass,2,241,0,21.219000000000001,1,1,1
room_opaque_glass,2,242,0,21.038399999999999,1,1,1
room_opaque_glass,2,243,0,21.3352,1,1,1
room_opaque_glass,2,244,0,21.225999999999999,1,1,1
room_opaque_glass,2,245,0,21.1113,1,1,1
room_opaque_glass,2,246,0,21.373000000000001,1,1,1
room_opaque_glass,2,247,0,21.000900000000001,1,1,1
room_opaque_glass,2,248,0,21.322500000000002,1,1,1
room_opaque_glass,2,249,0,21.5746,1,1,1
room_opaque_glass,2,250,0,21.215599999999998,1,1,1
room_opaque_glass,2,251,0,21.316800000000001,1,1,1
room_opaque_glass,2,252,0,21.427199999999999,1,1,1
room_opaque_glass,2,253,0,21.145399999999999,1,1,1
room_opaque_glass,2,254,0,20.872499999999999,1,1,1
room_opaque_glass,2,255,0,21.2667,1,1,1
room_opaque_glass,2,256,0,21.304200000000002,1,1,1
room_opaque_glass,2,257,0,21.262499999999999,1,1,1
room_opaque_glass,2,258,0,21.380199999999999,1,1,1
room_opaque_glass,2,259,0,21.137599999999999,1,1,1
room_opaque_glass,2,260,0,21.0946,1,1,1
room_opaque_glass,2,261,0,21.839300000000001,1,1,1
room_opaque_glass,2,262,0,21.313400000000001,1,1,1
room_opaque_glass,2,263,0,21.366,1,1,1
room_opaque_glass,2,264,0,21.706600000000002,1,1,1
room_opaque_glass,2,265,0,21.824999999999999,1,1,1
room_opaque_glass,2,266,0,21.283200000000001,1,1,1
room_opaque_glass,2,267,0,21.616199999999999,1,1,1
room_opaque_glass,2,268,0,21.266200000000001,1,1,1
room_opaque_glass,2,269,0,21.114599999999999,1,1,1
room_opaque_glass,2,270,0,21.734100000000002,1,1,1
room_opaque_glass,2,271,0,21.3687,1,1,1
room_opaque_glass,2,272,0,21.441199999999998,1,1,1
room_opaque_glass,2,273,0,21.413499999999999,1,1,1
room_opaque_glass,2,274,0,21.232800000000001,1,1,1
room_opaque_glass,2,275,0,21.5123,1,1,1
room_opaque_glass,2,276,0,21.581499999999998,1,1,1
room_opaque_glass,2,277,0,21.243500000000001,1,1,1
room_opaque_glass,2,278,0,21.057700000000001,1,1,1
room_opaque_glass,2,279,0,21.348299999999998,1,1,1
room_opaque_glass,2,280,0,21.4405,1,1,1
room_opaque_glass,2,281,0,21.2182,1,1,1
room_opaque_glass,2,282,0,21.398499999999999,1,1,1
room_opaque_glass,2,283,0,21.0501,1,1,1
room_opaque_glass,2,284,0,21.253399999999999,1,1,1
room_opaque_glass,2,285,0,21.6706,1,1,1
room_opaque_glass,2,286,0,21.082100000000001,1,1,1
room_opaque_glass,2,287,0,21.192499999999999,1,1,1
room_opaque_glass,2,288,0,21.326000000000001,1,1,1
room_no_oren,2,1,1,22.653199999999998,1,1,1
room_no_oren,2,2,1,22.2119,1,1,1
room_no_oren,2,3,1,21.710599999999999,1,1,1
room_no_oren,2,4,1,21.5169,1,1,1
room_no_oren,2,5,1,21.360900000000001,1,1,1
room_no_oren,2,6,1,21.491099999999999,1,1,1
room_no_oren,2,7,1,21.275400000000001,1,1,1
room_no_oren,2,8,1,21.311299999999999,1,1,1
room_no_oren,2,9,1,21.488800000000001,1,1,1
room_no_oren,2,10,1,21.462,1,1,1
room_no_oren,2,11,1,21.366099999999999,1,1,1
room_no_oren,2,12,1,21.617000000000001,1,1,1
room_no_oren,2,13,1,21.336099999999998,1,1,1
room_no_oren,2,14,1,21.414300000000001,1,1,1
room_no_oren,2,15,1,21.6873,1,1,1
room_no_oren,2,16,1,21.515599999999999,1,1,1
room_no_oren,2,17,1,21.671700000000001,1,1,1
room_no_oren,2,18,1,21.885999999999999,1,1,1
room_no_oren,2,19,1,22.008099999999999,1,1,1
room_no_oren,2,20,1,21.5562,1,1,1
room_no_oren,2,21,1,21.785900000000002,1,1,1
room_no_oren,2,22,1,21.456700000000001,1,1,1
room_no_oren,2,23,1,21.517199999999999,1,1,1
room_no_oren,2,24,1,21.698499999999999,1,1,1
room_no_oren,2,25,1,21.4924,1,1,1
room_no_oren,2,26,1,21.4861,1,1,1
room_no_oren,2,27,1,21.592700000000001,1,1,1
room_no_oren,2,28,1,21.395,1,1,1
room_no_oren,2,29,1,21.511600000000001,1,1,1
room_no_oren,2,30,1,21.8855,1,1,1
room_no_oren,2,31,1,21.322500000000002,1,1,1
room_no_oren,2,32,1,21.4925,1,1,1
room_no_oren,2,33,0,21.872599999999998,1,1,1
room_no_oren,2,34,0,21.4574,1,1,1
room_no_oren,2,35,0,21.5595,1,1,1
room_no_oren,2,36,0,21.810400000000001,1,1,1
room_no_oren,2,37,0,21.825900000000001,1,1,1
room_no_oren,2,38,0,21.799800000000001,1,1,1
room_no_oren,2,39,0,21.470500000000001,1,1,1
room_no_oren,2,40,0,21.549499999999998,1,1,1
room_no_oren,2,41,0,21.7057,1,1,1
room_no_oren,2,42,0,21.532599999999999,1,1,1
room_no_oren,2,43,0,21.4422,1,1,1
room_no_oren,2,44,0,24.3687,1,1,1
room_no_oren,2,45,0,23.017299999999999,1,1,1
room_no_oren,2,46,0,24.113900000000001,1,1,1
room_no_oren,2,47,0,22.113,1,1,1
room_no_oren,2,48,0,21.3246,1,1,1
room_no_oren,2,49,0,22.185400000000001,1,1,1
room_no_oren,2,50,0,21.482399999999998,1,1,1
room_no_oren,2,51,0,21.549299999999999,1,1,1
room_no_oren,2,52,0,21.824200000000001,1,1,1
room_no_oren,2,53,0,21.506399999999999,1,1,1
room_no_oren,2,54,0,21.481999999999999,1,1,1
room_no_oren,2,55,0,21.5459,1,1,1
room_no_oren,2,56,0,21.6648,1,1,1
room_no_oren,2,57,0,22.010200000000001,1,1,1
room_no_oren,2,58,0,22.093399999999999,1,1,1
room_no_oren,2,59,0,21.664200000000001,1,1,1
room_no_oren,2,60,0,21.3733,1,1,1
room_no_oren,2,61,0,21.402000000000001,1,1,1
room_no_oren,2,62,0,21.3627,1,1,1
room_no_oren,2,63,0,21.286300000000001,1,1,1
room_no_oren,2,64,0,21.623699999999999,1,1,1
room_no_oren,2,65,0,21.471,1,1,1
room_no_oren,2,66,0,21.375800000000002,1,1,1
room_no_oren,2,67,0,21.226500000000001,1,1,1
room_no_oren,2,68,0,21.634,1,1,1
room_no_oren,2,69,0,21.348199999999999,1,1,1
room_no_oren,2,70,0,21.634399999999999,1,1,1
room_no_oren,2,71,0,21.582999999999998,1,1,1
room_no_oren,2,72,0,21.597100000000001,1,1,1
room_no_oren,2,73,0,21.680299999999999,1,1,1
room_no_oren,2,74,0,21.767900000000001,1,1,1
room_no_oren,2,75,0,21.448499999999999,1,1,1
room_no_oren,2,76,0,21.700099999999999,1,1,1
room_no_oren,2,77,0,21.440799999999999,1,1,1
room_no_oren,2,78,0,21.883600000000001,1,1,1
room_no_oren,2,79,0,21.8672,1,1,1
room_no_oren,2,80,0,21.617100000000001,1,1,1
room_no_oren,2,81,0,21.400600000000001,1,1,1
room_no_oren,2,82,0,21.702400000000001,1,1,1
room_no_oren,2,83,0,21.299399999999999,1,1,1
room_no_oren,2,84,0,21.510100000000001,1,1,1
room_no_oren,2,85,0,21.915700000000001,1,1,1
room_no_oren,2,86,0,21.320399999999999,1,1,1
room_no_oren,2,87,0,21.423300000000001,1,1,1
room_no_oren,2,88,0,21.665099999999999,1,1,1
room_no_oren,2,89,0,21.519100000000002,1,1,1
room_no_oren,2,90,0,21.538,1,1,1
room_no_oren,2,91,0,21.859400000000001,1,1,1
room_no_oren,2,92,0,21.325900000000001,1,1,1
room_no_oren,2,93,0,21.287600000000001,1,1,1
room_no_oren,2,94,0,21.8735,1,1,1
room_no_oren,2,95,0,21.307200000000002,1,1,1
room_no_oren,2,96,0,21.360700000000001,1,1,1
room_no_oren,2,97,0,21.937899999999999,1,1,1
room_no_oren,2,98,0,21.408100000000001,1,1,1
room_no_oren,2,99,0,21.359400000000001,1,1,1
room_no_oren,2,100,0,22.783000000000001,1,1,1
room_no_oren,2,101,0,21.351800000000001,1,1,1
room_no_oren,2,102,0,21.3827,1,1,1
room_no_oren,2,103,0,21.530200000000001,1,1,1
room_no_oren,2,104,0,21.845400000000001,1,1,1
room_no_oren,2,105,0,21.464200000000002,1,1,1
room_no_oren,2,106,0,21.275400000000001,1,1,1
room_no_oren,2,107,0,21.2759,1,1,1
room_no_oren,2,108,0,21.375499999999999,1,1,1
room_no_oren,2,109,0,21.502300000000002,1,1,1
room_no_oren,2,110,0,21.349900000000002,1,1,1
room_no_oren,2,111,0,21.486999999999998,1,1,1
room_no_oren,2,112,0,21.557400000000001,1,1,1
room_no_oren,2,113,0,21.671199999999999,1,1,1
room_no_oren,2,114,0,21.518699999999999,1,1,1
room_no_oren,2,115,0,21.6342,1,1,1
room_no_oren,2,116,0,21.373799999999999,1,1,1
room_no_oren,2,117,0,21.685700000000001,1,1,1
room_no_oren,2,118,0,21.727900000000002,1,1,1
room_no_oren,2,119,0,21.511299999999999,1,1,1
room_no_oren,2,120,0,21.512699999999999,1,1,1
room_no_oren,2,121,0,21.435300000000002,1,1,1
room_no_oren,2,122,0,21.363099999999999,1,1,1
room_no_oren,2,123,0,21.5336,1,1,1
room_no_oren,2,124,0,21.514600000000002,1,1,1
room_no_oren,2,125,0,22.780899999999999,1,1,1
room_no_oren,2,126,0,21.977799999999998,1,1,1
room_no_oren,2,127,0,21.9223,1,1,1
room_no_oren,2,128,0,21.500699999999998,1,1,1
room_no_oren,2,129,0,21.557700000000001,1,1,1
room_no_oren,2,130,0,21.4163,1,1,1
room_no_oren,2,131,0,21.549099999999999,1,1,1
room_no_oren,2,132,0,21.366399999999999,1,1,1
room_no_oren,2,133,0,21.559200000000001,1,1,1
room_no_oren,2,134,0,21.560500000000001,1,1,1
room_no_oren,2,135,0,21.352599999999999,1,1,1
room_no_oren,2,136,0,21.395600000000002,1,1,1
room_no_oren,2,137,0,21.515899999999998,1,1,1
room_no_oren,2,138,0,21.5352,1,1,1
room_no_oren,2,139,0,22.069900000000001,1,1,1
room_no_oren,2,140,0,21.700600000000001,1,1,1
room_no_oren,2,141,0,21.570699999999999,1,1,1
room_no_oren,2,142,0,21.4803,1,1,1
room_no_oren,2,143,0,21.517600000000002,1,1,1
room_no_oren,2,144,0,21.5212,1,1,1
room_no_oren,2,145,0,21.213200000000001,1,1,1
room_no_oren,2,146,0,21.685400000000001,1,1,1
room_no_oren,2,147,0,21.469200000000001,1,1,1
room_no_oren,2,148,0,21.4482,1,1,1
room_no_oren,2,149,0,21.6829,1,1,1
room_no_oren,2,150,0,21.5518,1,1,1
room_no_oren,2,151,0,21.350200000000001,1,1,1
room_no_oren,2,152,0,21.8489,1,1,1
room_no_oren,2,153,0,21.661799999999999,1,1,1
room_no_oren,2,154,0,21.280100000000001,1,1,1
room_no_oren,2,155,0,21.451799999999999,1,1,1
room_no_oren,2,156,0,21.5703,1,1,1
room_no_oren,2,157,0,21.723500000000001,1,1,1
room_no_oren,2,158,0,21.653400000000001,1,1,1
room_no_oren,2,159,0,21.569400000000002,1,1,1
room_no_oren,2,160,0,21.976400000000002,1,1,1
room_no_oren,2,161,0,21.376300000000001,1,1,1
room_no_oren,2,162,0,21.6751,1,1,1
room_no_oren,2,163,0,21.476600000000001,1,1,1
room_no_oren,2,164,0,21.360600000000002,1,1,1
room_no_oren,2,165,0,21.238299999999999,1,1,1
room_no_oren,2,166,0,21.626000000000001,1,1,1
room_no_oren,2,167,0,21.318100000000001,1,1,1
room_no_oren,2,168,0,21.281500000000001,1,1,1
room_no_oren,2,169,0,21.3916,1,1,1
room_no_oren,2,170,0,22.879300000000001,1,1,1
room_no_oren,2,171,0,21.914000000000001,1,1,1
room_no_oren,2,172,0,21.774699999999999,1,1,1
room_no_oren,2,173,0,21.375399999999999,1,1,1
room_no_oren,2,174,0,21.1874,1,1,1
room_no_oren,2,175,0,21.3828,1,1,1
room_no_oren,2,176,0,21.185600000000001,1,1,1
room_no_oren,2,177,0,21.254300000000001,1,1,1
room_no_oren,2,178,0,21.506599999999999,1,1,1
room_no_oren,2,179,0,21.329999999999998,1,1,1
room_no_oren,2,180,0,21.322199999999999,1,1,1
room_no_oren,2,181,0,21.527899999999999,1,1,1
room_no_oren,2,182,0,21.2166,1,1,1
room_no_oren,2,183,0,21.381799999999998,1,1,1
room_no_oren,2,184,0,21.3567,1,1,1
room_no_oren,2,185,0,21.343,1,1,1
room_no_oren,2,186,0,21.462800000000001,1,1,1
room_no_oren,2,187,0,21.7302,1,1,1
room_no_oren,2,188,0,21.552399999999999,1,1,1
room_no_oren,2,189,0,21.3721,1,1,1
room_no_oren,2,190,0,21.6648,1,1,1
room_no_oren,2,191,0,21.203900000000001,1,1,1
room_no_oren,2,192,0,21.641500000000001,1,1,1
room_no_oren,2,193,0,22.308599999999998,1,1,1
room_no_oren,2,194,0,21.238099999999999,1,1,1
room_no_oren,2,195,0,21.211200000000002,1,1,1
room_no_oren,2,196,0,21.796600000000002,1,1,1
room_no_oren,2,197,0,21.464200000000002,1,1,1
room_no_oren,2,198,0,21.3813,1,1,1
room_no_oren,2,199,0,21.507100000000001,1,1,1
room_no_oren,2,200,0,21.32,1,1,1
room_no_oren,2,201,0,21.497699999999998,1,1,1
room_no_oren,2,202,0,21.564399999999999,1,1,1
room_no_oren,2,203,0,21.334399999999999,1,1,1
room_no_oren,2,204,0,21.359999999999999,1,1,1
room_no_oren,2,205,0,21.534500000000001,1,1,1
room_no_oren,2,206,0,21.321000000000002,1,1,1
room_no_oren,2,207,0,21.335799999999999,1,1,1
room_no_oren,2,208,0,21.269100000000002,1,1,1
room_no_oren,2,209,0,21.283899999999999,1,1,1
room_no_oren,2,210,0,21.578299999999999,1,1,1
room_no_oren,2,211,0,21.586300000000001,1,1,1
room_no_oren,2,212,0,21.826000000000001,1,1,1
room_no_oren,2,213,0,21.3706,1,1,1
room_no_oren,2,214,0,21.5303,1,1,1
room_no_oren,2,215,0,21.359500000000001,1,1,1
room_no_oren,2,216,0,21.806699999999999,1,1,1
room_no_oren,2,217,0,21.768000000000001,1,1,1
room_no_oren,2,218,0,21.4495,1,1,1
room_no_oren,2,219,0,21.739100000000001,1,1,1
room_no_oren,2,220,0,21.611999999999998,1,1,1
room_no_oren,2,221,0,21.220099999999999,1,1,1
room_no_oren,2,222,0,21.393599999999999,1,1,1
room_no_oren,2,223,0,21.459900000000001,1,1,1
room_no_oren,2,224,0,21.452000000000002,1,1,1
room_no_oren,2,225,0,21.633400000000002,1,1,1
room_no_oren,2,226,0,21.503799999999998,1,1,1
room_no_oren,2,227,0,21.252800000000001,1,1,1
room_no_oren,2,228,0,21.675999999999998,1,1,1
room_no_oren,2,229,0,21.555299999999999,1,1,1
room_no_oren,2,230,0,21.232500000000002,1,1,1
room_no_oren,2,231,0,21.345300000000002,1,1,1
room_no_oren,2,232,0,21.453800000000001,1,1,1
room_no_oren,2,233,0,21.346499999999999,1,1,1
room_no_oren,2,234,0,21.642600000000002,1,1,1
room_no_oren,2,235,0,21.1828,1,1,1
room_no_oren,2,236,0,21.255400000000002,1,1,1
room_no_oren,2,237,0,21.199200000000001,1,1,1
room_no_oren,2,238,0,21.852,1,1,1
room_no_oren,2,239,0,21.4617,1,1,1
room_no_oren,2,240,0,21.173100000000002,1,1,1
room_no_oren,2,241,0,21.597300000000001,1,1,1
room_no_oren,2,242,0,21.163699999999999,1,1,1
room_no_oren,2,243,0,21.396000000000001,1,1,1
room_no_oren,2,244,0,21.7119,1,1,1
room_no_oren,2,245,0,21.285799999999998,1,1,1
room_no_oren,2,246,0,21.234300000000001,1,1,1
room_no_oren,2,247,0,21.647400000000001,1,1,1
room_no_oren,2,248,0,21.554099999999998,1,1,1
room_no_oren,2,249,0,21.3779,1,1,1
room_no_oren,2,250,0,21.844899999999999,1,1,1
room_no_oren,2,251,0,21.231999999999999,1,1,1
room_no_oren,2,252,0,21.494800000000001,1,1,1
room_no_oren,2,253,0,21.806899999999999,1,1,1
room_no_oren,2,254,0,21.439699999999998,1,1,1
room_no_oren,2,255,0,21.346299999999999,1,1,1
room_no_oren,2,256,0,21.490200000000002,1,1,1
room_no_oren,2,257,0,21.369700000000002,1,1,1
room_no_oren,2,258,0,21.293099999999999,1,1,1
room_no_oren,2,259,0,21.6417,1,1,1
room_no_oren,2,260,0,22.004100000000001,1,1,1
room_no_oren,2,261,0,22.198,1,1,1
room_no_oren,2,262,0,22.180499999999999,1,1,1
room_no_oren,2,263,0,21.5031,1,1,1
room_no_oren,2,264,0,21.430299999999999,1,1,1
room_no_oren,2,265,0,21.8339,1,1,1
room_no_oren,2,266,0,21.427199999999999,1,1,1
room_no_oren,2,267,0,21.461200000000002,1,1,1
room_no_oren,2,268,0,21.7332,1,1,1
room_no_oren,2,269,0,21.9497,1,1,1
room_no_oren,2,270,0,21.383199999999999,1,1,1
room_no_oren,2,271,0,21.4251,1,1,1
room_no_oren,2,272,0,21.247399999999999,1,1,1
room_no_oren,2,273,0,21.613199999999999,1,1,1
room_no_oren,2,274,0,21.5717,1,1,1
room_no_oren,2,275,0,21.344200000000001,1,1,1
room_no_oren,2,276,0,21.6767,1,1,1
room_no_oren,2,277,0,21.594899999999999,1,1,1
room_no_oren,2,278,0,21.3779,1,1,1
room_no_oren,2,279,0,21.5442,1,1,1
room_no_oren,2,280,0,21.449300000000001,1,1,1
room_no_oren,2,281,0,21.170300000000001,1,1,1
room_no_oren,2,282,0,21.2563,1,1,1
room_no_oren,2,283,0,21.655899999999999,1,1,1
room_no_oren,2,284,0,21.4344,1,1,1
room_no_oren,2,285,0,21.237100000000002,1,1,1
room_no_oren,2,286,0,21.772099999999998,1,1,1
room_no_oren,2,287,0,21.2502,1,1,1
room_no_oren,2,288,0,21.336099999999998,1,1,1
room_no_gloss,2,1,1,23.417400000000001,1,1,1
room_no_gloss,2,2,1,22.148700000000002,1,1,1
room_no_gloss,2,3,1,21.836099999999998,1,1,1
room_no_gloss,2,4,1,21.334299999999999,1,1,1
room_no_gloss,2,5,1,21.456900000000001,1,1,1
room_no_gloss,2,6,1,21.730699999999999,1,1,1
room_no_gloss,2,7,1,21.358000000000001,1,1,1
room_no_gloss,2,8,1,21.373000000000001,1,1,1
room_no_gloss,2,9,1,21.421199999999999,1,1,1
room_no_gloss,2,10,1,21.238600000000002,1,1,1
room_no_gloss,2,11,1,21.414100000000001,1,1,1
room_no_gloss,2,12,1,22.105,1,1,1
room_no_gloss,2,13,1,21.436599999999999,1,1,1
room_no_gloss,2,14,1,21.4787,1,1,1
room_no_gloss,2,15,1,22.0684,1,1,1
room_no_gloss,2,16,1,21.575299999999999,1,1,1
room_no_gloss,2,17,1,21.574999999999999,1,1,1
room_no_gloss,2,18,1,22.035900000000002,1,1,1
room_no_gloss,2,19,1,21.4847,1,1,1
room_no_gloss,2,20,1,22.2011,1,1,1
room_no_gloss,2,21,1,22.216799999999999,1,1,1
room_no_gloss,2,22,1,21.943100000000001,1,1,1
room_no_gloss,2,23,1,21.844999999999999,1,1,1
room_no_gloss,2,24,1,21.630199999999999,1,1,1
room_no_gloss,2,25,1,21.712800000000001,1,1,1
room_no_gloss,2,26,1,21.622499999999999,1,1,1
room_no_gloss,2,27,1,22.087599999999998,1,1,1
room_no_gloss,2,28,1,21.683399999999999,1,1,1
room_no_gloss,2,29,1,21.610399999999998,1,1,1
room_no_gloss,2,30,1,21.6538,1,1,1
room_no_gloss,2,31,1,21.825500000000002,1,1,1
room_no_gloss,2,32,1,21.654199999999999,1,1,1
room_no_gloss,2,33,0,21.5809,1,1,1
room_no_gloss,2,34,0,21.405000000000001,1,1,1
room_no_gloss,2,35,0,22.370200000000001,1,1,1
room_no_gloss,2,36,0,21.589099999999998,1,1,1
room_no_gloss,2,37,0,21.558700000000002,1,1,1
room_no_gloss,2,38,0,21.487100000000002,1,1,1
room_no_gloss,2,39,0,21.677900000000001,1,1,1
room_no_gloss,2,40,0,21.372900000000001,1,1,1
room_no_gloss,2,41,0,21.543299999999999,1,1,1
room_no_gloss,2,42,0,21.622699999999998,1,1,1
room_no_gloss,2,43,0,21.382300000000001,1,1,1
room_no_gloss,2,44,0,21.560600000000001,1,1,1
room_no_gloss,2,45,0,21.560700000000001,1,1,1
room_no_gloss,2,46,0,21.376300000000001,1,1,1
room_no_gloss,2,47,0,21.825399999999998,1,1,1
room_no_gloss,2,48,0,21.723299999999998,1,1,1
room_no_gloss,2,49,0,21.475999999999999,1,1,1
room_no_gloss,2,50,0,21.4038,1,1,1
room_no_gloss,2,51,0,21.567599999999999,1,1,1
room_no_gloss,2,52,0,21.8263,1,1,1
room_no_gloss,2,53,0,22.4314,1,1,1
room_no_gloss,2,54,0,21.6311,1,1,1
room_no_gloss,2,55,0,21.5137,1,1,1
room_no_gloss,2,56,0,21.4861,1,1,1
room_no_gloss,2,57,0,21.974,1,1,1
room_no_gloss,2,58,0,21.615600000000001,1,1,1
room_no_gloss,2,59,0,21.540199999999999,1,1,1
room_no_gloss,2,60,0,21.782699999999998,1,1,1
room_no_gloss,2,61,0,21.822900000000001,1,1,1
room_no_gloss,2,62,0,21.777100000000001,1,1,1
room_no_gloss,2,63,0,21.626100000000001,1,1,1
room_no_gloss,2,64,0,21.456099999999999,1,1,1
room_no_gloss,2,65,0,21.5183,1,1,1
room_no_gloss,2,66,0,21.714099999999998,1,1,1
room_no_gloss,2,67,0,21.749400000000001,1,1,1
room_no_gloss,2,68,0,21.320399999999999,1,1,1
room_no_gloss,2,69,0,21.7516,1,1,1
room_no_gloss,2,70,0,21.777999999999999,1,1,1
room_no_gloss,2,71,0,21.6068,1,1,1
room_no_gloss,2,72,0,21.631900000000002,1,1,1
room_no_gloss,2,73,0,21.645099999999999,1,1,1
room_no_gloss,2,74,0,21.404399999999999,1,1,1
room_no_gloss,2,75,0,21.6342,1,1,1
room_no_gloss,2,76,0,21.591899999999999,1,1,1
room_no_gloss,2,77,0,21.476700000000001,1,1,1
room_no_gloss,2,78,0,21.959199999999999,1,1,1
room_no_gloss,2,79,0,22.004799999999999,1,1,1
room_no_gloss,2,80,0,22.595199999999998,1,1,1
room_no_gloss,2,81,0,21.896799999999999,1,1,1
room_no_gloss,2,82,0,22.0366,1,1,1
room_no_gloss,2,83,0,21.619599999999998,1,1,1
room_no_gloss,2,84,0,21.685199999999998,1,1,1
room_no_gloss,2,85,0,21.605799999999999,1,1,1
room_no_gloss,2,86,0,21.388500000000001,1,1,1
room_no_gloss,2,87,0,21.746300000000002,1,1,1
room_no_gloss,2,88,0,21.528400000000001,1,1,1
room_no_gloss,2,89,0,21.599900000000002,1,1,1
room_no_gloss,2,90,0,21.696400000000001,1,1,1
room_no_gloss,2,91,0,21.8628,1,1,1
room_no_gloss,2,92,0,21.5092,1,1,1
room_no_gloss,2,93,0,21.548500000000001,1,1,1
room_no_gloss,2,94,0,21.514399999999998,1,1,1
room_no_gloss,2,95,0,21.695599999999999,1,1,1
room_no_gloss,2,96,0,22.205200000000001,1,1,1
room_no_gloss,2,97,0,21.650500000000001,1,1,1
room_no_gloss,2,98,0,21.4056,1,1,1
room_no_gloss,2,99,0,21.334199999999999,1,1,1
room_no_gloss,2,100,0,21.787400000000002,1,1,1
room_no_gloss,2,101,0,21.665800000000001,1,1,1
room_no_gloss,2,102,0,21.9376,1,1,1
room_no_gloss,2,103,0,21.634899999999998,1,1,1
room_no_gloss,2,104,0,21.571100000000001,1,1,1
room_no_gloss,2,105,0,22.2393,1,1,1
room_no_gloss,2,106,0,21.551300000000001,1,1,1
room_no_gloss,2,107,0,21.779699999999998,1,1,1
room_no_gloss,2,108,0,22.038900000000002,1,1,1
room_no_gloss,2,109,0,21.8216,1,1,1
room_no_gloss,2,110,0,21.9421,1,1,1
room_no_gloss,2,111,0,22.433800000000002,1,1,1
room_no_gloss,2,112,0,21.7422,1,1,1
room_no_gloss,2,113,0,21.398499999999999,1,1,1
room_no_gloss,2,114,0,22.027100000000001,1,1,1
room_no_gloss,2,115,0,21.412500000000001,1,1,1
room_no_gloss,2,116,0,21.517800000000001,1,1,1
room_no_gloss,2,117,0,21.656600000000001,1,1,1
room_no_gloss,2,118,0,21.370200000000001,1,1,1
room_no_gloss,2,119,0,21.776,1,1,1
room_no_gloss,2,120,0,21.680199999999999,1,1,1
room_no_gloss,2,121,0,21.542000000000002,1,1,1
room_no_gloss,2,122,0,21.511800000000001,1,1,1
room_no_gloss,2,123,0,21.866499999999998,1,1,1
room_no_gloss,2,124,0,22.361999999999998,1,1,1
room_no_gloss,2,125,0,21.472999999999999,1,1,1
room_no_gloss,2,126,0,21.555399999999999,1,1,1
room_no_gloss,2,127,0,22.015499999999999,1,1,1
room_no_gloss,2,128,0,21.448699999999999,1,1,1
room_no_gloss,2,129,0,21.763999999999999,1,1,1
room_no_gloss,2,130,0,21.589700000000001,1,1,1
room_no_gloss,2,131,0,21.398700000000002,1,1,1
room_no_gloss,2,132,0,21.611000000000001,1,1,1
room_no_gloss,2,133,0,21.468299999999999,1,1,1
room_no_gloss,2,134,0,21.545100000000001,1,1,1
room_no_gloss,2,135,0,21.584399999999999,1,1,1
room_no_gloss,2,136,0,21.4346,1,1,1
room_no_gloss,2,137,0,21.507899999999999,1,1,1
room_no_gloss,2,138,0,21.650200000000002,1,1,1
room_no_gloss,2,139,0,21.598600000000001,1,1,1
room_no_gloss,2,140,0,21.3812,1,1,1
room_no_gloss,2,141,0,21.685500000000001,1,1,1
room_no_gloss,2,142,0,21.462,1,1,1
room_no_gloss,2,143,0,21.454599999999999,1,1,1
room_no_gloss,2,144,0,21.418299999999999,1,1,1
room_no_gloss,2,145,0,21.309799999999999,1,1,1
room_no_gloss,2,146,0,21.915600000000001,1,1,1
room_no_gloss,2,147,0,21.831,1,1,1
room_no_gloss,2,148,0,21.608499999999999,1,1,1
room_no_gloss,2,149,0,21.576499999999999,1,1,1
room_no_gloss,2,150,0,21.9389,1,1,1
room_no_gloss,2,151,0,21.6037,1,1,1
room_no_gloss,2,152,0,21.518799999999999,1,1,1
room_no_gloss,2,153,0,21.6389,1,1,1
room_no_gloss,2,154,0,21.801300000000001,1,1,1
room_no_gloss,2,155,0,21.7453,1,1,1
room_no_gloss,2,156,0,21.742799999999999,1,1,1
room_no_gloss,2,157,0,21.884599999999999,1,1,1
room_no_gloss,2,158,0,21.559699999999999,1,1,1
room_no_gloss,2,159,0,21.758600000000001,1,1,1
room_no_gloss,2,160,0,21.352699999999999,1,1,1
room_no_gloss,2,161,0,21.439599999999999,1,1,1
room_no_gloss,2,162,0,21.654800000000002,1,1,1
room_no_gloss,2,163,0,21.589200000000002,1,1,1
room_no_gloss,2,164,0,21.601500000000001,1,1,1
room_no_gloss,2,165,0,21.913900000000002,1,1,1
room_no_gloss,2,166,0,21.3888,1,1,1
room_no_gloss,2,167,0,21.438099999999999,1,1,1
room_no_gloss,2,168,0,21.587900000000001,1,1,1
room_no_gloss,2,169,0,22.3111,1,1,1
room_no_gloss,2,170,0,21.465299999999999,1,1,1
room_no_gloss,2,171,0,21.5747,1,1,1
room_no_gloss,2,172,0,21.310099999999998,1,1,1
room_no_gloss,2,173,0,21.2912,1,1,1
room_no_gloss,2,174,0,21.616900000000001,1,1,1
room_no_gloss,2,175,0,21.5976,1,1,1
room_no_gloss,2,176,0,21.4863,1,1,1
room_no_gloss,2,177,0,21.623899999999999,1,1,1
room_no_gloss,2,178,0,21.2349,1,1,1
room_no_gloss,2,179,0,21.288,1,1,1
room_no_gloss,2,180,0,21.634799999999998,1,1,1
room_no_gloss,2,181,0,21.442399999999999,1,1,1
room_no_gloss,2,182,0,21.347300000000001,1,1,1
room_no_gloss,2,183,0,21.969100000000001,1,1,1
room_no_gloss,2,184,0,21.4846,1,1,1
room_no_gloss,2,185,0,21.4176,1,1,1
room_no_gloss,2,186,0,21.863800000000001,1,1,1
room_no_gloss,2,187,0,21.452400000000001,1,1,1
room_no_gloss,2,188,0,21.540199999999999,1,1,1
room_no_gloss,2,189,0,22.0777,1,1,1
room_no_gloss,2,190,0,21.632999999999999,1,1,1
room_no_gloss,2,191,0,21.724399999999999,1,1,1
room_no_gloss,2,192,0,21.473600000000001,1,1,1
room_no_gloss,2,193,0,21.158999999999999,1,1,1
room_no_gloss,2,194,0,21.3978,1,1,1
room_no_gloss,2,195,0,21.669499999999999,1,1,1
room_no_gloss,2,196,0,21.555700000000002,1,1,1
room_no_gloss,2,197,0,21.411999999999999,1,1,1
room_no_gloss,2,198,0,21.695399999999999,1,1,1
room_no_gloss,2,199,0,21.3887,1,1,1
room_no_gloss,2,200,0,21.4512,1,1,1
room_no_gloss,2,201,0,21.8735,1,1,1
room_no_gloss,2,202,0,21.491900000000001,1,1,1
room_no_gloss,2,203,0,21.474699999999999,1,1,1
room_no_gloss,2,204,0,21.6722,1,1,1
room_no_gloss,2,205,0,21.476900000000001,1,1,1
room_no_gloss,2,206,0,21.3674,1,1,1
room_no_gloss,2,207,0,21.889800000000001,1,1,1
room_no_gloss,2,208,0,21.4894,1,1,1
room_no_gloss,2,209,0,21.4465,1,1,1
room_no_gloss,2,210,0,21.749300000000002,1,1,1
room_no_gloss,2,211,0,21.424199999999999,1,1,1
room_no_gloss,2,212,0,22.497900000000001,1,1,1
room_no_gloss,2,213,0,21.722799999999999,1,1,1
room_no_gloss,2,214,0,22.513999999999999,1,1,1
room_no_gloss,2,215,0,21.788399999999999,1,1,1
room_no_gloss,2,216,0,21.837,1,1,1
room_no_gloss,2,217,0,21.4345,1,1,1
room_no_gloss,2,218,0,21.509799999999998,1,1,1
room_no_gloss,2,219,0,21.746400000000001,1,1,1
room_no_gloss,2,220,0,21.308700000000002,1,1,1
room_no_gloss,2,221,0,21.452400000000001,1,1,1
room_no_gloss,2,222,0,21.749500000000001,1,1,1
room_no_gloss,2,223,0,21.520499999999998,1,1,1
room_no_gloss,2,224,0,21.334800000000001,1,1,1
room_no_gloss,2,225,0,21.597899999999999,1,1,1
room_no_gloss,2,226,0,21.666799999999999,1,1,1
room_no_gloss,2,227,0,21.362200000000001,1,1,1
room_no_gloss,2,228,0,21.904499999999999,1,1,1
room_no_gloss,2,229,0,21.900099999999998,1,1,1
room_no_gloss,2,230,0,21.3432,1,1,1
room_no_gloss,2,231,0,21.7379,1,1,1
room_no_gloss,2,232,0,22.979500000000002,1,1,1
room_no_gloss,2,233,0,21.376300000000001,1,1,1
room_no_gloss,2,234,0,21.564,1,1,1
room_no_gloss,2,235,0,21.633600000000001,1,1,1
room_no_gloss,2,236,0,21.779900000000001,1,1,1
room_no_gloss,2,237,0,21.731300000000001,1,1,1
room_no_gloss,2,238,0,21.494399999999999,1,1,1
room_no_gloss,2,239,0,21.6279,1,1,1
room_no_gloss,2,240,0,21.539100000000001,1,1,1
room_no_gloss,2,241,0,21.3657,1,1,1
room_no_gloss,2,242,0,21.5625,1,1,1
room_no_gloss,2,243,0,22.074300000000001,1,1,1
room_no_gloss,2,244,0,21.492100000000001,1,1,1
room_no_gloss,2,245,0,21.4574,1,1,1
room_no_gloss,2,246,0,21.702100000000002,1,1,1
room_no_gloss,2,247,0,21.4011,1,1,1
room_no_gloss,2,248,0,21.769300000000001,1,1,1
room_no_gloss,2,249,0,21.789899999999999,1,1,1
room_no_gloss,2,250,0,21.712599999999998,1,1,1
room_no_gloss,2,251,0,21.592300000000002,1,1,1
room_no_gloss,2,252,0,21.612200000000001,1,1,1
room_no_gloss,2,253,0,21.614999999999998,1,1,1
room_no_gloss,2,254,0,21.4451,1,1,1
room_no_gloss,2,255,0,21.694299999999998,1,1,1
room_no_gloss,2,256,0,21.6753,1,1,1
room_no_gloss,2,257,0,21.6843,1,1,1
room_no_gloss,2,258,0,21.729099999999999,1,1,1
room_no_gloss,2,259,0,21.6172,1,1,1
room_no_gloss,2,260,0,21.5045,1,1,1
room_no_gloss,2,261,0,22.133199999999999,1,1,1
room_no_gloss,2,262,0,21.649000000000001,1,1,1
room_no_gloss,2,263,0,21.435199999999998,1,1,1
room_no_gloss,2,264,0,21.7943,1,1,1
room_no_gloss,2,265,0,21.4208,1,1,1
room_no_gloss,2,266,0,21.646899999999999,1,1,1
room_no_gloss,2,267,0,21.575399999999998,1,1,1
room_no_gloss,2,268,0,21.457100000000001,1,1,1
room_no_gloss,2,269,0,21.6342,1,1,1
room_no_gloss,2,270,0,21.648299999999999,1,1,1
room_no_gloss,2,271,0,21.631499999999999,1,1,1
room_no_gloss,2,272,0,21.421800000000001,1,1,1
room_no_gloss,2,273,0,22.0441,1,1,1
room_no_gloss,2,274,0,21.497599999999998,1,1,1
room_no_gloss,2,275,0,21.440999999999999,1,1,1
room_no_gloss,2,276,0,21.511600000000001,1,1,1
room_no_gloss,2,277,0,21.3904,1,1,1
room_no_gloss,2,278,0,21.435700000000001,1,1,1
room_no_gloss,2,279,0,21.9389,1,1,1
room_no_gloss,2,280,0,21.5029,1,1,1
room_no_gloss,2,281,0,21.694400000000002,1,1,1
room_no_gloss,2,282,0,22.191099999999999,1,1,1
room_no_gloss,2,283,0,21.5595,1,1,1
room_no_gloss,2,284,0,21.452100000000002,1,1,1
room_no_gloss,2,285,0,21.728200000000001,1,1,1
room_no_gloss,2,286,0,21.417100000000001,1,1,1
room_no_gloss,2,287,0,21.428899999999999,1,1,1
room_no_gloss,2,288,0,21.477699999999999,1,1,1
room_closed_c1_s1,2,1,1,25.690899999999999,1,1,1
room_closed_c1_s1,2,2,1,25.246300000000002,1,1,1
room_closed_c1_s1,2,3,1,25.190899999999999,1,1,1
room_closed_c1_s1,2,4,1,24.565100000000001,1,1,1
room_closed_c1_s1,2,5,1,24.571000000000002,1,1,1
room_closed_c1_s1,2,6,1,24.706299999999999,1,1,1
room_closed_c1_s1,2,7,1,24.693200000000001,1,1,1
room_closed_c1_s1,2,8,1,24.4419,1,1,1
room_closed_c1_s1,2,9,1,24.823499999999999,1,1,1
room_closed_c1_s1,2,10,1,24.691500000000001,1,1,1
room_closed_c1_s1,2,11,1,24.535599999999999,1,1,1
room_closed_c1_s1,2,12,1,24.773800000000001,1,1,1
room_closed_c1_s1,2,13,1,24.408300000000001,1,1,1
room_closed_c1_s1,2,14,1,24.750499999999999,1,1,1
room_closed_c1_s1,2,15,1,24.5749,1,1,1
room_closed_c1_s1,2,16,1,24.982199999999999,1,1,1
room_closed_c1_s1,2,17,1,24.632400000000001,1,1,1
room_closed_c1_s1,2,18,1,24.827500000000001,1,1,1
room_closed_c1_s1,2,19,1,25.4404,1,1,1
room_closed_c1_s1,2,20,1,24.695900000000002,1,1,1
room_closed_c1_s1,2,21,1,25.1662,1,1,1
room_closed_c1_s1,2,22,1,24.678699999999999,1,1,1
room_closed_c1_s1,2,23,1,24.651700000000002,1,1,1
room_closed_c1_s1,2,24,1,24.601400000000002,1,1,1
room_closed_c1_s1,2,25,1,24.727599999999999,1,1,1
room_closed_c1_s1,2,26,1,24.4346,1,1,1
room_closed_c1_s1,2,27,1,24.879200000000001,1,1,1
room_closed_c1_s1,2,28,1,25.074400000000001,1,1,1
room_closed_c1_s1,2,29,1,26.2806,1,1,1
room_closed_c1_s1,2,30,1,25.033200000000001,1,1,1
room_closed_c1_s1,2,31,1,24.257999999999999,1,1,1
room_closed_c1_s1,2,32,1,24.5228,1,1,1
room_closed_c1_s1,2,33,0,24.442499999999999,1,1,1
room_closed_c1_s1,2,34,0,24.479800000000001,1,1,1
room_closed_c1_s1,2,35,0,24.459499999999998,1,1,1
room_closed_c1_s1,2,36,0,24.901599999999998,1,1,1
room_closed_c1_s1,2,37,0,24.527799999999999,1,1,1
room_closed_c1_s1,2,38,0,24.488800000000001,1,1,1
room_closed_c1_s1,2,39,0,24.370799999999999,1,1,1
room_closed_c1_s1,2,40,0,24.549900000000001,1,1,1
room_closed_c1_s1,2,41,0,24.623000000000001,1,1,1
room_closed_c1_s1,2,42,0,25.111899999999999,1,1,1
room_closed_c1_s1,2,43,0,24.273299999999999,1,1,1
room_closed_c1_s1,2,44,0,24.578399999999998,1,1,1
room_closed_c1_s1,2,45,0,24.671199999999999,1,1,1
room_closed_c1_s1,2,46,0,24.394400000000001,1,1,1
room_closed_c1_s1,2,47,0,24.477799999999998,1,1,1
room_closed_c1_s1,2,48,0,24.348800000000001,1,1,1
room_closed_c1_s1,2,49,0,24.5364,1,1,1
room_closed_c1_s1,2,50,0,24.396999999999998,1,1,1
room_closed_c1_s1,2,51,0,24.597200000000001,1,1,1
room_closed_c1_s1,2,52,0,24.6448,1,1,1
room_closed_c1_s1,2,53,0,24.4437,1,1,1
room_closed_c1_s1,2,54,0,24.523599999999998,1,1,1
room_closed_c1_s1,2,55,0,24.572500000000002,1,1,1
room_closed_c1_s1,2,56,0,24.415600000000001,1,1,1
room_closed_c1_s1,2,57,0,24.845099999999999,1,1,1
room_closed_c1_s1,2,58,0,24.571000000000002,1,1,1
room_closed_c1_s1,2,59,0,24.656400000000001,1,1,1
room_closed_c1_s1,2,60,0,24.8935,1,1,1
room_closed_c1_s1,2,61,0,24.5747,1,1,1
room_closed_c1_s1,2,62,0,24.5885,1,1,1
room_closed_c1_s1,2,63,0,24.4346,1,1,1
room_closed_c1_s1,2,64,0,24.4648,1,1,1
room_closed_c1_s1,2,65,0,24.758900000000001,1,1,1
room_closed_c1_s1,2,66,0,24.3474,1,1,1
room_closed_c1_s1,2,67,0,24.4361,1,1,1
room_closed_c1_s1,2,68,0,24.6145,1,1,1
room_closed_c1_s1,2,69,0,24.399799999999999,1,1,1
room_closed_c1_s1,2,70,0,26.2273,1,1,1
room_closed_c1_s1,2,71,0,24.430599999999998,1,1,1
room_closed_c1_s1,2,72,0,24.348299999999998,1,1,1
room_closed_c1_s1,2,73,0,24.221399999999999,1,1,1
room_closed_c1_s1,2,74,0,24.724,1,1,1
room_closed_c1_s1,2,75,0,24.411000000000001,1,1,1
room_closed_c1_s1,2,76,0,24.435199999999998,1,1,1
room_closed_c1_s1,2,77,0,24.5884,1,1,1
room_closed_c1_s1,2,78,0,24.5091,1,1,1
room_closed_c1_s1,2,79,0,24.295400000000001,1,1,1
room_closed_c1_s1,2,80,0,24.591200000000001,1,1,1
room_closed_c1_s1,2,81,0,24.543099999999999,1,1,1
room_closed_c1_s1,2,82,0,24.274799999999999,1,1,1
room_closed_c1_s1,2,83,0,24.3081,1,1,1
room_closed_c1_s1,2,84,0,24.371500000000001,1,1,1
room_closed_c1_s1,2,85,0,24.216200000000001,1,1,1
room_closed_c1_s1,2,86,0,24.405799999999999,1,1,1
room_closed_c1_s1,2,87,0,24.948799999999999,1,1,1
room_closed_c1_s1,2,88,0,24.5456,1,1,1
room_closed_c1_s1,2,89,0,25.286300000000001,1,1,1
room_closed_c1_s1,2,90,0,24.689599999999999,1,1,1
room_closed_c1_s1,2,91,0,24.790199999999999,1,1,1
room_closed_c1_s1,2,92,0,24.825800000000001,1,1,1
room_closed_c1_s1,2,93,0,24.75,1,1,1
room_closed_c1_s1,2,94,0,24.657299999999999,1,1,1
room_closed_c1_s1,2,95,0,24.614100000000001,1,1,1
room_closed_c1_s1,2,96,0,24.765499999999999,1,1,1
room_closed_c1_s1,2,97,0,24.661100000000001,1,1,1
room_closed_c1_s1,2,98,0,25.124300000000002,1,1,1
room_closed_c1_s1,2,99,0,25.4054,1,1,1
room_closed_c1_s1,2,100,0,24.6341,1,1,1
room_closed_c1_s1,2,101,0,24.931699999999999,1,1,1
room_closed_c1_s1,2,102,0,24.564900000000002,1,1,1
room_closed_c1_s1,2,103,0,24.798400000000001,1,1,1
room_closed_c1_s1,2,104,0,24.623999999999999,1,1,1
room_closed_c1_s1,2,105,0,24.542200000000001,1,1,1
room_closed_c1_s1,2,106,0,24.664899999999999,1,1,1
room_closed_c1_s1,2,107,0,24.468599999999999,1,1,1
room_closed_c1_s1,2,108,0,24.375399999999999,1,1,1
room_closed_c1_s1,2,109,0,24.313500000000001,1,1,1
room_closed_c1_s1,2,110,0,24.867699999999999,1,1,1
room_closed_c1_s1,2,111,0,24.618300000000001,1,1,1
room_closed_c1_s1,2,112,0,24.251799999999999,1,1,1
room_closed_c1_s1,2,113,0,24.7014,1,1,1
room_closed_c1_s1,2,114,0,24.369599999999998,1,1,1
room_closed_c1_s1,2,115,0,24.162600000000001,1,1,1
room_closed_c1_s1,2,116,0,24.500900000000001,1,1,1
room_closed_c1_s1,2,117,0,24.243500000000001,1,1,1
room_closed_c1_s1,2,118,0,24.431699999999999,1,1,1
room_closed_c1_s1,2,119,0,24.462299999999999,1,1,1
room_closed_c1_s1,2,120,0,24.401900000000001,1,1,1
room_closed_c1_s1,2,121,0,24.449100000000001,1,1,1
room_closed_c1_s1,2,122,0,24.6692,1,1,1
room_closed_c1_s1,2,123,0,24.325800000000001,1,1,1
room_closed_c1_s1,2,124,0,24.4329,1,1,1
room_closed_c1_s1,2,125,0,24.905100000000001,1,1,1
room_closed_c1_s1,2,126,0,24.301500000000001,1,1,1
room_closed_c1_s1,2,127,0,24.3948,1,1,1
room_closed_c1_s1,2,128,0,24.557700000000001,1,1,1
room_closed_c1_s1,2,129,0,24.441099999999999,1,1,1
room_closed_c1_s1,2,130,0,24.447099999999999,1,1,1
room_closed_c1_s1,2,131,0,24.6036,1,1,1
room_closed_c1_s1,2,132,0,24.293900000000001,1,1,1
room_closed_c1_s1,2,133,0,24.264299999999999,1,1,1
room_closed_c1_s1,2,134,0,24.567699999999999,1,1,1
room_closed_c1_s1,2,135,0,24.369800000000001,1,1,1
room_closed_c1_s1,2,136,0,24.3459,1,1,1
room_closed_c1_s1,2,137,0,24.861000000000001,1,1,1
room_closed_c1_s1,2,138,0,24.359400000000001,1,1,1
room_closed_c1_s1,2,139,0,24.4482,1,1,1
room_closed_c1_s1,2,140,0,25.102699999999999,1,1,1
room_closed_c1_s1,2,141,0,24.514800000000001,1,1,1
room_closed_c1_s1,2,142,0,24.457799999999999,1,1,1
room_closed_c1_s1,2,143,0,24.3505,1,1,1
room_closed_c1_s1,2,144,0,24.294499999999999,1,1,1
room_closed_c1_s1,2,145,0,24.319900000000001,1,1,1
room_closed_c1_s1,2,146,0,24.6279,1,1,1
room_closed_c1_s1,2,147,0,24.473700000000001,1,1,1
room_closed_c1_s1,2,148,0,24.222000000000001,1,1,1
room_closed_c1_s1,2,149,0,25.663799999999998,1,1,1
room_closed_c1_s1,2,150,0,24.630600000000001,1,1,1
room_closed_c1_s1,2,151,0,24.554400000000001,1,1,1
room_closed_c1_s1,2,152,0,24.437100000000001,1,1,1
room_closed_c1_s1,2,153,0,24.251999999999999,1,1,1
room_closed_c1_s1,2,154,0,24.339099999999998,1,1,1
room_closed_c1_s1,2,155,0,24.349,1,1,1
room_closed_c1_s1,2,156,0,24.4009,1,1,1
room_closed_c1_s1,2,157,0,24.6432,1,1,1
room_closed_c1_s1,2,158,0,24.819199999999999,1,1,1
room_closed_c1_s1,2,159,0,24.327000000000002,1,1,1
room_closed_c1_s1,2,160,0,24.488099999999999,1,1,1
room_closed_c1_s1,2,161,0,24.1523,1,1,1
room_closed_c1_s1,2,162,0,24.255299999999998,1,1,1
room_closed_c1_s1,2,163,0,24.237100000000002,1,1,1
room_closed_c1_s1,2,164,0,24.3187,1,1,1
room_closed_c1_s1,2,165,0,24.131900000000002,1,1,1
room_closed_c1_s1,2,166,0,24.625599999999999,1,1,1
room_closed_c1_s1,2,167,0,24.282699999999998,1,1,1
room_closed_c1_s1,2,168,0,24.043199999999999,1,1,1
room_closed_c1_s1,2,169,0,24.611699999999999,1,1,1
room_closed_c1_s1,2,170,0,24.136500000000002,1,1,1
room_closed_c1_s1,2,171,0,24.238600000000002,1,1,1
room_closed_c1_s1,2,172,0,24.355399999999999,1,1,1
room_closed_c1_s1,2,173,0,24.276700000000002,1,1,1
room_closed_c1_s1,2,174,0,24.7485,1,1,1
room_closed_c1_s1,2,175,0,24.684100000000001,1,1,1
room_closed_c1_s1,2,176,0,24.311499999999999,1,1,1
room_closed_c1_s1,2,177,0,24.719200000000001,1,1,1
room_closed_c1_s1,2,178,0,24.515699999999999,1,1,1
room_closed_c1_s1,2,179,0,24.349499999999999,1,1,1
room_closed_c1_s1,2,180,0,25.0913,1,1,1
room_closed_c1_s1,2,181,0,24.533100000000001,1,1,1
room_closed_c1_s1,2,182,0,24.638400000000001,1,1,1
room_closed_c1_s1,2,183,0,25.247199999999999,1,1,1
room_closed_c1_s1,2,184,0,24.550699999999999,1,1,1
room_closed_c1_s1,2,185,0,24.332799999999999,1,1,1
room_closed_c1_s1,2,186,0,24.507999999999999,1,1,1
room_closed_c1_s1,2,187,0,24.334299999999999,1,1,1
room_closed_c1_s1,2,188,0,24.2803,1,1,1
room_closed_c1_s1,2,189,0,24.5945,1,1,1
room_closed_c1_s1,2,190,0,25.177800000000001,1,1,1
room_closed_c1_s1,2,191,0,24.189699999999998,1,1,1
room_closed_c1_s1,2,192,0,24.6051,1,1,1
room_closed_c1_s1,2,193,0,24.245000000000001,1,1,1
room_closed_c1_s1,2,194,0,24.4131,1,1,1
room_closed_c1_s1,2,195,0,24.553100000000001,1,1,1
room_closed_c1_s1,2,196,0,24.401,1,1,1
room_closed_c1_s1,2,197,0,24.328199999999999,1,1,1
room_closed_c1_s1,2,198,0,24.768599999999999,1,1,1
room_closed_c1_s1,2,199,0,24.751799999999999,1,1,1
room_closed_c1_s1,2,200,0,24.3706,1,1,1
room_closed_c1_s1,2,201,0,24.703399999999998,1,1,1
room_closed_c1_s1,2,202,0,24.524899999999999,1,1,1
room_closed_c1_s1,2,203,0,24.556699999999999,1,1,1
room_closed_c1_s1,2,204,0,24.423300000000001,1,1,1
room_closed_c1_s1,2,205,0,24.344200000000001,1,1,1
room_closed_c1_s1,2,206,0,24.5334,1,1,1
room_closed_c1_s1,2,207,0,24.3993,1,1,1
room_closed_c1_s1,2,208,0,24.229399999999998,1,1,1
room_closed_c1_s1,2,209,0,24.8736,1,1,1
room_closed_c1_s1,2,210,0,24.843399999999999,1,1,1
room_closed_c1_s1,2,211,0,24.5137,1,1,1
room_closed_c1_s1,2,212,0,24.8474,1,1,1
room_closed_c1_s1,2,213,0,24.5425,1,1,1
room_closed_c1_s1,2,214,0,24.443000000000001,1,1,1
room_closed_c1_s1,2,215,0,24.549800000000001,1,1,1
room_closed_c1_s1,2,216,0,24.7103,1,1,1
room_closed_c1_s1,2,217,0,24.7119,1,1,1
room_closed_c1_s1,2,218,0,25.4726,1,1,1
room_closed_c1_s1,2,219,0,24.752800000000001,1,1,1
room_closed_c1_s1,2,220,0,24.5868,1,1,1
room_closed_c1_s1,2,221,0,24.9346,1,1,1
room_closed_c1_s1,2,222,0,24.6557,1,1,1
room_closed_c1_s1,2,223,0,24.773700000000002,1,1,1
room_closed_c1_s1,2,224,0,24.860099999999999,1,1,1
room_closed_c1_s1,2,225,0,25.631699999999999,1,1,1
room_closed_c1_s1,2,226,0,24.901900000000001,1,1,1
room_closed_c1_s1,2,227,0,24.355,1,1,1
room_closed_c1_s1,2,228,0,24.840800000000002,1,1,1
room_closed_c1_s1,2,229,0,24.747199999999999,1,1,1
room_closed_c1_s1,2,230,0,24.5747,1,1,1
room_closed_c1_s1,2,231,0,24.66,1,1,1
room_closed_c1_s1,2,232,0,24.361999999999998,1,1,1
room_closed_c1_s1,2,233,0,24.654199999999999,1,1,1
room_closed_c1_s1,2,234,0,24.6281,1,1,1
room_closed_c1_s1,2,235,0,24.609500000000001,1,1,1
room_closed_c1_s1,2,236,0,24.813099999999999,1,1,1
room_closed_c1_s1,2,237,0,24.6373,1,1,1
room_closed_c1_s1,2,238,0,24.527999999999999,1,1,1
room_closed_c1_s1,2,239,0,24.479700000000001,1,1,1
room_closed_c1_s1,2,240,0,24.642900000000001,1,1,1
room_closed_c1_s1,2,241,0,24.361000000000001,1,1,1
room_closed_c1_s1,2,242,0,24.5063,1,1,1
room_closed_c1_s1,2,243,0,25.095400000000001,1,1,1
room_closed_c1_s1,2,244,0,24.507400000000001,1,1,1
room_closed_c1_s1,2,245,0,24.32,1,1,1
room_closed_c1_s1,2,246,0,24.745899999999999,1,1,1
room_closed_c1_s1,2,247,0,24.43,1,1,1
room_closed_c1_s1,2,248,0,24.478100000000001,1,1,1
room_closed_c1_s1,2,249,0,24.5029,1,1,1
room_closed_c1_s1,2,250,0,24.445799999999998,1,1,1
room_closed_c1_s1,2,251,0,24.2867,1,1,1
room_closed_c1_s1,2,252,0,24.281500000000001,1,1,1
room_closed_c1_s1,2,253,0,24.300799999999999,1,1,1
room_closed_c1_s1,2,254,0,24.856100000000001,1,1,1
room_closed_c1_s1,2,255,0,24.428699999999999,1,1,1
room_closed_c1_s1,2,256,0,24.324300000000001,1,1,1
room_closed_c1_s1,2,257,0,24.646100000000001,1,1,1
room_closed_c1_s1,2,258,0,24.5594,1,1,1
room_closed_c1_s1,2,259,0,24.525400000000001,1,1,1
room_closed_c1_s1,2,260,0,24.546700000000001,1,1,1
room_closed_c1_s1,2,261,0,24.2012,1,1,1
room_closed_c1_s1,2,262,0,24.545400000000001,1,1,1
room_closed_c1_s1,2,263,0,24.382000000000001,1,1,1
room_closed_c1_s1,2,264,0,24.5823,1,1,1
room_closed_c1_s1,2,265,0,24.5364,1,1,1
room_closed_c1_s1,2,266,0,24.811599999999999,1,1,1
room_closed_c1_s1,2,267,0,24.864000000000001,1,1,1
room_closed_c1_s1,2,268,0,24.354900000000001,1,1,1
room_closed_c1_s1,2,269,0,24.5307,1,1,1
room_closed_c1_s1,2,270,0,24.986799999999999,1,1,1
room_closed_c1_s1,2,271,0,24.5197,1,1,1
room_closed_c1_s1,2,272,0,24.7697,1,1,1
room_closed_c1_s1,2,273,0,24.452000000000002,1,1,1
room_closed_c1_s1,2,274,0,24.2927,1,1,1
room_closed_c1_s1,2,275,0,24.733499999999999,1,1,1
room_closed_c1_s1,2,276,0,24.2898,1,1,1
room_closed_c1_s1,2,277,0,24.5824,1,1,1
room_closed_c1_s1,2,278,0,24.9879,1,1,1
room_closed_c1_s1,2,279,0,24.522400000000001,1,1,1
room_closed_c1_s1,2,280,0,24.5457,1,1,1
room_closed_c1_s1,2,281,0,24.512899999999998,1,1,1
room_closed_c1_s1,2,282,0,24.412199999999999,1,1,1
room_closed_c1_s1,2,283,0,24.659500000000001,1,1,1
room_closed_c1_s1,2,284,0,24.427600000000002,1,1,1
room_closed_c1_s1,2,285,0,24.473199999999999,1,1,1
room_closed_c1_s1,2,286,0,24.7348,1,1,1
room_closed_c1_s1,2,287,0,24.362300000000001,1,1,1
room_closed_c1_s1,2,288,0,24.253499999999999,1,1,1
room_closed_c1_s0,2,1,1,13.341699999999999,0,1,1
room_closed_c1_s0,2,2,1,12.543799999999999,0,1,1
room_closed_c1_s0,2,3,1,12.6869,0,1,1
room_closed_c1_s0,2,4,1,12.360200000000001,0,1,1
room_closed_c1_s0,2,5,1,12.3697,0,1,1
room_closed_c1_s0,2,6,1,11.9564,0,1,1
room_closed_c1_s0,2,7,1,12.5252,0,1,1
room_closed_c1_s0,2,8,1,12.016400000000001,0,1,1
room_closed_c1_s0,2,9,1,12.4063,0,1,1
room_closed_c1_s0,2,10,1,12.2454,0,1,1
room_closed_c1_s0,2,11,1,12.3911,0,1,1
room_closed_c1_s0,2,12,1,12.347099999999999,0,1,1
room_closed_c1_s0,2,13,1,12.3062,0,1,1
room_closed_c1_s0,2,14,1,12.5143,0,1,1
room_closed_c1_s0,2,15,1,12.603899999999999,0,1,1
room_closed_c1_s0,2,16,1,12.3307,0,1,1
room_closed_c1_s0,2,17,1,12.4079,0,1,1
room_closed_c1_s0,2,18,1,12.194000000000001,0,1,1
room_closed_c1_s0,2,19,1,12.244999999999999,0,1,1
room_closed_c1_s0,2,20,1,12.287599999999999,0,1,1
room_closed_c1_s0,2,21,1,11.9925,0,1,1
room_closed_c1_s0,2,22,1,12.052300000000001,0,1,1
room_closed_c1_s0,2,23,1,12.4796,0,1,1
room_closed_c1_s0,2,24,1,11.9717,0,1,1
room_closed_c1_s0,2,25,1,12.310600000000001,0,1,1
room_closed_c1_s0,2,26,1,12.2874,0,1,1
room_closed_c1_s0,2,27,1,12.1615,0,1,1
room_closed_c1_s0,2,28,1,12.7393,0,1,1
room_closed_c1_s0,2,29,1,12.8477,0,1,1
room_closed_c1_s0,2,30,1,12.450200000000001,0,1,1
room_closed_c1_s0,2,31,1,12.390599999999999,0,1,1
room_closed_c1_s0,2,32,1,12.3987,0,1,1
room_closed_c1_s0,2,33,0,12.228400000000001,0,1,1
room_closed_c1_s0,2,34,0,12.3132,0,1,1
room_closed_c1_s0,2,35,0,12.503299999999999,0,1,1
room_closed_c1_s0,2,36,0,12.250299999999999,0,1,1
room_closed_c1_s0,2,37,0,12.254899999999999,0,1,1
room_closed_c1_s0,2,38,0,12.032999999999999,0,1,1
room_closed_c1_s0,2,39,0,12.096299999999999,0,1,1
room_closed_c1_s0,2,40,0,11.9678,0,1,1
room_closed_c1_s0,2,41,0,12.2836,0,1,1
room_closed_c1_s0,2,42,0,12.086399999999999,0,1,1
room_closed_c1_s0,2,43,0,12.312099999999999,0,1,1
room_closed_c1_s0,2,44,0,12.497,0,1,1
room_closed_c1_s0,2,45,0,12.132400000000001,0,1,1
room_closed_c1_s0,2,46,0,11.997400000000001,0,1,1
room_closed_c1_s0,2,47,0,12.250999999999999,0,1,1
room_closed_c1_s0,2,48,0,12.062799999999999,0,1,1
room_closed_c1_s0,2,49,0,12.126300000000001,0,1,1
room_closed_c1_s0,2,50,0,12.4002,0,1,1
room_closed_c1_s0,2,51,0,12.089600000000001,0,1,1
room_closed_c1_s0,2,52,0,12.369400000000001,0,1,1
room_closed_c1_s0,2,53,0,12.4352,0,1,1
room_closed_c1_s0,2,54,0,12.3248,0,1,1
room_closed_c1_s0,2,55,0,12.156599999999999,0,1,1
room_closed_c1_s0,2,56,0,12.3186,0,1,1
room_closed_c1_s0,2,57,0,12.137499999999999,0,1,1
room_closed_c1_s0,2,58,0,12.1591,0,1,1
room_closed_c1_s0,2,59,0,12.1797,0,1,1
room_closed_c1_s0,2,60,0,12.042899999999999,0,1,1
room_closed_c1_s0,2,61,0,12.0413,0,1,1
room_closed_c1_s0,2,62,0,12.1571,0,1,1
room_closed_c1_s0,2,63,0,12.0586,0,1,1
room_closed_c1_s0,2,64,0,12.2315,0,1,1
room_closed_c1_s0,2,65,0,12.363899999999999,0,1,1
room_closed_c1_s0,2,66,0,12.1913,0,1,1
room_closed_c1_s0,2,67,0,12.030900000000001,0,1,1
room_closed_c1_s0,2,68,0,12.052,0,1,1
room_closed_c1_s0,2,69,0,12.244199999999999,0,1,1
room_closed_c1_s0,2,70,0,12.087899999999999,0,1,1
room_closed_c1_s0,2,71,0,12.166399999999999,0,1,1
room_closed_c1_s0,2,72,0,12.1997,0,1,1
room_closed_c1_s0,2,73,0,12.0646,0,1,1
room_closed_c1_s0,2,74,0,12.229799999999999,0,1,1
room_closed_c1_s0,2,75,0,12.4587,0,1,1
room_closed_c1_s0,2,76,0,12.389900000000001,0,1,1
room_closed_c1_s0,2,77,0,12.0634,0,1,1
room_closed_c1_s0,2,78,0,12.418900000000001,0,1,1
room_closed_c1_s0,2,79,0,12.102,0,1,1
room_closed_c1_s0,2,80,0,12.095000000000001,0,1,1
room_closed_c1_s0,2,81,0,12.069800000000001,0,1,1
room_closed_c1_s0,2,82,0,12.3169,0,1,1
room_closed_c1_s0,2,83,0,12.352,0,1,1
room_closed_c1_s0,2,84,0,12.121499999999999,0,1,1
room_closed_c1_s0,2,85,0,11.9557,0,1,1
room_closed_c1_s0,2,86,0,12.4602,0,1,1
room_closed_c1_s0,2,87,0,12.006399999999999,0,1,1
room_closed_c1_s0,2,88,0,12.5162,0,1,1
room_closed_c1_s0,2,89,0,12.278499999999999,0,1,1
room_closed_c1_s0,2,90,0,12.181699999999999,0,1,1
room_closed_c1_s0,2,91,0,12.0375,0,1,1
room_closed_c1_s0,2,92,0,12.2507,0,1,1
room_closed_c1_s0,2,93,0,12.079700000000001,0,1,1
room_closed_c1_s0,2,94,0,12.353400000000001,0,1,1
room_closed_c1_s0,2,95,0,12.2936,0,1,1
room_closed_c1_s0,2,96,0,12.1358,0,1,1
room_closed_c1_s0,2,97,0,12.353300000000001,0,1,1
room_closed_c1_s0,2,98,0,12.371499999999999,0,1,1
room_closed_c1_s0,2,99,0,12.0474,0,1,1
room_closed_c1_s0,2,100,0,12.319800000000001,0,1,1
room_closed_c1_s0,2,101,0,12.502800000000001,0,1,1
room_closed_c1_s0,2,102,0,12.2227,0,1,1
room_closed_c1_s0,2,103,0,12.261799999999999,0,1,1
room_closed_c1_s0,2,104,0,12.4922,0,1,1
room_closed_c1_s0,2,105,0,12.154,0,1,1
room_closed_c1_s0,2,106,0,12.5175,0,1,1
room_closed_c1_s0,2,107,0,12.342499999999999,0,1,1
room_closed_c1_s0,2,108,0,12.2858,0,1,1
room_closed_c1_s0,2,109,0,12.3392,0,1,1
room_closed_c1_s0,2,110,0,12.456200000000001,0,1,1
room_closed_c1_s0,2,111,0,12.068199999999999,0,1,1
room_closed_c1_s0,2,112,0,12.303000000000001,0,1,1
room_closed_c1_s0,2,113,0,12.3736,0,1,1
room_closed_c1_s0,2,114,0,12.081200000000001,0,1,1
room_closed_c1_s0,2,115,0,12.3355,0,1,1
room_closed_c1_s0,2,116,0,12.411099999999999,0,1,1
room_closed_c1_s0,2,117,0,12.030200000000001,0,1,1
room_closed_c1_s0,2,118,0,12.3706,0,1,1
room_closed_c1_s0,2,119,0,13.058199999999999,0,1,1
room_closed_c1_s0,2,120,0,12.4825,0,1,1
room_closed_c1_s0,2,121,0,12.218999999999999,0,1,1
room_closed_c1_s0,2,122,0,12.1031,0,1,1
room_closed_c1_s0,2,123,0,12.093500000000001,0,1,1
room_closed_c1_s0,2,124,0,11.952500000000001,0,1,1
room_closed_c1_s0,2,125,0,12.0344,0,1,1
room_closed_c1_s0,2,126,0,12.1831,0,1,1
room_closed_c1_s0,2,127,0,12.354799999999999,0,1,1
room_closed_c1_s0,2,128,0,12.353199999999999,0,1,1
room_closed_c1_s0,2,129,0,12.158300000000001,0,1,1
room_closed_c1_s0,2,130,0,12.2233,0,1,1
room_closed_c1_s0,2,131,0,12.400499999999999,0,1,1
room_closed_c1_s0,2,132,0,12.145799999999999,0,1,1
room_closed_c1_s0,2,133,0,12.3779,0,1,1
room_closed_c1_s0,2,134,0,12.3165,0,1,1
room_closed_c1_s0,2,135,0,12.260199999999999,0,1,1
room_closed_c1_s0,2,136,0,12.300599999999999,0,1,1
room_closed_c1_s0,2,137,0,12.6982,0,1,1
room_closed_c1_s0,2,138,0,12.0467,0,1,1
room_closed_c1_s0,2,139,0,12.383900000000001,0,1,1
room_closed_c1_s0,2,140,0,12.0337,0,1,1
room_closed_c1_s0,2,141,0,12.069599999999999,0,1,1
room_closed_c1_s0,2,142,0,12.254099999999999,0,1,1
room_closed_c1_s0,2,143,0,12.511100000000001,0,1,1
room_closed_c1_s0,2,144,0,12.293100000000001,0,1,1
room_closed_c1_s0,2,145,0,12.0655,0,1,1
room_closed_c1_s0,2,146,0,12.0442,0,1,1
room_closed_c1_s0,2,147,0,12.1091,0,1,1
room_closed_c1_s0,2,148,0,12.196,0,1,1
room_closed_c1_s0,2,149,0,12.475899999999999,0,1,1
room_closed_c1_s0,2,150,0,12.032299999999999,0,1,1
room_closed_c1_s0,2,151,0,12.374499999999999,0,1,1
room_closed_c1_s0,2,152,0,12.5063,0,1,1
room_closed_c1_s0,2,153,0,12.0008,0,1,1
room_closed_c1_s0,2,154,0,12.2149,0,1,1
room_closed_c1_s0,2,155,0,12.478300000000001,0,1,1
room_closed_c1_s0,2,156,0,12.253500000000001,0,1,1
room_closed_c1_s0,2,157,0,11.9978,0,1,1
room_closed_c1_s0,2,158,0,12.034000000000001,0,1,1
room_closed_c1_s0,2,159,0,12.1256,0,1,1
room_closed_c1_s0,2,160,0,12.0167,0,1,1
room_closed_c1_s0,2,161,0,12.3108,0,1,1
room_closed_c1_s0,2,162,0,12.1136,0,1,1
room_closed_c1_s0,2,163,0,12.0181,0,1,1
room_closed_c1_s0,2,164,0,12.4186,0,1,1
room_closed_c1_s0,2,165,0,12.133900000000001,0,1,1
room_closed_c1_s0,2,166,0,12.330500000000001,0,1,1
room_closed_c1_s0,2,167,0,12.3786,0,1,1
room_closed_c1_s0,2,168,0,12.041,0,1,1
room_closed_c1_s0,2,169,0,12.280799999999999,0,1,1
room_closed_c1_s0,2,170,0,12.4345,0,1,1
room_closed_c1_s0,2,171,0,12.027699999999999,0,1,1
room_closed_c1_s0,2,172,0,12.306100000000001,0,1,1
room_closed_c1_s0,2,173,0,12.3447,0,1,1
room_closed_c1_s0,2,174,0,12.124599999999999,0,1,1
room_closed_c1_s0,2,175,0,12.2476,0,1,1
room_closed_c1_s0,2,176,0,12.366099999999999,0,1,1
room_closed_c1_s0,2,177,0,12.0176,0,1,1
room_closed_c1_s0,2,178,0,12.6698,0,1,1
room_closed_c1_s0,2,179,0,12.370900000000001,0,1,1
room_closed_c1_s0,2,180,0,12.1538,0,1,1
room_closed_c1_s0,2,181,0,12.196400000000001,0,1,1
room_closed_c1_s0,2,182,0,12.3133,0,1,1
room_closed_c1_s0,2,183,0,12.186999999999999,0,1,1
room_closed_c1_s0,2,184,0,12.5092,0,1,1
room_closed_c1_s0,2,185,0,12.2867,0,1,1
room_closed_c1_s0,2,186,0,12.387600000000001,0,1,1
room_closed_c1_s0,2,187,0,12.0817,0,1,1
room_closed_c1_s0,2,188,0,12.141400000000001,0,1,1
room_closed_c1_s0,2,189,0,12.146599999999999,0,1,1
room_closed_c1_s0,2,190,0,12.035399999999999,0,1,1
room_closed_c1_s0,2,191,0,12.039400000000001,0,1,1
room_closed_c1_s0,2,192,0,12.1052,0,1,1
room_closed_c1_s0,2,193,0,11.990600000000001,0,1,1
room_closed_c1_s0,2,194,0,12.037699999999999,0,1,1
room_closed_c1_s0,2,195,0,12.2959,0,1,1
room_closed_c1_s0,2,196,0,12.4841,0,1,1
room_closed_c1_s0,2,197,0,12.133699999999999,0,1,1
room_closed_c1_s0,2,198,0,12.121499999999999,0,1,1
room_closed_c1_s0,2,199,0,12.0571,0,1,1
room_closed_c1_s0,2,200,0,11.981,0,1,1
room_closed_c1_s0,2,201,0,12.1084,0,1,1
room_closed_c1_s0,2,202,0,12.0374,0,1,1
room_closed_c1_s0,2,203,0,12.332599999999999,0,1,1
room_closed_c1_s0,2,204,0,12.172599999999999,0,1,1
room_closed_c1_s0,2,205,0,12.0359,0,1,1
room_closed_c1_s0,2,206,0,11.9537,0,1,1
room_closed_c1_s0,2,207,0,12.2249,0,1,1
room_closed_c1_s0,2,208,0,11.910500000000001,0,1,1
room_closed_c1_s0,2,209,0,12.0816,0,1,1
room_closed_c1_s0,2,210,0,12.9832,0,1,1
room_closed_c1_s0,2,211,0,12.3789,0,1,1
room_closed_c1_s0,2,212,0,12.035600000000001,0,1,1
room_closed_c1_s0,2,213,0,12.4444,0,1,1
room_closed_c1_s0,2,214,0,12.330500000000001,0,1,1
room_closed_c1_s0,2,215,0,12.2479,0,1,1
room_closed_c1_s0,2,216,0,12.3863,0,1,1
room_closed_c1_s0,2,217,0,12.210699999999999,0,1,1
room_closed_c1_s0,2,218,0,12.0215,0,1,1
room_closed_c1_s0,2,219,0,12.308,0,1,1
room_closed_c1_s0,2,220,0,12.1318,0,1,1
room_closed_c1_s0,2,221,0,12.313499999999999,0,1,1
room_closed_c1_s0,2,222,0,12.242900000000001,0,1,1
room_closed_c1_s0,2,223,0,12.3847,0,1,1
room_closed_c1_s0,2,224,0,11.9476,0,1,1
room_closed_c1_s0,2,225,0,12.140499999999999,0,1,1
room_closed_c1_s0,2,226,0,12.2156,0,1,1
room_closed_c1_s0,2,227,0,11.994300000000001,0,1,1
room_closed_c1_s0,2,228,0,12.0557,0,1,1
room_closed_c1_s0,2,229,0,12.3262,0,1,1
room_closed_c1_s0,2,230,0,12.1488,0,1,1
room_closed_c1_s0,2,231,0,12.3002,0,1,1
room_closed_c1_s0,2,232,0,12.3109,0,1,1
room_closed_c1_s0,2,233,0,11.9984,0,1,1
room_closed_c1_s0,2,234,0,12.082599999999999,0,1,1
room_closed_c1_s0,2,235,0,12.304399999999999,0,1,1
room_closed_c1_s0,2,236,0,12.4808,0,1,1
room_closed_c1_s0,2,237,0,12.0136,0,1,1
room_closed_c1_s0,2,238,0,11.9701,0,1,1
room_closed_c1_s0,2,239,0,12.783099999999999,0,1,1
room_closed_c1_s0,2,240,0,12.1934,0,1,1
room_closed_c1_s0,2,241,0,12.3515,0,1,1
room_closed_c1_s0,2,242,0,12.1638,0,1,1
room_closed_c1_s0,2,243,0,12.443899999999999,0,1,1
room_closed_c1_s0,2,244,0,12.3475,0,1,1
room_closed_c1_s0,2,245,0,12.1265,0,1,1
room_closed_c1_s0,2,246,0,12.247199999999999,0,1,1
room_closed_c1_s0,2,247,0,12.4925,0,1,1
room_closed_c1_s0,2,248,0,12.215299999999999,0,1,1
room_closed_c1_s0,2,249,0,12.5624,0,1,1
room_closed_c1_s0,2,250,0,12.3035,0,1,1
room_closed_c1_s0,2,251,0,12.280099999999999,0,1,1
room_closed_c1_s0,2,252,0,12.450699999999999,0,1,1
room_closed_c1_s0,2,253,0,12.1142,0,1,1
room_closed_c1_s0,2,254,0,12.073499999999999,0,1,1
room_closed_c1_s0,2,255,0,12.331200000000001,0,1,1
room_closed_c1_s0,2,256,0,12.5784,0,1,1
room_closed_c1_s0,2,257,0,12.3064,0,1,1
room_closed_c1_s0,2,258,0,12.2857,0,1,1
room_closed_c1_s0,2,259,0,12.5314,0,1,1
room_closed_c1_s0,2,260,0,12.059900000000001,0,1,1
room_closed_c1_s0,2,261,0,12.2997,0,1,1
room_closed_c1_s0,2,262,0,12.3901,0,1,1
room_closed_c1_s0,2,263,0,12.1953,0,1,1
room_closed_c1_s0,2,264,0,12.084099999999999,0,1,1
room_closed_c1_s0,2,265,0,12.1449,0,1,1
room_closed_c1_s0,2,266,0,12.1557,0,1,1
room_closed_c1_s0,2,267,0,12.412000000000001,0,1,1
room_closed_c1_s0,2,268,0,12.6966,0,1,1
room_closed_c1_s0,2,269,0,12.2097,0,1,1
room_closed_c1_s0,2,270,0,12.1357,0,1,1
room_closed_c1_s0,2,271,0,12.451700000000001,0,1,1
room_closed_c1_s0,2,272,0,12.226699999999999,0,1,1
room_closed_c1_s0,2,273,0,12.335100000000001,0,1,1
room_closed_c1_s0,2,274,0,12.4412,0,1,1
room_closed_c1_s0,2,275,0,11.9773,0,1,1
room_closed_c1_s0,2,276,0,12.5649,0,1,1
room_closed_c1_s0,2,277,0,12.5692,0,1,1
room_closed_c1_s0,2,278,0,12.1699,0,1,1
room_closed_c1_s0,2,279,0,12.3504,0,1,1
room_closed_c1_s0,2,280,0,12.241099999999999,0,1,1
room_closed_c1_s0,2,281,0,12.173500000000001,0,1,1
room_closed_c1_s0,2,282,0,12.4801,0,1,1
room_closed_c1_s0,2,283,0,12.3834,0,1,1
room_closed_c1_s0,2,284,0,12.497299999999999,0,1,1
room_closed_c1_s0,2,285,0,12.051399999999999,0,1,1
room_closed_c1_s0,2,286,0,12.289199999999999,0,1,1
room_closed_c1_s0,2,287,0,12.145,0,1,1
room_closed_c1_s0,2,288,0,12.289400000000001,0,1,1
room_closed_c0_s1,2,1,1,19.346900000000002,1,0,1
room_closed_c0_s1,2,2,1,19.753299999999999,1,0,1
room_closed_c0_s1,2,3,1,19.117999999999999,1,0,1
room_closed_c0_s1,2,4,1,18.9253,1,0,1
room_closed_c0_s1,2,5,1,19.2502,1,0,1
room_closed_c0_s1,2,6,1,19.022400000000001,1,0,1
room_closed_c0_s1,2,7,1,19.062899999999999,1,0,1
room_closed_c0_s1,2,8,1,19.0261,1,0,1
room_closed_c0_s1,2,9,1,18.779800000000002,1,0,1
room_closed_c0_s1,2,10,1,19.200299999999999,1,0,1
room_closed_c0_s1,2,11,1,18.738399999999999,1,0,1
room_closed_c0_s1,2,12,1,18.793500000000002,1,0,1
room_closed_c0_s1,2,13,1,19.2135,1,0,1
room_closed_c0_s1,2,14,1,18.793700000000001,1,0,1
room_closed_c0_s1,2,15,1,18.808,1,0,1
room_closed_c0_s1,2,16,1,18.8931,1,0,1
room_closed_c0_s1,2,17,1,18.738,1,0,1
room_closed_c0_s1,2,18,1,19.835000000000001,1,0,1
room_closed_c0_s1,2,19,1,19.596699999999998,1,0,1
room_closed_c0_s1,2,20,1,18.885300000000001,1,0,1
room_closed_c0_s1,2,21,1,18.7745,1,0,1
room_closed_c0_s1,2,22,1,19.423300000000001,1,0,1
room_closed_c0_s1,2,23,1,18.973299999999998,1,0,1
room_closed_c0_s1,2,24,1,18.652100000000001,1,0,1
room_closed_c0_s1,2,25,1,19.132999999999999,1,0,1
room_closed_c0_s1,2,26,1,18.7758,1,0,1
room_closed_c0_s1,2,27,1,18.699400000000001,1,0,1
room_closed_c0_s1,2,28,1,18.958100000000002,1,0,1
room_closed_c0_s1,2,29,1,18.881900000000002,1,0,1
room_closed_c0_s1,2,30,1,19.059699999999999,1,0,1
room_closed_c0_s1,2,31,1,18.936699999999998,1,0,1
room_closed_c0_s1,2,32,1,18.8672,1,0,1
room_closed_c0_s1,2,33,0,18.8857,1,0,1
room_closed_c0_s1,2,34,0,18.907599999999999,1,0,1
room_closed_c0_s1,2,35,0,18.9236,1,0,1
room_closed_c0_s1,2,36,0,18.853200000000001,1,0,1
room_closed_c0_s1,2,37,0,18.7361,1,0,1
room_closed_c0_s1,2,38,0,18.792300000000001,1,0,1
room_closed_c0_s1,2,39,0,19.187000000000001,1,0,1
room_closed_c0_s1,2,40,0,18.765899999999998,1,0,1
room_closed_c0_s1,2,41,0,18.7637,1,0,1
room_closed_c0_s1,2,42,0,19.1677,1,0,1
room_closed_c0_s1,2,43,0,18.967500000000001,1,0,1
room_closed_c0_s1,2,44,0,18.807099999999998,1,0,1
room_closed_c0_s1,2,45,0,19.296500000000002,1,0,1
room_closed_c0_s1,2,46,0,18.9344,1,0,1
room_closed_c0_s1,2,47,0,18.7516,1,0,1
room_closed_c0_s1,2,48,0,19.159500000000001,1,0,1
room_closed_c0_s1,2,49,0,18.802199999999999,1,0,1
room_closed_c0_s1,2,50,0,18.775700000000001,1,0,1
room_closed_c0_s1,2,51,0,19.1831,1,0,1
room_closed_c0_s1,2,52,0,18.8749,1,0,1
room_closed_c0_s1,2,53,0,18.8506,1,0,1
room_closed_c0_s1,2,54,0,18.84,1,0,1
room_closed_c0_s1,2,55,0,18.968,1,0,1
room_closed_c0_s1,2,56,0,19.5946,1,0,1
room_closed_c0_s1,2,57,0,19.087599999999998,1,0,1
room_closed_c0_s1,2,58,0,18.8445,1,0,1
room_closed_c0_s1,2,59,0,18.798400000000001,1,0,1
room_closed_c0_s1,2,60,0,18.938800000000001,1,0,1
room_closed_c0_s1,2,61,0,19.337900000000001,1,0,1
room_closed_c0_s1,2,62,0,19.016300000000001,1,0,1
room_closed_c0_s1,2,63,0,18.947399999999998,1,0,1
room_closed_c0_s1,2,64,0,18.938099999999999,1,0,1
room_closed_c0_s1,2,65,0,18.825299999999999,1,0,1
room_closed_c0_s1,2,66,0,18.937999999999999,1,0,1
room_closed_c0_s1,2,67,0,18.810300000000002,1,0,1
room_closed_c0_s1,2,68,0,18.860199999999999,1,0,1
room_closed_c0_s1,2,69,0,19.0152,1,0,1
room_closed_c0_s1,2,70,0,18.917400000000001,1,0,1
room_closed_c0_s1,2,71,0,19.1218,1,0,1
room_closed_c0_s1,2,72,0,19.008500000000002,1,0,1
room_closed_c0_s1,2,73,0,18.864899999999999,1,0,1
room_closed_c0_s1,2,74,0,18.952500000000001,1,0,1
room_closed_c0_s1,2,75,0,19.041399999999999,1,0,1
room_closed_c0_s1,2,76,0,18.976400000000002,1,0,1
room_closed_c0_s1,2,77,0,19.0167,1,0,1
room_closed_c0_s1,2,78,0,19.2376,1,0,1
room_closed_c0_s1,2,79,0,18.911899999999999,1,0,1
room_closed_c0_s1,2,80,0,19.397600000000001,1,0,1
room_closed_c0_s1,2,81,0,18.847000000000001,1,0,1
room_closed_c0_s1,2,82,0,19.1968,1,0,1
room_closed_c0_s1,2,83,0,18.762699999999999,1,0,1
room_closed_c0_s1,2,84,0,19.229800000000001,1,0,1
room_closed_c0_s1,2,85,0,18.840199999999999,1,0,1
room_closed_c0_s1,2,86,0,18.9285,1,0,1
room_closed_c0_s1,2,87,0,19.061800000000002,1,0,1
room_closed_c0_s1,2,88,0,18.828800000000001,1,0,1
room_closed_c0_s1,2,89,0,18.9497,1,0,1
room_closed_c0_s1,2,90,0,19.1221,1,0,1
room_closed_c0_s1,2,91,0,18.707999999999998,1,0,1
room_closed_c0_s1,2,92,0,18.9026,1,0,1
room_closed_c0_s1,2,93,0,19.059000000000001,1,0,1
room_closed_c0_s1,2,94,0,18.812799999999999,1,0,1
room_closed_c0_s1,2,95,0,18.999199999999998,1,0,1
room_closed_c0_s1,2,96,0,19.0153,1,0,1
room_closed_c0_s1,2,97,0,18.924700000000001,1,0,1
room_closed_c0_s1,2,98,0,18.847799999999999,1,0,1
room_closed_c0_s1,2,99,0,19.102,1,0,1
room_closed_c0_s1,2,100,0,18.772200000000002,1,0,1
room_closed_c0_s1,2,101,0,18.750699999999998,1,0,1
room_closed_c0_s1,2,102,0,19.075900000000001,1,0,1
room_closed_c0_s1,2,103,0,18.825800000000001,1,0,1
room_closed_c0_s1,2,104,0,18.789999999999999,1,0,1
room_closed_c0_s1,2,105,0,18.992100000000001,1,0,1
room_closed_c0_s1,2,106,0,19.306000000000001,1,0,1
room_closed_c0_s1,2,107,0,18.953199999999999,1,0,1
room_closed_c0_s1,2,108,0,19.2685,1,0,1
room_closed_c0_s1,2,109,0,18.926300000000001,1,0,1
room_closed_c0_s1,2,110,0,19.142299999999999,1,0,1
room_closed_c0_s1,2,111,0,19.372199999999999,1,0,1
room_closed_c0_s1,2,112,0,18.814499999999999,1,0,1
room_closed_c0_s1,2,113,0,18.736499999999999,1,0,1
room_closed_c0_s1,2,114,0,19.3857,1,0,1
room_closed_c0_s1,2,115,0,19.588000000000001,1,0,1
room_closed_c0_s1,2,116,0,19.622399999999999,1,0,1
room_closed_c0_s1,2,117,0,19.082000000000001,1,0,1
room_closed_c0_s1,2,118,0,18.906199999999998,1,0,1
room_closed_c0_s1,2,119,0,18.883199999999999,1,0,1
room_closed_c0_s1,2,120,0,19.351199999999999,1,0,1
room_closed_c0_s1,2,121,0,18.831299999999999,1,0,1
room_closed_c0_s1,2,122,0,19.0426,1,0,1
room_closed_c0_s1,2,123,0,19.2849,1,0,1
room_closed_c0_s1,2,124,0,18.927399999999999,1,0,1
room_closed_c0_s1,2,125,0,18.845300000000002,1,0,1
room_closed_c0_s1,2,126,0,19.106999999999999,1,0,1
room_closed_c0_s1,2,127,0,19.301200000000001,1,0,1
room_closed_c0_s1,2,128,0,19.037700000000001,1,0,1
room_closed_c0_s1,2,129,0,18.701899999999998,1,0,1
room_closed_c0_s1,2,130,0,18.840900000000001,1,0,1
room_closed_c0_s1,2,131,0,19.657900000000001,1,0,1
room_closed_c0_s1,2,132,0,19.933299999999999,1,0,1
room_closed_c0_s1,2,133,0,18.969100000000001,1,0,1
room_closed_c0_s1,2,134,0,18.7117,1,0,1
room_closed_c0_s1,2,135,0,19.020800000000001,1,0,1
room_closed_c0_s1,2,136,0,18.7667,1,0,1
room_closed_c0_s1,2,137,0,18.692499999999999,1,0,1
room_closed_c0_s1,2,138,0,19.028700000000001,1,0,1
room_closed_c0_s1,2,139,0,18.802299999999999,1,0,1
room_closed_c0_s1,2,140,0,18.786300000000001,1,0,1
room_closed_c0_s1,2,141,0,18.933599999999998,1,0,1
room_closed_c0_s1,2,142,0,18.895900000000001,1,0,1
room_closed_c0_s1,2,143,0,18.699100000000001,1,0,1
room_closed_c0_s1,2,144,0,19.166,1,0,1
room_closed_c0_s1,2,145,0,19.0992,1,0,1
room_closed_c0_s1,2,146,0,18.934699999999999,1,0,1
room_closed_c0_s1,2,147,0,19.132999999999999,1,0,1
room_closed_c0_s1,2,148,0,19.104600000000001,1,0,1
room_closed_c0_s1,2,149,0,19.201499999999999,1,0,1
room_closed_c0_s1,2,150,0,19.1416,1,0,1
room_closed_c0_s1,2,151,0,18.9115,1,0,1
room_closed_c0_s1,2,152,0,19.110499999999998,1,0,1
room_closed_c0_s1,2,153,0,19.131499999999999,1,0,1
room_closed_c0_s1,2,154,0,19.106400000000001,1,0,1
room_closed_c0_s1,2,155,0,19.052,1,0,1
room_closed_c0_s1,2,156,0,19.247199999999999,1,0,1
room_closed_c0_s1,2,157,0,19.0456,1,0,1
room_closed_c0_s1,2,158,0,18.9481,1,0,1
room_closed_c0_s1,2,159,0,19.403099999999998,1,0,1
room_closed_c0_s1,2,160,0,19.494,1,0,1
room_closed_c0_s1,2,161,0,19.543199999999999,1,0,1
room_closed_c0_s1,2,162,0,19.7486,1,0,1
room_closed_c0_s1,2,163,0,18.8873,1,0,1
room_closed_c0_s1,2,164,0,18.829999999999998,1,0,1
room_closed_c0_s1,2,165,0,19.177399999999999,1,0,1
room_closed_c0_s1,2,166,0,19.129999999999999,1,0,1
room_closed_c0_s1,2,167,0,19.005299999999998,1,0,1
room_closed_c0_s1,2,168,0,19.1191,1,0,1
room_closed_c0_s1,2,169,0,18.849399999999999,1,0,1
room_closed_c0_s1,2,170,0,19.142700000000001,1,0,1
room_closed_c0_s1,2,171,0,18.892299999999999,1,0,1
room_closed_c0_s1,2,172,0,18.886800000000001,1,0,1
room_closed_c0_s1,2,173,0,18.990500000000001,1,0,1
room_closed_c0_s1,2,174,0,19.503499999999999,1,0,1
room_closed_c0_s1,2,175,0,18.755500000000001,1,0,1
room_closed_c0_s1,2,176,0,19.053599999999999,1,0,1
room_closed_c0_s1,2,177,0,19.095199999999998,1,0,1
room_closed_c0_s1,2,178,0,19.023299999999999,1,0,1
room_closed_c0_s1,2,179,0,19.032599999999999,1,0,1
room_closed_c0_s1,2,180,0,19.319600000000001,1,0,1
room_closed_c0_s1,2,181,0,19.238299999999999,1,0,1
room_closed_c0_s1,2,182,0,18.842600000000001,1,0,1
room_closed_c0_s1,2,183,0,18.956099999999999,1,0,1
room_closed_c0_s1,2,184,0,18.683199999999999,1,0,1
room_closed_c0_s1,2,185,0,18.8398,1,0,1
room_closed_c0_s1,2,186,0,19.052800000000001,1,0,1
room_closed_c0_s1,2,187,0,18.651800000000001,1,0,1
room_closed_c0_s1,2,188,0,18.688600000000001,1,0,1
room_closed_c0_s1,2,189,0,18.994900000000001,1,0,1
room_closed_c0_s1,2,190,0,18.7286,1,0,1
room_closed_c0_s1,2,191,0,18.763500000000001,1,0,1
room_closed_c0_s1,2,192,0,18.753399999999999,1,0,1
room_closed_c0_s1,2,193,0,18.968900000000001,1,0,1
room_closed_c0_s1,2,194,0,18.714300000000001,1,0,1
room_closed_c0_s1,2,195,0,18.869499999999999,1,0,1
room_closed_c0_s1,2,196,0,18.757100000000001,1,0,1
room_closed_c0_s1,2,197,0,18.6036,1,0,1
room_closed_c0_s1,2,198,0,18.735499999999998,1,0,1
room_closed_c0_s1,2,199,0,18.708200000000001,1,0,1
room_closed_c0_s1,2,200,0,18.712900000000001,1,0,1
room_closed_c0_s1,2,201,0,19.087399999999999,1,0,1
room_closed_c0_s1,2,202,0,18.703499999999998,1,0,1
room_closed_c0_s1,2,203,0,19.151199999999999,1,0,1
room_closed_c0_s1,2,204,0,18.855,1,0,1
room_closed_c0_s1,2,205,0,18.600999999999999,1,0,1
room_closed_c0_s1,2,206,0,18.5976,1,0,1
room_closed_c0_s1,2,207,0,18.689,1,0,1
room_closed_c0_s1,2,208,0,19.307400000000001,1,0,1
room_closed_c0_s1,2,209,0,19.266500000000001,1,0,1
room_closed_c0_s1,2,210,0,18.926400000000001,1,0,1
room_closed_c0_s1,2,211,0,18.807600000000001,1,0,1
room_closed_c0_s1,2,212,0,18.750299999999999,1,0,1
room_closed_c0_s1,2,213,0,18.835599999999999,1,0,1
room_closed_c0_s1,2,214,0,18.507899999999999,1,0,1
room_closed_c0_s1,2,215,0,18.5381,1,0,1
room_closed_c0_s1,2,216,0,18.909700000000001,1,0,1
room_closed_c0_s1,2,217,0,18.7332,1,0,1
room_closed_c0_s1,2,218,0,18.6739,1,0,1
room_closed_c0_s1,2,219,0,18.640799999999999,1,0,1
room_closed_c0_s1,2,220,0,18.6599,1,0,1
room_closed_c0_s1,2,221,0,18.508099999999999,1,0,1
room_closed_c0_s1,2,222,0,18.671299999999999,1,0,1
room_closed_c0_s1,2,223,0,18.525700000000001,1,0,1
room_closed_c0_s1,2,224,0,18.654499999999999,1,0,1
room_closed_c0_s1,2,225,0,18.6998,1,0,1
room_closed_c0_s1,2,226,0,18.640899999999998,1,0,1
room_closed_c0_s1,2,227,0,18.5625,1,0,1
room_closed_c0_s1,2,228,0,18.717300000000002,1,0,1
room_closed_c0_s1,2,229,0,18.624400000000001,1,0,1
room_closed_c0_s1,2,230,0,18.473800000000001,1,0,1
room_closed_c0_s1,2,231,0,18.699200000000001,1,0,1
room_closed_c0_s1,2,232,0,18.847100000000001,1,0,1
room_closed_c0_s1,2,233,0,18.441700000000001,1,0,1
room_closed_c0_s1,2,234,0,18.852499999999999,1,0,1
room_closed_c0_s1,2,235,0,18.546299999999999,1,0,1
room_closed_c0_s1,2,236,0,18.552299999999999,1,0,1
room_closed_c0_s1,2,237,0,18.915500000000002,1,0,1
room_closed_c0_s1,2,238,0,18.8842,1,0,1
room_closed_c0_s1,2,239,0,18.498000000000001,1,0,1
room_closed_c0_s1,2,240,0,18.7363,1,0,1
room_closed_c0_s1,2,241,0,18.653199999999998,1,0,1
room_closed_c0_s1,2,242,0,18.645099999999999,1,0,1
room_closed_c0_s1,2,243,0,18.633900000000001,1,0,1
room_closed_c0_s1,2,244,0,19.0504,1,0,1
room_closed_c0_s1,2,245,0,18.664999999999999,1,0,1
room_closed_c0_s1,2,246,0,18.913900000000002,1,0,1
room_closed_c0_s1,2,247,0,18.7104,1,0,1
room_closed_c0_s1,2,248,0,18.659800000000001,1,0,1
room_closed_c0_s1,2,249,0,18.770199999999999,1,0,1
room_closed_c0_s1,2,250,0,18.488700000000001,1,0,1
room_closed_c0_s1,2,251,0,18.5916,1,0,1
room_closed_c0_s1,2,252,0,18.872,1,0,1
room_closed_c0_s1,2,253,0,18.657800000000002,1,0,1
room_closed_c0_s1,2,254,0,18.626300000000001,1,0,1
room_closed_c0_s1,2,255,0,18.807400000000001,1,0,1
room_closed_c0_s1,2,256,0,18.769200000000001,1,0,1
room_closed_c0_s1,2,257,0,18.706,1,0,1
room_closed_c0_s1,2,258,0,19.041,1,0,1
room_closed_c0_s1,2,259,0,18.7437,1,0,1
room_closed_c0_s1,2,260,0,18.662700000000001,1,0,1
room_closed_c0_s1,2,261,0,18.7896,1,0,1
room_closed_c0_s1,2,262,0,18.7346,1,0,1
room_closed_c0_s1,2,263,0,18.720500000000001,1,0,1
room_closed_c0_s1,2,264,0,18.921099999999999,1,0,1
room_closed_c0_s1,2,265,0,18.558900000000001,1,0,1
room_closed_c0_s1,2,266,0,18.557099999999998,1,0,1
room_closed_c0_s1,2,267,0,18.7925,1,0,1
room_closed_c0_s1,2,268,0,18.712599999999998,1,0,1
room_closed_c0_s1,2,269,0,18.6632,1,0,1
room_closed_c0_s1,2,270,0,18.812000000000001,1,0,1
room_closed_c0_s1,2,271,0,18.5258,1,0,1
room_closed_c0_s1,2,272,0,18.666899999999998,1,0,1
room_closed_c0_s1,2,273,0,18.569600000000001,1,0,1
room_closed_c0_s1,2,274,0,18.531600000000001,1,0,1
room_closed_c0_s1,2,275,0,18.537800000000001,1,0,1
room_closed_c0_s1,2,276,0,18.680499999999999,1,0,1
room_closed_c0_s1,2,277,0,18.6266,1,0,1
room_closed_c0_s1,2,278,0,18.599699999999999,1,0,1
room_closed_c0_s1,2,279,0,18.789300000000001,1,0,1
room_closed_c0_s1,2,280,0,18.482399999999998,1,0,1
room_closed_c0_s1,2,281,0,18.690000000000001,1,0,1
room_closed_c0_s1,2,282,0,18.719100000000001,1,0,1
room_closed_c0_s1,2,283,0,18.477599999999999,1,0,1
room_closed_c0_s1,2,284,0,18.676600000000001,1,0,1
room_closed_c0_s1,2,285,0,18.860499999999998,1,0,1
room_closed_c0_s1,2,286,0,19.033200000000001,1,0,1
room_closed_c0_s1,2,287,0,19.289999999999999,1,0,1
room_closed_c0_s1,2,288,0,18.704000000000001,1,0,1
room_closed_c0_s0,2,1,1,6.1898,0,0,1
room_closed_c0_s0,2,2,1,6.3742000000000001,0,0,1
room_closed_c0_s0,2,3,1,5.8672000000000004,0,0,1
room_closed_c0_s0,2,4,1,6.4695999999999998,0,0,1
room_closed_c0_s0,2,5,1,6.1757999999999997,0,0,1
room_closed_c0_s0,2,6,1,6.1623999999999999,0,0,1
room_closed_c0_s0,2,7,1,6.3413000000000004,0,0,1
room_closed_c0_s0,2,8,1,6.1769999999999996,0,0,1
room_closed_c0_s0,2,9,1,6.1871999999999998,0,0,1
room_closed_c0_s0,2,10,1,6.3422999999999998,0,0,1
room_closed_c0_s0,2,11,1,6.1802000000000001,0,0,1
room_closed_c0_s0,2,12,1,6.1623000000000001,0,0,1
room_closed_c0_s0,2,13,1,6.2930000000000001,0,0,1
room_closed_c0_s0,2,14,1,6.1806000000000001,0,0,1
room_closed_c0_s0,2,15,1,6.1638999999999999,0,0,1
room_closed_c0_s0,2,16,1,6.3589000000000002,0,0,1
room_closed_c0_s0,2,17,1,6.1577999999999999,0,0,1
room_closed_c0_s0,2,18,1,6.3452999999999999,0,0,1
room_closed_c0_s0,2,19,1,6.1585999999999999,0,0,1
room_closed_c0_s0,2,20,1,6.1592000000000002,0,0,1
room_closed_c0_s0,2,21,1,6.2839999999999998,0,0,1
room_closed_c0_s0,2,22,1,6.1513999999999998,0,0,1
room_closed_c0_s0,2,23,1,6.1714000000000002,0,0,1
room_closed_c0_s0,2,24,1,6.3506,0,0,1
room_closed_c0_s0,2,25,1,6.1619999999999999,0,0,1
room_closed_c0_s0,2,26,1,6.1524999999999999,0,0,1
room_closed_c0_s0,2,27,1,6.3587999999999996,0,0,1
room_closed_c0_s0,2,28,1,6.1492000000000004,0,0,1
room_closed_c0_s0,2,29,1,6.1661000000000001,0,0,1
room_closed_c0_s0,2,30,1,6.4602000000000004,0,0,1
room_closed_c0_s0,2,31,1,6.1673999999999998,0,0,1
room_closed_c0_s0,2,32,1,6.1851000000000003,0,0,1
room_closed_c0_s0,2,33,0,6.4180000000000001,0,0,1
room_closed_c0_s0,2,34,0,6.1665000000000001,0,0,1
room_closed_c0_s0,2,35,0,6.1675000000000004,0,0,1
room_closed_c0_s0,2,36,0,6.3282999999999996,0,0,1
room_closed_c0_s0,2,37,0,6.1611000000000002,0,0,1
room_closed_c0_s0,2,38,0,6.1717000000000004,0,0,1
room_closed_c0_s0,2,39,0,6.3562000000000003,0,0,1
room_closed_c0_s0,2,40,0,6.2061999999999999,0,0,1
room_closed_c0_s0,2,41,0,6.1872999999999996,0,0,1
room_closed_c0_s0,2,42,0,6.3436000000000003,0,0,1
room_closed_c0_s0,2,43,0,6.1677999999999997,0,0,1
room_closed_c0_s0,2,44,0,6.2873999999999999,0,0,1
room_closed_c0_s0,2,45,0,6.3048000000000002,0,0,1
room_closed_c0_s0,2,46,0,6.2005999999999997,0,0,1
room_closed_c0_s0,2,47,0,6.1547999999999998,0,0,1
room_closed_c0_s0,2,48,0,6.3775000000000004,0,0,1
room_closed_c0_s0,2,49,0,6.1909000000000001,0,0,1
room_closed_c0_s0,2,50,0,6.1642999999999999,0,0,1
room_closed_c0_s0,2,51,0,6.3559000000000001,0,0,1
room_closed_c0_s0,2,52,0,6.1696999999999997,0,0,1
room_closed_c0_s0,2,53,0,6.1496000000000004,0,0,1
room_closed_c0_s0,2,54,0,6.3528000000000002,0,0,1
room_closed_c0_s0,2,55,0,6.1619999999999999,0,0,1
room_closed_c0_s0,2,56,0,6.1445999999999996,0,0,1
room_closed_c0_s0,2,57,0,6.3312999999999997,0,0,1
room_closed_c0_s0,2,58,0,6.1345000000000001,0,0,1
room_closed_c0_s0,2,59,0,6.1616999999999997,0,0,1
room_closed_c0_s0,2,60,0,6.3792999999999997,0,0,1
room_closed_c0_s0,2,61,0,6.1578999999999997,0,0,1
room_closed_c0_s0,2,62,0,6.1792999999999996,0,0,1
room_closed_c0_s0,2,63,0,6.2573999999999996,0,0,1
room_closed_c0_s0,2,64,0,6.1803999999999997,0,0,1
room_closed_c0_s0,2,65,0,6.1391,0,0,1
room_closed_c0_s0,2,66,0,6.3544999999999998,0,0,1
room_closed_c0_s0,2,67,0,6.1515000000000004,0,0,1
room_closed_c0_s0,2,68,0,6.1645000000000003,0,0,1
room_closed_c0_s0,2,69,0,6.4438000000000004,0,0,1
room_closed_c0_s0,2,70,0,6.1779000000000002,0,0,1
room_closed_c0_s0,2,71,0,6.1657999999999999,0,0,1
room_closed_c0_s0,2,72,0,6.2980999999999998,0,0,1
room_closed_c0_s0,2,73,0,6.3699000000000003,0,0,1
room_closed_c0_s0,2,74,0,6.3574999999999999,0,0,1
room_closed_c0_s0,2,75,0,6.5411000000000001,0,0,1
room_closed_c0_s0,2,76,0,6.3343999999999996,0,0,1
room_closed_c0_s0,2,77,0,6.3068,0,0,1
room_closed_c0_s0,2,78,0,6.5301,0,0,1
room_closed_c0_s0,2,79,0,6.3327,0,0,1
room_closed_c0_s0,2,80,0,6.3428000000000004,0,0,1
room_closed_c0_s0,2,81,0,6.5368000000000004,0,0,1
room_closed_c0_s0,2,82,0,6.3249000000000004,0,0,1
room_closed_c0_s0,2,83,0,6.3545999999999996,0,0,1
room_closed_c0_s0,2,84,0,6.5179999999999998,0,0,1
room_closed_c0_s0,2,85,0,6.3887999999999998,0,0,1
room_closed_c0_s0,2,86,0,6.3856000000000002,0,0,1
room_closed_c0_s0,2,87,0,6.5921000000000003,0,0,1
room_closed_c0_s0,2,88,0,6.3898999999999999,0,0,1
room_closed_c0_s0,2,89,0,6.3779000000000003,0,0,1
room_closed_c0_s0,2,90,0,6.5162000000000004,0,0,1
room_closed_c0_s0,2,91,0,6.3757999999999999,0,0,1
room_closed_c0_s0,2,92,0,6.3947000000000003,0,0,1
room_closed_c0_s0,2,93,0,6.5632999999999999,0,0,1
room_closed_c0_s0,2,94,0,6.3815999999999997,0,0,1
room_closed_c0_s0,2,95,0,6.4035000000000002,0,0,1
room_closed_c0_s0,2,96,0,6.5955000000000004,0,0,1
room_closed_c0_s0,2,97,0,6.3860000000000001,0,0,1
room_closed_c0_s0,2,98,0,6.4005000000000001,0,0,1
room_closed_c0_s0,2,99,0,6.5621,0,0,1
room_closed_c0_s0,2,100,0,6.3788,0,0,1
room_closed_c0_s0,2,101,0,6.3967999999999998,0,0,1
room_closed_c0_s0,2,102,0,6.5812999999999997,0,0,1
room_closed_c0_s0,2,103,0,6.3461999999999996,0,0,1
room_closed_c0_s0,2,104,0,6.3941999999999997,0,0,1
room_closed_c0_s0,2,105,0,6.5826000000000002,0,0,1
room_closed_c0_s0,2,106,0,6.3909000000000002,0,0,1
room_closed_c0_s0,2,107,0,6.3815999999999997,0,0,1
room_closed_c0_s0,2,108,0,6.5102000000000002,0,0,1
room_closed_c0_s0,2,109,0,6.3602999999999996,0,0,1
room_closed_c0_s0,2,110,0,6.375,0,0,1
room_closed_c0_s0,2,111,0,6.4960000000000004,0,0,1
room_closed_c0_s0,2,112,0,6.3985000000000003,0,0,1
room_closed_c0_s0,2,113,0,6.3754999999999997,0,0,1
room_closed_c0_s0,2,114,0,6.5949999999999998,0,0,1
room_closed_c0_s0,2,115,0,6.3765000000000001,0,0,1
room_closed_c0_s0,2,116,0,6.4009999999999998,0,0,1
room_closed_c0_s0,2,117,0,6.5358999999999998,0,0,1
room_closed_c0_s0,2,118,0,6.3720999999999997,0,0,1
room_closed_c0_s0,2,119,0,6.4131,0,0,1
room_closed_c0_s0,2,120,0,6.5260999999999996,0,0,1
room_closed_c0_s0,2,121,0,6.3783000000000003,0,0,1
room_closed_c0_s0,2,122,0,6.3829000000000002,0,0,1
room_closed_c0_s0,2,123,0,6.5533999999999999,0,0,1
room_closed_c0_s0,2,124,0,6.4025999999999996,0,0,1
room_closed_c0_s0,2,125,0,6.4012000000000002,0,0,1
room_closed_c0_s0,2,126,0,6.5782999999999996,0,0,1
room_closed_c0_s0,2,127,0,6.4288999999999996,0,0,1
room_closed_c0_s0,2,128,0,6.4016000000000002,0,0,1
room_closed_c0_s0,2,129,0,6.492,0,0,1
room_closed_c0_s0,2,130,0,6.3822000000000001,0,0,1
room_closed_c0_s0,2,131,0,6.3726000000000003,0,0,1
room_closed_c0_s0,2,132,0,6.5038999999999998,0,0,1
room_closed_c0_s0,2,133,0,6.3762999999999996,0,0,1
room_closed_c0_s0,2,134,0,6.4828999999999999,0,0,1
room_closed_c0_s0,2,135,0,6.5011000000000001,0,0,1
room_closed_c0_s0,2,136,0,6.3678999999999997,0,0,1
room_closed_c0_s0,2,137,0,6.3978999999999999,0,0,1
room_closed_c0_s0,2,138,0,6.4946000000000002,0,0,1
room_closed_c0_s0,2,139,0,6.3792,0,0,1
room_closed_c0_s0,2,140,0,6.3994,0,0,1
room_closed_c0_s0,2,141,0,6.5331999999999999,0,0,1
room_closed_c0_s0,2,142,0,6.3654999999999999,0,0,1
room_closed_c0_s0,2,143,0,6.4560000000000004,0,0,1
room_closed_c0_s0,2,144,0,6.5693000000000001,0,0,1
room_closed_c0_s0,2,145,0,6.4138999999999999,0,0,1
room_closed_c0_s0,2,146,0,6.4322999999999997,0,0,1
room_closed_c0_s0,2,147,0,6.6162000000000001,0,0,1
room_closed_c0_s0,2,148,0,6.4267000000000003,0,0,1
room_closed_c0_s0,2,149,0,6.4291,0,0,1
room_closed_c0_s0,2,150,0,6.6269,0,0,1
room_closed_c0_s0,2,151,0,6.4574999999999996,0,0,1
room_closed_c0_s0,2,152,0,6.4394,0,0,1
room_closed_c0_s0,2,153,0,6.6197999999999997,0,0,1
room_closed_c0_s0,2,154,0,6.4077999999999999,0,0,1
room_closed_c0_s0,2,155,0,6.4306999999999999,0,0,1
room_closed_c0_s0,2,156,0,6.5734000000000004,0,0,1
room_closed_c0_s0,2,157,0,6.4878,0,0,1
room_closed_c0_s0,2,158,0,6.4398999999999997,0,0,1
room_closed_c0_s0,2,159,0,6.5990000000000002,0,0,1
room_closed_c0_s0,2,160,0,6.4055,0,0,1
room_closed_c0_s0,2,161,0,6.4227999999999996,0,0,1
room_closed_c0_s0,2,162,0,6.5419999999999998,0,0,1
room_closed_c0_s0,2,163,0,6.4187000000000003,0,0,1
room_closed_c0_s0,2,164,0,6.6216999999999997,0,0,1
room_closed_c0_s0,2,165,0,6.7122999999999999,0,0,1
room_closed_c0_s0,2,166,0,6.4382000000000001,0,0,1
room_closed_c0_s0,2,167,0,6.6313000000000004,0,0,1
room_closed_c0_s0,2,168,0,6.6303999999999998,0,0,1
room_closed_c0_s0,2,169,0,6.4444999999999997,0,0,1
room_closed_c0_s0,2,170,0,6.6223000000000001,0,0,1
room_closed_c0_s0,2,171,0,6.6345999999999998,0,0,1
room_closed_c0_s0,2,172,0,6.6109,0,0,1
room_closed_c0_s0,2,173,0,6.4051,0,0,1
room_closed_c0_s0,2,174,0,6.6543999999999999,0,0,1
room_closed_c0_s0,2,175,0,6.3813000000000004,0,0,1
room_closed_c0_s0,2,176,0,6.5479000000000003,0,0,1
room_closed_c0_s0,2,177,0,6.6132999999999997,0,0,1
room_closed_c0_s0,2,178,0,6.6166999999999998,0,0,1
room_closed_c0_s0,2,179,0,6.3956999999999997,0,0,1
room_closed_c0_s0,2,180,0,6.6264000000000003,0,0,1
room_closed_c0_s0,2,181,0,6.3795000000000002,0,0,1
room_closed_c0_s0,2,182,0,6.3628999999999998,0,0,1
room_closed_c0_s0,2,183,0,6.5998999999999999,0,0,1
room_closed_c0_s0,2,184,0,6.4067999999999996,0,0,1
room_closed_c0_s0,2,185,0,6.3650000000000002,0,0,1
room_closed_c0_s0,2,186,0,6.5747,0,0,1
room_closed_c0_s0,2,187,0,6.3757000000000001,0,0,1
room_closed_c0_s0,2,188,0,6.3716999999999997,0,0,1
room_closed_c0_s0,2,189,0,6.5689000000000002,0,0,1
room_closed_c0_s0,2,190,0,6.3884999999999996,0,0,1
room_closed_c0_s0,2,191,0,6.3730000000000002,0,0,1
room_closed_c0_s0,2,192,0,6.5225999999999997,0,0,1
room_closed_c0_s0,2,193,0,6.3631000000000002,0,0,1
room_closed_c0_s0,2,194,0,6.3734000000000002,0,0,1
room_closed_c0_s0,2,195,0,6.5579000000000001,0,0,1
room_closed_c0_s0,2,196,0,6.3723999999999998,0,0,1
room_closed_c0_s0,2,197,0,6.3672000000000004,0,0,1
room_closed_c0_s0,2,198,0,6.5696000000000003,0,0,1
room_closed_c0_s0,2,199,0,6.3981000000000003,0,0,1
room_closed_c0_s0,2,200,0,6.3799999999999999,0,0,1
room_closed_c0_s0,2,201,0,6.5890000000000004,0,0,1
room_closed_c0_s0,2,202,0,6.3773,0,0,1
room_closed_c0_s0,2,203,0,6.3593000000000002,0,0,1
room_closed_c0_s0,2,204,0,6.5822000000000003,0,0,1
room_closed_c0_s0,2,205,0,6.3799000000000001,0,0,1
room_closed_c0_s0,2,206,0,6.3762999999999996,0,0,1
room_closed_c0_s0,2,207,0,6.6094999999999997,0,0,1
room_closed_c0_s0,2,208,0,6.3997999999999999,0,0,1
room_closed_c0_s0,2,209,0,6.3712,0,0,1
room_closed_c0_s0,2,210,0,6.5976999999999997,0,0,1
room_closed_c0_s0,2,211,0,6.3609999999999998,0,0,1
room_closed_c0_s0,2,212,0,6.3667999999999996,0,0,1
room_closed_c0_s0,2,213,0,6.5899999999999999,0,0,1
room_closed_c0_s0,2,214,0,6.3956,0,0,1
room_closed_c0_s0,2,215,0,6.3750999999999998,0,0,1
room_closed_c0_s0,2,216,0,6.5898000000000003,0,0,1
room_closed_c0_s0,2,217,0,6.3757999999999999,0,0,1
room_closed_c0_s0,2,218,0,6.3677999999999999,0,0,1
room_closed_c0_s0,2,219,0,6.5769000000000002,0,0,1
room_closed_c0_s0,2,220,0,6.3620999999999999,0,0,1
room_closed_c0_s0,2,221,0,6.3890000000000002,0,0,1
room_closed_c0_s0,2,222,0,6.5791000000000004,0,0,1
room_closed_c0_s0,2,223,0,6.3811,0,0,1
room_closed_c0_s0,2,224,0,6.3754999999999997,0,0,1
room_closed_c0_s0,2,225,0,6.5796000000000001,0,0,1
room_closed_c0_s0,2,226,0,6.3852000000000002,0,0,1
room_closed_c0_s0,2,227,0,6.3992000000000004,0,0,1
room_closed_c0_s0,2,228,0,6.5998999999999999,0,0,1
room_closed_c0_s0,2,229,0,6.3978000000000002,0,0,1
room_closed_c0_s0,2,230,0,6.399,0,0,1
room_closed_c0_s0,2,231,0,6.5857000000000001,0,0,1
room_closed_c0_s0,2,232,0,6.3552999999999997,0,0,1
room_closed_c0_s0,2,233,0,6.4177,0,0,1
room_closed_c0_s0,2,234,0,6.6234999999999999,0,0,1
room_closed_c0_s0,2,235,0,6.3695000000000004,0,0,1
room_closed_c0_s0,2,236,0,6.4005000000000001,0,0,1
room_closed_c0_s0,2,237,0,6.5122,0,0,1
room_closed_c0_s0,2,238,0,6.3700000000000001,0,0,1
room_closed_c0_s0,2,239,0,6.3775000000000004,0,0,1
room_closed_c0_s0,2,240,0,6.5810000000000004,0,0,1
room_closed_c0_s0,2,241,0,6.3738000000000001,0,0,1
room_closed_c0_s0,2,242,0,6.3723999999999998,0,0,1
room_closed_c0_s0,2,243,0,6.5959000000000003,0,0,1
room_closed_c0_s0,2,244,0,6.4008000000000003,0,0,1
room_closed_c0_s0,2,245,0,6.4010999999999996,0,0,1
room_closed_c0_s0,2,246,0,6.5769000000000002,0,0,1
room_closed_c0_s0,2,247,0,6.3872,0,0,1
room_closed_c0_s0,2,248,0,6.3772000000000002,0,0,1
room_closed_c0_s0,2,249,0,6.5751999999999997,0,0,1
room_closed_c0_s0,2,250,0,6.3978999999999999,0,0,1
room_closed_c0_s0,2,251,0,6.3962000000000003,0,0,1
room_closed_c0_s0,2,252,0,6.5823,0,0,1
room_closed_c0_s0,2,253,0,6.3857999999999997,0,0,1
room_closed_c0_s0,2,254,0,6.4017999999999997,0,0,1
room_closed_c0_s0,2,255,0,6.5660999999999996,0,0,1
room_closed_c0_s0,2,256,0,6.3704000000000001,0,0,1
room_closed_c0_s0,2,257,0,6.3768000000000002,0,0,1
room_closed_c0_s0,2,258,0,6.5857000000000001,0,0,1
room_closed_c0_s0,2,259,0,6.3917000000000002,0,0,1
room_closed_c0_s0,2,260,0,6.3958000000000004,0,0,1
room_closed_c0_s0,2,261,0,6.5953999999999997,0,0,1
room_closed_c0_s0,2,262,0,6.3978000000000002,0,0,1
room_closed_c0_s0,2,263,0,6.3861999999999997,0,0,1
room_closed_c0_s0,2,264,0,6.5639000000000003,0,0,1
room_closed_c0_s0,2,265,0,6.3719000000000001,0,0,1
room_closed_c0_s0,2,266,0,6.3842999999999996,0,0,1
room_closed_c0_s0,2,267,0,6.5731999999999999,0,0,1
room_closed_c0_s0,2,268,0,6.4168000000000003,0,0,1
room_closed_c0_s0,2,269,0,6.3967000000000001,0,0,1
room_closed_c0_s0,2,270,0,6.5747,0,0,1
room_closed_c0_s0,2,271,0,6.3848000000000003,0,0,1
room_closed_c0_s0,2,272,0,6.3780000000000001,0,0,1
room_closed_c0_s0,2,273,0,6.5156000000000001,0,0,1
room_closed_c0_s0,2,274,0,6.3765000000000001,0,0,1
room_closed_c0_s0,2,275,0,6.3827999999999996,0,0,1
room_closed_c0_s0,2,276,0,6.569,0,0,1
room_closed_c0_s0,2,277,0,6.3918999999999997,0,0,1
room_closed_c0_s0,2,278,0,6.3859000000000004,0,0,1
room_closed_c0_s0,2,279,0,6.5694999999999997,0,0,1
room_closed_c0_s0,2,280,0,6.3905000000000003,0,0,1
room_closed_c0_s0,2,281,0,6.3932000000000002,0,0,1
room_closed_c0_s0,2,282,0,6.5656999999999996,0,0,1
room_closed_c0_s0,2,283,0,6.3518999999999997,0,0,1
room_closed_c0_s0,2,284,0,6.3918999999999997,0,0,1
room_closed_c0_s0,2,285,0,6.5857999999999999,0,0,1
room_closed_c0_s0,2,286,0,6.3936999999999999,0,0,1
room_closed_c0_s0,2,287,0,6.3898999999999999,0,0,1
room_closed_c0_s0,2,288,0,6.5731999999999999,0,0,1
room_open_c1_s1,2,1,1,24.569299999999998,1,1,1
room_open_c1_s1,2,2,1,23.395700000000001,1,1,1
room_open_c1_s1,2,3,1,23.017600000000002,1,1,1
room_open_c1_s1,2,4,1,23.068200000000001,1,1,1
room_open_c1_s1,2,5,1,22.902100000000001,1,1,1
room_open_c1_s1,2,6,1,22.825500000000002,1,1,1
room_open_c1_s1,2,7,1,22.7804,1,1,1
room_open_c1_s1,2,8,1,21.6113,1,1,1
room_open_c1_s1,2,9,1,21.487300000000001,1,1,1
room_open_c1_s1,2,10,1,21.145399999999999,1,1,1
room_open_c1_s1,2,11,1,21.1402,1,1,1
room_open_c1_s1,2,12,1,21.5702,1,1,1
room_open_c1_s1,2,13,1,21.6464,1,1,1
room_open_c1_s1,2,14,1,21.241499999999998,1,1,1
room_open_c1_s1,2,15,1,22.1416,1,1,1
room_open_c1_s1,2,16,1,21.296800000000001,1,1,1
room_open_c1_s1,2,17,1,21.4526,1,1,1
room_open_c1_s1,2,18,1,22.0792,1,1,1
room_open_c1_s1,2,19,1,21.3796,1,1,1
room_open_c1_s1,2,20,1,21.857900000000001,1,1,1
room_open_c1_s1,2,21,1,21.9727,1,1,1
room_open_c1_s1,2,22,1,21.3841,1,1,1
room_open_c1_s1,2,23,1,21.4757,1,1,1
room_open_c1_s1,2,24,1,21.395800000000001,1,1,1
room_open_c1_s1,2,25,1,21.4574,1,1,1
room_open_c1_s1,2,26,1,21.699100000000001,1,1,1
room_open_c1_s1,2,27,1,21.640599999999999,1,1,1
room_open_c1_s1,2,28,1,21.694600000000001,1,1,1
room_open_c1_s1,2,29,1,21.792999999999999,1,1,1
room_open_c1_s1,2,30,1,22.0627,1,1,1
room_open_c1_s1,2,31,1,21.2241,1,1,1
room_open_c1_s1,2,32,1,21.496300000000002,1,1,1
room_open_c1_s1,2,33,0,21.757000000000001,1,1,1
room_open_c1_s1,2,34,0,21.516300000000001,1,1,1
room_open_c1_s1,2,35,0,21.952300000000001,1,1,1
room_open_c1_s1,2,36,0,21.8887,1,1,1
room_open_c1_s1,2,37,0,21.5489,1,1,1
room_open_c1_s1,2,38,0,21.369800000000001,1,1,1
room_open_c1_s1,2,39,0,21.6022,1,1,1
room_open_c1_s1,2,40,0,21.3992,1,1,1
room_open_c1_s1,2,41,0,21.460999999999999,1,1,1
room_open_c1_s1,2,42,0,21.749700000000001,1,1,1
room_open_c1_s1,2,43,0,21.1234,1,1,1
room_open_c1_s1,2,44,0,21.613199999999999,1,1,1
room_open_c1_s1,2,45,0,21.488299999999999,1,1,1
room_open_c1_s1,2,46,0,21.297799999999999,1,1,1
room_open_c1_s1,2,47,0,21.232299999999999,1,1,1
room_open_c1_s1,2,48,0,21.418099999999999,1,1,1
room_open_c1_s1,2,49,0,21.2654,1,1,1
room_open_c1_s1,2,50,0,21.1813,1,1,1
room_open_c1_s1,2,51,0,21.973099999999999,1,1,1
room_open_c1_s1,2,52,0,21.455500000000001,1,1,1
room_open_c1_s1,2,53,0,21.423200000000001,1,1,1
room_open_c1_s1,2,54,0,21.890000000000001,1,1,1
room_open_c1_s1,2,55,0,21.447500000000002,1,1,1
room_open_c1_s1,2,56,0,21.218,1,1,1
room_open_c1_s1,2,57,0,21.512799999999999,1,1,1
room_open_c1_s1,2,58,0,21.114799999999999,1,1,1
room_open_c1_s1,2,59,0,21.143899999999999,1,1,1
room_open_c1_s1,2,60,0,21.380600000000001,1,1,1
room_open_c1_s1,2,61,0,21.397099999999998,1,1,1
room_open_c1_s1,2,62,0,21.4086,1,1,1
room_open_c1_s1,2,63,0,21.377099999999999,1,1,1
room_open_c1_s1,2,64,0,21.537600000000001,1,1,1
room_open_c1_s1,2,65,0,21.410799999999998,1,1,1
room_open_c1_s1,2,66,0,22.273099999999999,1,1,1
room_open_c1_s1,2,67,0,21.9086,1,1,1
room_open_c1_s1,2,68,0,21.610600000000002,1,1,1
room_open_c1_s1,2,69,0,21.338899999999999,1,1,1
room_open_c1_s1,2,70,0,21.2178,1,1,1
room_open_c1_s1,2,71,0,21.488399999999999,1,1,1
room_open_c1_s1,2,72,0,21.618099999999998,1,1,1
room_open_c1_s1,2,73,0,21.245899999999999,1,1,1
room_open_c1_s1,2,74,0,21.1569,1,1,1
room_open_c1_s1,2,75,0,21.703199999999999,1,1,1
room_open_c1_s1,2,76,0,21.3506,1,1,1
room_open_c1_s1,2,77,0,21.284600000000001,1,1,1
room_open_c1_s1,2,78,0,21.505199999999999,1,1,1
room_open_c1_s1,2,79,0,21.1952,1,1,1
room_open_c1_s1,2,80,0,21.3566,1,1,1
room_open_c1_s1,2,81,0,21.440899999999999,1,1,1
room_open_c1_s1,2,82,0,21.3874,1,1,1
room_open_c1_s1,2,83,0,21.6553,1,1,1
room_open_c1_s1,2,84,0,22.569099999999999,1,1,1
room_open_c1_s1,2,85,0,21.898800000000001,1,1,1
room_open_c1_s1,2,86,0,21.476800000000001,1,1,1
room_open_c1_s1,2,87,0,21.792400000000001,1,1,1
room_open_c1_s1,2,88,0,21.7242,1,1,1
room_open_c1_s1,2,89,0,21.349699999999999,1,1,1
room_open_c1_s1,2,90,0,21.750800000000002,1,1,1
room_open_c1_s1,2,91,0,21.412099999999999,1,1,1
room_open_c1_s1,2,92,0,21.804099999999998,1,1,1
room_open_c1_s1,2,93,0,21.5943,1,1,1
room_open_c1_s1,2,94,0,21.602900000000002,1,1,1
room_open_c1_s1,2,95,0,21.317499999999999,1,1,1
room_open_c1_s1,2,96,0,21.552199999999999,1,1,1
room_open_c1_s1,2,97,0,21.284800000000001,1,1,1
room_open_c1_s1,2,98,0,21.724,1,1,1
room_open_c1_s1,2,99,0,21.402899999999999,1,1,1
room_open_c1_s1,2,100,0,21.272200000000002,1,1,1
room_open_c1_s1,2,101,0,21.2957,1,1,1
room_open_c1_s1,2,102,0,21.648900000000001,1,1,1
room_open_c1_s1,2,103,0,21.350899999999999,1,1,1
room_open_c1_s1,2,104,0,21.427099999999999,1,1,1
room_open_c1_s1,2,105,0,21.393699999999999,1,1,1
room_open_c1_s1,2,106,0,21.1873,1,1,1
room_open_c1_s1,2,107,0,21.5837,1,1,1
room_open_c1_s1,2,108,0,21.691400000000002,1,1,1
room_open_c1_s1,2,109,0,21.1843,1,1,1
room_open_c1_s1,2,110,0,21.396699999999999,1,1,1
room_open_c1_s1,2,111,0,21.682500000000001,1,1,1
room_open_c1_s1,2,112,0,21.547999999999998,1,1,1
room_open_c1_s1,2,113,0,21.5533,1,1,1
room_open_c1_s1,2,114,0,21.3931,1,1,1
room_open_c1_s1,2,115,0,21.168900000000001,1,1,1
room_open_c1_s1,2,116,0,21.597200000000001,1,1,1
room_open_c1_s1,2,117,0,21.617799999999999,1,1,1
room_open_c1_s1,2,118,0,21.748799999999999,1,1,1
room_open_c1_s1,2,119,0,21.4191,1,1,1
room_open_c1_s1,2,120,0,21.596499999999999,1,1,1
room_open_c1_s1,2,121,0,21.240600000000001,1,1,1
room_open_c1_s1,2,122,0,21.2819,1,1,1
room_open_c1_s1,2,123,0,21.3261,1,1,1
room_open_c1_s1,2,124,0,21.362500000000001,1,1,1
room_open_c1_s1,2,125,0,21.291,1,1,1
room_open_c1_s1,2,126,0,21.388100000000001,1,1,1
room_open_c1_s1,2,127,0,21.5365,1,1,1
room_open_c1_s1,2,128,0,21.294,1,1,1
room_open_c1_s1,2,129,0,21.244900000000001,1,1,1
room_open_c1_s1,2,130,0,21.2456,1,1,1
room_open_c1_s1,2,131,0,21.4709,1,1,1
room_open_c1_s1,2,132,0,21.380099999999999,1,1,1
room_open_c1_s1,2,133,0,21.527200000000001,1,1,1
room_open_c1_s1,2,134,0,21.919899999999998,1,1,1
room_open_c1_s1,2,135,0,23.171700000000001,1,1,1
room_open_c1_s1,2,136,0,21.193200000000001,1,1,1
room_open_c1_s1,2,137,0,21.592500000000001,1,1,1
room_open_c1_s1,2,138,0,21.889700000000001,1,1,1
room_open_c1_s1,2,139,0,21.426400000000001,1,1,1
room_open_c1_s1,2,140,0,21.306000000000001,1,1,1
room_open_c1_s1,2,141,0,23.1282,1,1,1
room_open_c1_s1,2,142,0,21.2317,1,1,1
room_open_c1_s1,2,143,0,21.197700000000001,1,1,1
room_open_c1_s1,2,144,0,21.566800000000001,1,1,1
room_open_c1_s1,2,145,0,21.175599999999999,1,1,1
room_open_c1_s1,2,146,0,21.4389,1,1,1
room_open_c1_s1,2,147,0,21.203600000000002,1,1,1
room_open_c1_s1,2,148,0,21.230899999999998,1,1,1
room_open_c1_s1,2,149,0,21.665099999999999,1,1,1
room_open_c1_s1,2,150,0,21.5032,1,1,1
room_open_c1_s1,2,151,0,21.288399999999999,1,1,1
room_open_c1_s1,2,152,0,21.568200000000001,1,1,1
room_open_c1_s1,2,153,0,21.967700000000001,1,1,1
room_open_c1_s1,2,154,0,21.3797,1,1,1
room_open_c1_s1,2,155,0,21.482800000000001,1,1,1
room_open_c1_s1,2,156,0,22.187100000000001,1,1,1
room_open_c1_s1,2,157,0,21.5395,1,1,1
room_open_c1_s1,2,158,0,21.266400000000001,1,1,1
room_open_c1_s1,2,159,0,21.367000000000001,1,1,1
room_open_c1_s1,2,160,0,21.1431,1,1,1
room_open_c1_s1,2,161,0,21.198,1,1,1
room_open_c1_s1,2,162,0,21.4603,1,1,1
room_open_c1_s1,2,163,0,21.7014,1,1,1
room_open_c1_s1,2,164,0,21.565000000000001,1,1,1
room_open_c1_s1,2,165,0,21.720500000000001,1,1,1
room_open_c1_s1,2,166,0,21.268000000000001,1,1,1
room_open_c1_s1,2,167,0,21.564699999999998,1,1,1
room_open_c1_s1,2,168,0,21.376300000000001,1,1,1
room_open_c1_s1,2,169,0,21.341699999999999,1,1,1
room_open_c1_s1,2,170,0,21.2456,1,1,1
room_open_c1_s1,2,171,0,21.4193,1,1,1
room_open_c1_s1,2,172,0,21.169499999999999,1,1,1
room_open_c1_s1,2,173,0,21.314399999999999,1,1,1
room_open_c1_s1,2,174,0,21.3048,1,1,1
room_open_c1_s1,2,175,0,21.413599999999999,1,1,1
room_open_c1_s1,2,176,0,21.426100000000002,1,1,1
room_open_c1_s1,2,177,0,21.558199999999999,1,1,1
room_open_c1_s1,2,178,0,21.859200000000001,1,1,1
room_open_c1_s1,2,179,0,21.357199999999999,1,1,1
room_open_c1_s1,2,180,0,21.613,1,1,1
room_open_c1_s1,2,181,0,21.212800000000001,1,1,1
room_open_c1_s1,2,182,0,21.585100000000001,1,1,1
room_open_c1_s1,2,183,0,21.467300000000002,1,1,1
room_open_c1_s1,2,184,0,21.348299999999998,1,1,1
room_open_c1_s1,2,185,0,21.205200000000001,1,1,1
room_open_c1_s1,2,186,0,21.235299999999999,1,1,1
room_open_c1_s1,2,187,0,21.3201,1,1,1
room_open_c1_s1,2,188,0,21.1035,1,1,1
room_open_c1_s1,2,189,0,21.477499999999999,1,1,1
room_open_c1_s1,2,190,0,21.556100000000001,1,1,1
room_open_c1_s1,2,191,0,21.3385,1,1,1
room_open_c1_s1,2,192,0,21.5063,1,1,1
room_open_c1_s1,2,193,0,21.051400000000001,1,1,1
room_open_c1_s1,2,194,0,21.3537,1,1,1
room_open_c1_s1,2,195,0,21.5623,1,1,1
room_open_c1_s1,2,196,0,21.121200000000002,1,1,1
room_open_c1_s1,2,197,0,21.244399999999999,1,1,1
room_open_c1_s1,2,198,0,21.6553,1,1,1
room_open_c1_s1,2,199,0,21.169,1,1,1
room_open_c1_s1,2,200,0,21.204000000000001,1,1,1
room_open_c1_s1,2,201,0,22.6678,1,1,1
room_open_c1_s1,2,202,0,22.3157,1,1,1
room_open_c1_s1,2,203,0,22.4421,1,1,1
room_open_c1_s1,2,204,0,21.601400000000002,1,1,1
room_open_c1_s1,2,205,0,21.206800000000001,1,1,1
room_open_c1_s1,2,206,0,21.256599999999999,1,1,1
room_open_c1_s1,2,207,0,21.163,1,1,1
room_open_c1_s1,2,208,0,21.546199999999999,1,1,1
room_open_c1_s1,2,209,0,21.246700000000001,1,1,1
room_open_c1_s1,2,210,0,21.446200000000001,1,1,1
room_open_c1_s1,2,211,0,22.299600000000002,1,1,1
room_open_c1_s1,2,212,0,21.1234,1,1,1
room_open_c1_s1,2,213,0,21.244499999999999,1,1,1
room_open_c1_s1,2,214,0,21.393999999999998,1,1,1
room_open_c1_s1,2,215,0,21.5335,1,1,1
room_open_c1_s1,2,216,0,21.4801,1,1,1
room_open_c1_s1,2,217,0,21.251300000000001,1,1,1
room_open_c1_s1,2,218,0,21.1816,1,1,1
room_open_c1_s1,2,219,0,21.8367,1,1,1
room_open_c1_s1,2,220,0,21.274100000000001,1,1,1
room_open_c1_s1,2,221,0,21.432500000000001,1,1,1
room_open_c1_s1,2,222,0,21.6126,1,1,1
room_open_c1_s1,2,223,0,21.235399999999998,1,1,1
room_open_c1_s1,2,224,0,22.1281,1,1,1
room_open_c1_s1,2,225,0,21.5246,1,1,1
room_open_c1_s1,2,226,0,21.296600000000002,1,1,1
room_open_c1_s1,2,227,0,21.398700000000002,1,1,1
room_open_c1_s1,2,228,0,21.671700000000001,1,1,1
room_open_c1_s1,2,229,0,21.335799999999999,1,1,1
room_open_c1_s1,2,230,0,21.189599999999999,1,1,1
room_open_c1_s1,2,231,0,21.551300000000001,1,1,1
room_open_c1_s1,2,232,0,21.194099999999999,1,1,1
room_open_c1_s1,2,233,0,21.297799999999999,1,1,1
room_open_c1_s1,2,234,0,21.515699999999999,1,1,1
room_open_c1_s1,2,235,0,21.521799999999999,1,1,1
room_open_c1_s1,2,236,0,21.175599999999999,1,1,1
room_open_c1_s1,2,237,0,21.794699999999999,1,1,1
room_open_c1_s1,2,238,0,21.275500000000001,1,1,1
room_open_c1_s1,2,239,0,21.0761,1,1,1
room_open_c1_s1,2,240,0,21.189399999999999,1,1,1
room_open_c1_s1,2,241,0,21.249099999999999,1,1,1
room_open_c1_s1,2,242,0,21.143999999999998,1,1,1
room_open_c1_s1,2,243,0,21.386399999999998,1,1,1
room_open_c1_s1,2,244,0,21.439800000000002,1,1,1
room_open_c1_s1,2,245,0,21.1191,1,1,1
room_open_c1_s1,2,246,0,21.4389,1,1,1
room_open_c1_s1,2,247,0,21.308199999999999,1,1,1
room_open_c1_s1,2,248,0,21.240400000000001,1,1,1
room_open_c1_s1,2,249,0,21.467500000000001,1,1,1
room_open_c1_s1,2,250,0,21.09,1,1,1
room_open_c1_s1,2,251,0,21.387499999999999,1,1,1
room_open_c1_s1,2,252,0,21.228999999999999,1,1,1
room_open_c1_s1,2,253,0,21.1738,1,1,1
room_open_c1_s1,2,254,0,21.588000000000001,1,1,1
room_open_c1_s1,2,255,0,21.435700000000001,1,1,1
room_open_c1_s1,2,256,0,21.393000000000001,1,1,1
room_open_c1_s1,2,257,0,21.528199999999998,1,1,1
room_open_c1_s1,2,258,0,21.395700000000001,1,1,1
room_open_c1_s1,2,259,0,21.9297,1,1,1
room_open_c1_s1,2,260,0,21.221599999999999,1,1,1
room_open_c1_s1,2,261,0,21.7181,1,1,1
room_open_c1_s1,2,262,0,21.377099999999999,1,1,1
room_open_c1_s1,2,263,0,21.597999999999999,1,1,1
room_open_c1_s1,2,264,0,21.6172,1,1,1
room_open_c1_s1,2,265,0,21.4084,1,1,1
room_open_c1_s1,2,266,0,21.307200000000002,1,1,1
room_open_c1_s1,2,267,0,21.430299999999999,1,1,1
room_open_c1_s1,2,268,0,21.644600000000001,1,1,1
room_open_c1_s1,2,269,0,21.4712,1,1,1
room_open_c1_s1,2,270,0,21.714099999999998,1,1,1
room_open_c1_s1,2,271,0,22.563600000000001,1,1,1
room_open_c1_s1,2,272,0,21.6523,1,1,1
room_open_c1_s1,2,273,0,21.846299999999999,1,1,1
room_open_c1_s1,2,274,0,21.474,1,1,1
room_open_c1_s1,2,275,0,21.284300000000002,1,1,1
room_open_c1_s1,2,276,0,22.020800000000001,1,1,1
room_open_c1_s1,2,277,0,21.701699999999999,1,1,1
room_open_c1_s1,2,278,0,21.494599999999998,1,1,1
room_open_c1_s1,2,279,0,21.662099999999999,1,1,1
room_open_c1_s1,2,280,0,21.461200000000002,1,1,1
room_open_c1_s1,2,281,0,21.2561,1,1,1
room_open_c1_s1,2,282,0,21.4374,1,1,1
room_open_c1_s1,2,283,0,21.1188,1,1,1
room_open_c1_s1,2,284,0,21.271599999999999,1,1,1
room_open_c1_s1,2,285,0,21.4665,1,1,1
room_open_c1_s1,2,286,0,21.183299999999999,1,1,1
room_open_c1_s1,2,287,0,21.506900000000002,1,1,1
room_open_c1_s1,2,288,0,21.773099999999999,1,1,1
room_open_c1_s0,2,1,1,11.414899999999999,0,1,1
room_open_c1_s0,2,2,1,11.2425,0,1,1
room_open_c1_s0,2,3,1,10.979100000000001,0,1,1
room_open_c1_s0,2,4,1,10.645,0,1,1
room_open_c1_s0,2,5,1,10.6456,0,1,1
room_open_c1_s0,2,6,1,10.7287,0,1,1
room_open_c1_s0,2,7,1,10.6975,0,1,1
room_open_c1_s0,2,8,1,10.7135,0,1,1
room_open_c1_s0,2,9,1,11.2834,0,1,1
room_open_c1_s0,2,10,1,10.9133,0,1,1
room_open_c1_s0,2,11,1,10.9572,0,1,1
room_open_c1_s0,2,12,1,11.1471,0,1,1
room_open_c1_s0,2,13,1,10.9832,0,1,1
room_open_c1_s0,2,14,1,10.9499,0,1,1
room_open_c1_s0,2,15,1,11.420400000000001,0,1,1
room_open_c1_s0,2,16,1,11.1129,0,1,1
room_open_c1_s0,2,17,1,10.942299999999999,0,1,1
room_open_c1_s0,2,18,1,11.2629,0,1,1
room_open_c1_s0,2,19,1,11.0961,0,1,1
room_open_c1_s0,2,20,1,11.0311,0,1,1
room_open_c1_s0,2,21,1,11.048299999999999,0,1,1
room_open_c1_s0,2,22,1,11.1426,0,1,1
room_open_c1_s0,2,23,1,10.986499999999999,0,1,1
room_open_c1_s0,2,24,1,11.1881,0,1,1
room_open_c1_s0,2,25,1,11.064299999999999,0,1,1
room_open_c1_s0,2,26,1,11.3292,0,1,1
room_open_c1_s0,2,27,1,11.4168,0,1,1
room_open_c1_s0,2,28,1,11.1873,0,1,1
room_open_c1_s0,2,29,1,10.8551,0,1,1
room_open_c1_s0,2,30,1,11.550599999999999,0,1,1
room_open_c1_s0,2,31,1,11.7814,0,1,1
room_open_c1_s0,2,32,1,10.928000000000001,0,1,1
room_open_c1_s0,2,33,0,11.325900000000001,0,1,1
room_open_c1_s0,2,34,0,11.1754,0,1,1
room_open_c1_s0,2,35,0,11.078200000000001,0,1,1
room_open_c1_s0,2,36,0,11.0274,0,1,1
room_open_c1_s0,2,37,0,10.8246,0,1,1
room_open_c1_s0,2,38,0,10.7715,0,1,1
room_open_c1_s0,2,39,0,11.064299999999999,0,1,1
room_open_c1_s0,2,40,0,10.7796,0,1,1
room_open_c1_s0,2,41,0,10.6234,0,1,1
room_open_c1_s0,2,42,0,10.9747,0,1,1
room_open_c1_s0,2,43,0,10.6593,0,1,1
room_open_c1_s0,2,44,0,10.801500000000001,0,1,1
room_open_c1_s0,2,45,0,10.634600000000001,0,1,1
room_open_c1_s0,2,46,0,10.795299999999999,0,1,1
room_open_c1_s0,2,47,0,10.654500000000001,0,1,1
room_open_c1_s0,2,48,0,11.196400000000001,0,1,1
room_open_c1_s0,2,49,0,10.691800000000001,0,1,1
room_open_c1_s0,2,50,0,10.9338,0,1,1
room_open_c1_s0,2,51,0,11.0832,0,1,1
room_open_c1_s0,2,52,0,10.8843,0,1,1
room_open_c1_s0,2,53,0,10.904400000000001,0,1,1
room_open_c1_s0,2,54,0,10.954700000000001,0,1,1
room_open_c1_s0,2,55,0,10.9542,0,1,1
room_open_c1_s0,2,56,0,10.6854,0,1,1
room_open_c1_s0,2,57,0,10.688599999999999,0,1,1
room_open_c1_s0,2,58,0,10.6638,0,1,1
room_open_c1_s0,2,59,0,10.826700000000001,0,1,1
room_open_c1_s0,2,60,0,10.643000000000001,0,1,1
room_open_c1_s0,2,61,0,10.941700000000001,0,1,1
room_open_c1_s0,2,62,0,10.6858,0,1,1
room_open_c1_s0,2,63,0,10.8165,0,1,1
room_open_c1_s0,2,64,0,11.005599999999999,0,1,1
room_open_c1_s0,2,65,0,10.8736,0,1,1
room_open_c1_s0,2,66,0,10.915900000000001,0,1,1
room_open_c1_s0,2,67,0,10.734299999999999,0,1,1
room_open_c1_s0,2,68,0,10.7357,0,1,1
room_open_c1_s0,2,69,0,11.2567,0,1,1
room_open_c1_s0,2,70,0,10.777100000000001,0,1,1
room_open_c1_s0,2,71,0,10.619899999999999,0,1,1
room_open_c1_s0,2,72,0,10.781700000000001,0,1,1
room_open_c1_s0,2,73,0,11.245100000000001,0,1,1
room_open_c1_s0,2,74,0,10.8178,0,1,1
room_open_c1_s0,2,75,0,10.640499999999999,0,1,1
room_open_c1_s0,2,76,0,11.067399999999999,0,1,1
room_open_c1_s0,2,77,0,10.5769,0,1,1
room_open_c1_s0,2,78,0,11.075100000000001,0,1,1
room_open_c1_s0,2,79,0,10.912800000000001,0,1,1
room_open_c1_s0,2,80,0,10.696400000000001,0,1,1
room_open_c1_s0,2,81,0,10.8346,0,1,1
room_open_c1_s0,2,82,0,11.1646,0,1,1
room_open_c1_s0,2,83,0,10.8583,0,1,1
room_open_c1_s0,2,84,0,10.858599999999999,0,1,1
room_open_c1_s0,2,85,0,11.0663,0,1,1
room_open_c1_s0,2,86,0,11.318300000000001,0,1,1
room_open_c1_s0,2,87,0,11.212400000000001,0,1,1
room_open_c1_s0,2,88,0,10.9338,0,1,1
room_open_c1_s0,2,89,0,11.063800000000001,0,1,1
room_open_c1_s0,2,90,0,10.591699999999999,0,1,1
room_open_c1_s0,2,91,0,10.7203,0,1,1
room_open_c1_s0,2,92,0,10.7674,0,1,1
room_open_c1_s0,2,93,0,10.840199999999999,0,1,1
room_open_c1_s0,2,94,0,10.9505,0,1,1
room_open_c1_s0,2,95,0,11.0464,0,1,1
room_open_c1_s0,2,96,0,10.81,0,1,1
room_open_c1_s0,2,97,0,10.9305,0,1,1
room_open_c1_s0,2,98,0,11.142099999999999,0,1,1
room_open_c1_s0,2,99,0,11.4125,0,1,1
room_open_c1_s0,2,100,0,10.953799999999999,0,1,1
room_open_c1_s0,2,101,0,10.923,0,1,1
room_open_c1_s0,2,102,0,10.591699999999999,0,1,1
room_open_c1_s0,2,103,0,11.040100000000001,0,1,1
room_open_c1_s0,2,104,0,11.0954,0,1,1
room_open_c1_s0,2,105,0,10.6393,0,1,1
room_open_c1_s0,2,106,0,10.9672,0,1,1
room_open_c1_s0,2,107,0,10.9861,0,1,1
room_open_c1_s0,2,108,0,10.779199999999999,0,1,1
room_open_c1_s0,2,109,0,10.8368,0,1,1
room_open_c1_s0,2,110,0,11.0322,0,1,1
room_open_c1_s0,2,111,0,10.627599999999999,0,1,1
room_open_c1_s0,2,112,0,10.861000000000001,0,1,1
room_open_c1_s0,2,113,0,11.017799999999999,0,1,1
room_open_c1_s0,2,114,0,10.607100000000001,0,1,1
room_open_c1_s0,2,115,0,10.919600000000001,0,1,1
room_open_c1_s0,2,116,0,11.1136,0,1,1
room_open_c1_s0,2,117,0,10.800700000000001,0,1,1
room_open_c1_s0,2,118,0,10.757099999999999,0,1,1
room_open_c1_s0,2,119,0,11.165800000000001,0,1,1
room_open_c1_s0,2,120,0,10.588900000000001,0,1,1
room_open_c1_s0,2,121,0,11.099,0,1,1
room_open_c1_s0,2,122,0,11.2851,0,1,1
room_open_c1_s0,2,123,0,11.0227,0,1,1
room_open_c1_s0,2,124,0,10.7636,0,1,1
room_open_c1_s0,2,125,0,11.186299999999999,0,1,1
room_open_c1_s0,2,126,0,10.682600000000001,0,1,1
room_open_c1_s0,2,127,0,10.751200000000001,0,1,1
room_open_c1_s0,2,128,0,10.7203,0,1,1
room_open_c1_s0,2,129,0,10.989800000000001,0,1,1
room_open_c1_s0,2,130,0,10.8466,0,1,1
room_open_c1_s0,2,131,0,11.0433,0,1,1
room_open_c1_s0,2,132,0,10.635,0,1,1
room_open_c1_s0,2,133,0,10.8538,0,1,1
room_open_c1_s0,2,134,0,11.0154,0,1,1
room_open_c1_s0,2,135,0,10.7464,0,1,1
room_open_c1_s0,2,136,0,10.9619,0,1,1
room_open_c1_s0,2,137,0,10.8421,0,1,1
room_open_c1_s0,2,138,0,10.83,0,1,1
room_open_c1_s0,2,139,0,10.9314,0,1,1
room_open_c1_s0,2,140,0,11.0594,0,1,1
room_open_c1_s0,2,141,0,10.7293,0,1,1
room_open_c1_s0,2,142,0,10.768000000000001,0,1,1
room_open_c1_s0,2,143,0,10.802300000000001,0,1,1
room_open_c1_s0,2,144,0,10.6465,0,1,1
room_open_c1_s0,2,145,0,10.9764,0,1,1
room_open_c1_s0,2,146,0,11.272600000000001,0,1,1
room_open_c1_s0,2,147,0,11.214499999999999,0,1,1
room_open_c1_s0,2,148,0,10.835900000000001,0,1,1
room_open_c1_s0,2,149,0,10.8163,0,1,1
room_open_c1_s0,2,150,0,10.8673,0,1,1
room_open_c1_s0,2,151,0,11.0647,0,1,1
room_open_c1_s0,2,152,0,10.937099999999999,0,1,1
room_open_c1_s0,2,153,0,10.8736,0,1,1
room_open_c1_s0,2,154,0,10.691599999999999,0,1,1
room_open_c1_s0,2,155,0,11.037000000000001,0,1,1
room_open_c1_s0,2,156,0,10.741199999999999,0,1,1
room_open_c1_s0,2,157,0,11.1037,0,1,1
room_open_c1_s0,2,158,0,11.0168,0,1,1
room_open_c1_s0,2,159,0,11.2273,0,1,1
room_open_c1_s0,2,160,0,10.934900000000001,0,1,1
room_open_c1_s0,2,161,0,10.762499999999999,0,1,1
room_open_c1_s0,2,162,0,10.8743,0,1,1
room_open_c1_s0,2,163,0,10.759,0,1,1
room_open_c1_s0,2,164,0,10.871700000000001,0,1,1
room_open_c1_s0,2,165,0,11.017799999999999,0,1,1
room_open_c1_s0,2,166,0,10.974399999999999,0,1,1
room_open_c1_s0,2,167,0,10.8825,0,1,1
room_open_c1_s0,2,168,0,11.053599999999999,0,1,1
room_open_c1_s0,2,169,0,10.842499999999999,0,1,1
room_open_c1_s0,2,170,0,11.0871,0,1,1
room_open_c1_s0,2,171,0,11.1496,0,1,1
room_open_c1_s0,2,172,0,10.8864,0,1,1
room_open_c1_s0,2,173,0,10.8902,0,1,1
room_open_c1_s0,2,174,0,11.050599999999999,0,1,1
room_open_c1_s0,2,175,0,11.1305,0,1,1
room_open_c1_s0,2,176,0,10.9832,0,1,1
room_open_c1_s0,2,177,0,11.0822,0,1,1
room_open_c1_s0,2,178,0,10.929600000000001,0,1,1
room_open_c1_s0,2,179,0,11.2264,0,1,1
room_open_c1_s0,2,180,0,11.591799999999999,0,1,1
room_open_c1_s0,2,181,0,10.9125,0,1,1
room_open_c1_s0,2,182,0,10.764900000000001,0,1,1
room_open_c1_s0,2,183,0,11.051399999999999,0,1,1
room_open_c1_s0,2,184,0,10.828799999999999,0,1,1
room_open_c1_s0,2,185,0,10.938700000000001,0,1,1
room_open_c1_s0,2,186,0,10.849500000000001,0,1,1
room_open_c1_s0,2,187,0,10.868499999999999,0,1,1
room_open_c1_s0,2,188,0,10.998100000000001,0,1,1
room_open_c1_s0,2,189,0,11.3033,0,1,1
room_open_c1_s0,2,190,0,10.8538,0,1,1
room_open_c1_s0,2,191,0,10.8095,0,1,1
room_open_c1_s0,2,192,0,10.842000000000001,0,1,1
room_open_c1_s0,2,193,0,10.994,0,1,1
room_open_c1_s0,2,194,0,10.9178,0,1,1
room_open_c1_s0,2,195,0,10.882300000000001,0,1,1
room_open_c1_s0,2,196,0,11.240399999999999,0,1,1
room_open_c1_s0,2,197,0,10.994999999999999,0,1,1
room_open_c1_s0,2,198,0,11.0602,0,1,1
room_open_c1_s0,2,199,0,11.211399999999999,0,1,1
room_open_c1_s0,2,200,0,10.838800000000001,0,1,1
room_open_c1_s0,2,201,0,10.7616,0,1,1
room_open_c1_s0,2,202,0,10.9322,0,1,1
room_open_c1_s0,2,203,0,10.600199999999999,0,1,1
room_open_c1_s0,2,204,0,10.888199999999999,0,1,1
room_open_c1_s0,2,205,0,10.852399999999999,0,1,1
room_open_c1_s0,2,206,0,10.8881,0,1,1
room_open_c1_s0,2,207,0,10.985200000000001,0,1,1
room_open_c1_s0,2,208,0,10.9566,0,1,1
room_open_c1_s0,2,209,0,10.8224,0,1,1
room_open_c1_s0,2,210,0,11.0123,0,1,1
room_open_c1_s0,2,211,0,10.9587,0,1,1
room_open_c1_s0,2,212,0,11.302,0,1,1
room_open_c1_s0,2,213,0,11.472099999999999,0,1,1
room_open_c1_s0,2,214,0,11.279199999999999,0,1,1
room_open_c1_s0,2,215,0,10.828200000000001,0,1,1
room_open_c1_s0,2,216,0,10.934699999999999,0,1,1
room_open_c1_s0,2,217,0,10.6557,0,1,1
room_open_c1_s0,2,218,0,10.6675,0,1,1
room_open_c1_s0,2,219,0,10.5791,0,1,1
room_open_c1_s0,2,220,0,10.835900000000001,0,1,1
room_open_c1_s0,2,221,0,10.856999999999999,0,1,1
room_open_c1_s0,2,222,0,10.997400000000001,0,1,1
room_open_c1_s0,2,223,0,10.8727,0,1,1
room_open_c1_s0,2,224,0,10.9488,0,1,1
room_open_c1_s0,2,225,0,10.9163,0,1,1
room_open_c1_s0,2,226,0,11.0143,0,1,1
room_open_c1_s0,2,227,0,10.9223,0,1,1
room_open_c1_s0,2,228,0,10.966900000000001,0,1,1
room_open_c1_s0,2,229,0,10.895099999999999,0,1,1
room_open_c1_s0,2,230,0,11.1007,0,1,1
room_open_c1_s0,2,231,0,11.0008,0,1,1
room_open_c1_s0,2,232,0,10.8842,0,1,1
room_open_c1_s0,2,233,0,10.967499999999999,0,1,1
room_open_c1_s0,2,234,0,10.8308,0,1,1
room_open_c1_s0,2,235,0,10.934100000000001,0,1,1
room_open_c1_s0,2,236,0,10.860900000000001,0,1,1
room_open_c1_s0,2,237,0,10.9587,0,1,1
room_open_c1_s0,2,238,0,10.981,0,1,1
room_open_c1_s0,2,239,0,11.0303,0,1,1
room_open_c1_s0,2,240,0,10.9328,0,1,1
room_open_c1_s0,2,241,0,11.626200000000001,0,1,1
room_open_c1_s0,2,242,0,11.136799999999999,0,1,1
room_open_c1_s0,2,243,0,10.640599999999999,0,1,1
room_open_c1_s0,2,244,0,11.0657,0,1,1
room_open_c1_s0,2,245,0,11.017099999999999,0,1,1
room_open_c1_s0,2,246,0,10.655799999999999,0,1,1
room_open_c1_s0,2,247,0,10.923299999999999,0,1,1
room_open_c1_s0,2,248,0,11.116300000000001,0,1,1
room_open_c1_s0,2,249,0,10.6296,0,1,1
room_open_c1_s0,2,250,0,11.158799999999999,0,1,1
room_open_c1_s0,2,251,0,11.305999999999999,0,1,1
room_open_c1_s0,2,252,0,10.7881,0,1,1
room_open_c1_s0,2,253,0,10.835000000000001,0,1,1
room_open_c1_s0,2,254,0,11.066800000000001,0,1,1
room_open_c1_s0,2,255,0,10.628299999999999,0,1,1
room_open_c1_s0,2,256,0,10.930099999999999,0,1,1
room_open_c1_s0,2,257,0,11.119300000000001,0,1,1
room_open_c1_s0,2,258,0,10.682600000000001,0,1,1
room_open_c1_s0,2,259,0,11.0946,0,1,1
room_open_c1_s0,2,260,0,11.004899999999999,0,1,1
room_open_c1_s0,2,261,0,10.6938,0,1,1
room_open_c1_s0,2,262,0,11.014099999999999,0,1,1
room_open_c1_s0,2,263,0,10.7857,0,1,1
room_open_c1_s0,2,264,0,10.6713,0,1,1
room_open_c1_s0,2,265,0,10.7598,0,1,1
room_open_c1_s0,2,266,0,10.9041,0,1,1
room_open_c1_s0,2,267,0,11.0474,0,1,1
room_open_c1_s0,2,268,0,10.709099999999999,0,1,1
room_open_c1_s0,2,269,0,10.7722,0,1,1
room_open_c1_s0,2,270,0,10.7559,0,1,1
room_open_c1_s0,2,271,0,10.885,0,1,1
room_open_c1_s0,2,272,0,10.9062,0,1,1
room_open_c1_s0,2,273,0,10.9834,0,1,1
room_open_c1_s0,2,274,0,10.747199999999999,0,1,1
room_open_c1_s0,2,275,0,10.786,0,1,1
room_open_c1_s0,2,276,0,11.007899999999999,0,1,1
room_open_c1_s0,2,277,0,10.849600000000001,0,1,1
room_open_c1_s0,2,278,0,11.091699999999999,0,1,1
room_open_c1_s0,2,279,0,11.213200000000001,0,1,1
room_open_c1_s0,2,280,0,10.766999999999999,0,1,1
room_open_c1_s0,2,281,0,10.9095,0,1,1
room_open_c1_s0,2,282,0,11.136200000000001,0,1,1
room_open_c1_s0,2,283,0,10.654400000000001,0,1,1
room_open_c1_s0,2,284,0,10.9346,0,1,1
room_open_c1_s0,2,285,0,11.039999999999999,0,1,1
room_open_c1_s0,2,286,0,10.8339,0,1,1
room_open_c1_s0,2,287,0,10.892799999999999,0,1,1
room_open_c1_s0,2,288,0,10.983599999999999,0,1,1
room_open_c0_s1,2,1,1,18.4422,1,0,1
room_open_c0_s1,2,2,1,19.858000000000001,1,0,1
room_open_c0_s1,2,3,1,18.559000000000001,1,0,1
room_open_c0_s1,2,4,1,18.338200000000001,1,0,1
room_open_c0_s1,2,5,1,18.0716,1,0,1
room_open_c0_s1,2,6,1,18.066299999999998,1,0,1
room_open_c0_s1,2,7,1,18.180399999999999,1,0,1
room_open_c0_s1,2,8,1,17.985900000000001,1,0,1
room_open_c0_s1,2,9,1,18.065200000000001,1,0,1
room_open_c0_s1,2,10,1,18.201799999999999,1,0,1
room_open_c0_s1,2,11,1,17.838699999999999,1,0,1
room_open_c0_s1,2,12,1,17.903199999999998,1,0,1
room_open_c0_s1,2,13,1,19.3675,1,0,1
room_open_c0_s1,2,14,1,18.028700000000001,1,0,1
room_open_c0_s1,2,15,1,18.050999999999998,1,0,1
room_open_c0_s1,2,16,1,17.788699999999999,1,0,1
room_open_c0_s1,2,17,1,18.130299999999998,1,0,1
room_open_c0_s1,2,18,1,17.873200000000001,1,0,1
room_open_c0_s1,2,19,1,17.6816,1,0,1
room_open_c0_s1,2,20,1,17.732299999999999,1,0,1
room_open_c0_s1,2,21,1,18.281300000000002,1,0,1
room_open_c0_s1,2,22,1,17.7502,1,0,1
room_open_c0_s1,2,23,1,17.664000000000001,1,0,1
room_open_c0_s1,2,24,1,18.1389,1,0,1
room_open_c0_s1,2,25,1,18.047000000000001,1,0,1
room_open_c0_s1,2,26,1,17.860900000000001,1,0,1
room_open_c0_s1,2,27,1,18.023800000000001,1,0,1
room_open_c0_s1,2,28,1,17.797000000000001,1,0,1
room_open_c0_s1,2,29,1,17.8401,1,0,1
room_open_c0_s1,2,30,1,18.005400000000002,1,0,1
room_open_c0_s1,2,31,1,17.7714,1,0,1
room_open_c0_s1,2,32,1,17.7239,1,0,1
room_open_c0_s1,2,33,0,18.067599999999999,1,0,1
room_open_c0_s1,2,34,0,18.6036,1,0,1
room_open_c0_s1,2,35,0,17.772400000000001,1,0,1
room_open_c0_s1,2,36,0,18.198699999999999,1,0,1
room_open_c0_s1,2,37,0,18.128699999999998,1,0,1
room_open_c0_s1,2,38,0,19.070900000000002,1,0,1
room_open_c0_s1,2,39,0,18.085999999999999,1,0,1
room_open_c0_s1,2,40,0,18.133099999999999,1,0,1
room_open_c0_s1,2,41,0,17.964500000000001,1,0,1
room_open_c0_s1,2,42,0,18.02,1,0,1
room_open_c0_s1,2,43,0,18.0563,1,0,1
room_open_c0_s1,2,44,0,17.9986,1,0,1
room_open_c0_s1,2,45,0,18.372199999999999,1,0,1
room_open_c0_s1,2,46,0,17.8691,1,0,1
room_open_c0_s1,2,47,0,17.9055,1,0,1
room_open_c0_s1,2,48,0,18.1188,1,0,1
room_open_c0_s1,2,49,0,17.7332,1,0,1
room_open_c0_s1,2,50,0,17.793700000000001,1,0,1
room_open_c0_s1,2,51,0,17.962800000000001,1,0,1
room_open_c0_s1,2,52,0,17.7727,1,0,1
room_open_c0_s1,2,53,0,17.689499999999999,1,0,1
room_open_c0_s1,2,54,0,18.148099999999999,1,0,1
room_open_c0_s1,2,55,0,17.985700000000001,1,0,1
room_open_c0_s1,2,56,0,17.875699999999998,1,0,1
room_open_c0_s1,2,57,0,17.977,1,0,1
room_open_c0_s1,2,58,0,17.8125,1,0,1
room_open_c0_s1,2,59,0,17.9969,1,0,1
room_open_c0_s1,2,60,0,18.135300000000001,1,0,1
room_open_c0_s1,2,61,0,17.871200000000002,1,0,1
room_open_c0_s1,2,62,0,18.3629,1,0,1
room_open_c0_s1,2,63,0,18.129799999999999,1,0,1
room_open_c0_s1,2,64,0,17.8202,1,0,1
room_open_c0_s1,2,65,0,17.9314,1,0,1
room_open_c0_s1,2,66,0,17.7652,1,0,1
room_open_c0_s1,2,67,0,17.620100000000001,1,0,1
room_open_c0_s1,2,68,0,17.827100000000002,1,0,1
room_open_c0_s1,2,69,0,17.953099999999999,1,0,1
room_open_c0_s1,2,70,0,17.697500000000002,1,0,1
room_open_c0_s1,2,71,0,17.662099999999999,1,0,1
room_open_c0_s1,2,72,0,17.773199999999999,1,0,1
room_open_c0_s1,2,73,0,17.748799999999999,1,0,1
room_open_c0_s1,2,74,0,17.689599999999999,1,0,1
room_open_c0_s1,2,75,0,17.779499999999999,1,0,1
room_open_c0_s1,2,76,0,18.227599999999999,1,0,1
room_open_c0_s1,2,77,0,18.197099999999999,1,0,1
room_open_c0_s1,2,78,0,18.047699999999999,1,0,1
room_open_c0_s1,2,79,0,18.337499999999999,1,0,1
room_open_c0_s1,2,80,0,17.8614,1,0,1
room_open_c0_s1,2,81,0,18.078600000000002,1,0,1
room_open_c0_s1,2,82,0,17.9315,1,0,1
room_open_c0_s1,2,83,0,17.944600000000001,1,0,1
room_open_c0_s1,2,84,0,18.140499999999999,1,0,1
room_open_c0_s1,2,85,0,17.805800000000001,1,0,1
room_open_c0_s1,2,86,0,17.765000000000001,1,0,1
room_open_c0_s1,2,87,0,17.996300000000002,1,0,1
room_open_c0_s1,2,88,0,18.127600000000001,1,0,1
room_open_c0_s1,2,89,0,17.891400000000001,1,0,1
room_open_c0_s1,2,90,0,18.004100000000001,1,0,1
room_open_c0_s1,2,91,0,18.142299999999999,1,0,1
room_open_c0_s1,2,92,0,18.041799999999999,1,0,1
room_open_c0_s1,2,93,0,18.2011,1,0,1
room_open_c0_s1,2,94,0,17.7866,1,0,1
room_open_c0_s1,2,95,0,17.824400000000001,1,0,1
room_open_c0_s1,2,96,0,17.7715,1,0,1
room_open_c0_s1,2,97,0,17.656300000000002,1,0,1
room_open_c0_s1,2,98,0,17.816400000000002,1,0,1
room_open_c0_s1,2,99,0,17.914000000000001,1,0,1
room_open_c0_s1,2,100,0,17.764700000000001,1,0,1
room_open_c0_s1,2,101,0,17.747499999999999,1,0,1
room_open_c0_s1,2,102,0,18.125,1,0,1
room_open_c0_s1,2,103,0,17.675699999999999,1,0,1
room_open_c0_s1,2,104,0,18.142299999999999,1,0,1
room_open_c0_s1,2,105,0,17.8691,1,0,1
room_open_c0_s1,2,106,0,17.561299999999999,1,0,1
room_open_c0_s1,2,107,0,17.859100000000002,1,0,1
room_open_c0_s1,2,108,0,18.1995,1,0,1
room_open_c0_s1,2,109,0,17.887,1,0,1
room_open_c0_s1,2,110,0,17.8613,1,0,1
room_open_c0_s1,2,111,0,18.178000000000001,1,0,1
room_open_c0_s1,2,112,0,17.807400000000001,1,0,1
room_open_c0_s1,2,113,0,17.852799999999998,1,0,1
room_open_c0_s1,2,114,0,18.2973,1,0,1
room_open_c0_s1,2,115,0,18.183499999999999,1,0,1
room_open_c0_s1,2,116,0,18.0091,1,0,1
room_open_c0_s1,2,117,0,18.119399999999999,1,0,1
room_open_c0_s1,2,118,0,17.903300000000002,1,0,1
room_open_c0_s1,2,119,0,17.787500000000001,1,0,1
room_open_c0_s1,2,120,0,17.751000000000001,1,0,1
room_open_c0_s1,2,121,0,17.8599,1,0,1
room_open_c0_s1,2,122,0,17.947199999999999,1,0,1
room_open_c0_s1,2,123,0,18.037400000000002,1,0,1
room_open_c0_s1,2,124,0,18.047799999999999,1,0,1
room_open_c0_s1,2,125,0,17.675999999999998,1,0,1
room_open_c0_s1,2,126,0,17.9727,1,0,1
room_open_c0_s1,2,127,0,17.7227,1,0,1
room_open_c0_s1,2,128,0,18.055299999999999,1,0,1
room_open_c0_s1,2,129,0,17.749099999999999,1,0,1
room_open_c0_s1,2,130,0,17.648700000000002,1,0,1
room_open_c0_s1,2,131,0,18.024100000000001,1,0,1
room_open_c0_s1,2,132,0,18.0548,1,0,1
room_open_c0_s1,2,133,0,17.983499999999999,1,0,1
room_open_c0_s1,2,134,0,17.715699999999998,1,0,1
room_open_c0_s1,2,135,0,17.859300000000001,1,0,1
room_open_c0_s1,2,136,0,17.7117,1,0,1
room_open_c0_s1,2,137,0,17.793600000000001,1,0,1
room_open_c0_s1,2,138,0,18.135899999999999,1,0,1
room_open_c0_s1,2,139,0,17.863800000000001,1,0,1
room_open_c0_s1,2,140,0,17.750499999999999,1,0,1
room_open_c0_s1,2,141,0,17.840800000000002,1,0,1
room_open_c0_s1,2,142,0,18.2698,1,0,1
room_open_c0_s1,2,143,0,18.094999999999999,1,0,1
room_open_c0_s1,2,144,0,18.222300000000001,1,0,1
room_open_c0_s1,2,145,0,17.762499999999999,1,0,1
room_open_c0_s1,2,146,0,18.0564,1,0,1
room_open_c0_s1,2,147,0,18.0169,1,0,1
room_open_c0_s1,2,148,0,17.738700000000001,1,0,1
room_open_c0_s1,2,149,0,17.652699999999999,1,0,1
room_open_c0_s1,2,150,0,17.728899999999999,1,0,1
room_open_c0_s1,2,151,0,17.780200000000001,1,0,1
room_open_c0_s1,2,152,0,17.7745,1,0,1
room_open_c0_s1,2,153,0,17.8278,1,0,1
room_open_c0_s1,2,154,0,17.717500000000001,1,0,1
room_open_c0_s1,2,155,0,18.030100000000001,1,0,1
room_open_c0_s1,2,156,0,18.524999999999999,1,0,1
room_open_c0_s1,2,157,0,17.7181,1,0,1
room_open_c0_s1,2,158,0,17.807600000000001,1,0,1
room_open_c0_s1,2,159,0,17.883199999999999,1,0,1
room_open_c0_s1,2,160,0,17.738900000000001,1,0,1
room_open_c0_s1,2,161,0,17.735900000000001,1,0,1
room_open_c0_s1,2,162,0,18.051100000000002,1,0,1
room_open_c0_s1,2,163,0,17.815999999999999,1,0,1
room_open_c0_s1,2,164,0,17.776900000000001,1,0,1
room_open_c0_s1,2,165,0,18.125499999999999,1,0,1
room_open_c0_s1,2,166,0,17.572299999999998,1,0,1
room_open_c0_s1,2,167,0,17.724699999999999,1,0,1
room_open_c0_s1,2,168,0,18.390599999999999,1,0,1
room_open_c0_s1,2,169,0,18.2194,1,0,1
room_open_c0_s1,2,170,0,17.902000000000001,1,0,1
room_open_c0_s1,2,171,0,18.030999999999999,1,0,1
room_open_c0_s1,2,172,0,18.0395,1,0,1
room_open_c0_s1,2,173,0,18.1645,1,0,1
room_open_c0_s1,2,174,0,17.851900000000001,1,0,1
room_open_c0_s1,2,175,0,17.791599999999999,1,0,1
room_open_c0_s1,2,176,0,17.651700000000002,1,0,1
room_open_c0_s1,2,177,0,17.8901,1,0,1
room_open_c0_s1,2,178,0,17.714600000000001,1,0,1
room_open_c0_s1,2,179,0,17.6099,1,0,1
room_open_c0_s1,2,180,0,17.9358,1,0,1
room_open_c0_s1,2,181,0,17.682600000000001,1,0,1
room_open_c0_s1,2,182,0,17.825199999999999,1,0,1
room_open_c0_s1,2,183,0,17.862300000000001,1,0,1
room_open_c0_s1,2,184,0,17.901,1,0,1
room_open_c0_s1,2,185,0,17.812999999999999,1,0,1
room_open_c0_s1,2,186,0,17.8645,1,0,1
room_open_c0_s1,2,187,0,17.639199999999999,1,0,1
room_open_c0_s1,2,188,0,17.880500000000001,1,0,1
room_open_c0_s1,2,189,0,17.974799999999998,1,0,1
room_open_c0_s1,2,190,0,17.867100000000001,1,0,1
room_open_c0_s1,2,191,0,17.654699999999998,1,0,1
room_open_c0_s1,2,192,0,17.9892,1,0,1
room_open_c0_s1,2,193,0,17.6419,1,0,1
room_open_c0_s1,2,194,0,17.7835,1,0,1
room_open_c0_s1,2,195,0,17.643799999999999,1,0,1
room_open_c0_s1,2,196,0,17.732600000000001,1,0,1
room_open_c0_s1,2,197,0,18.465800000000002,1,0,1
room_open_c0_s1,2,198,0,18.135899999999999,1,0,1
room_open_c0_s1,2,199,0,17.654900000000001,1,0,1
room_open_c0_s1,2,200,0,17.776299999999999,1,0,1
room_open_c0_s1,2,201,0,17.9375,1,0,1
room_open_c0_s1,2,202,0,17.604399999999998,1,0,1
room_open_c0_s1,2,203,0,17.841000000000001,1,0,1
room_open_c0_s1,2,204,0,18.057500000000001,1,0,1
room_open_c0_s1,2,205,0,17.5212,1,0,1
room_open_c0_s1,2,206,0,17.677600000000002,1,0,1
room_open_c0_s1,2,207,0,17.888300000000001,1,0,1
room_open_c0_s1,2,208,0,17.699300000000001,1,0,1
room_open_c0_s1,2,209,0,17.6708,1,0,1
room_open_c0_s1,2,210,0,17.994900000000001,1,0,1
room_open_c0_s1,2,211,0,18.0029,1,0,1
room_open_c0_s1,2,212,0,17.789899999999999,1,0,1
room_open_c0_s1,2,213,0,18.003799999999998,1,0,1
room_open_c0_s1,2,214,0,17.733499999999999,1,0,1
room_open_c0_s1,2,215,0,17.747299999999999,1,0,1
room_open_c0_s1,2,216,0,18.1081,1,0,1
room_open_c0_s1,2,217,0,17.8019,1,0,1
room_open_c0_s1,2,218,0,17.777799999999999,1,0,1
room_open_c0_s1,2,219,0,17.799099999999999,1,0,1
room_open_c0_s1,2,220,0,17.877500000000001,1,0,1
room_open_c0_s1,2,221,0,17.691800000000001,1,0,1
room_open_c0_s1,2,222,0,17.869900000000001,1,0,1
room_open_c0_s1,2,223,0,17.743600000000001,1,0,1
room_open_c0_s1,2,224,0,17.662600000000001,1,0,1
room_open_c0_s1,2,225,0,17.973600000000001,1,0,1
room_open_c0_s1,2,226,0,18.129799999999999,1,0,1
room_open_c0_s1,2,227,0,18.015599999999999,1,0,1
room_open_c0_s1,2,228,0,18.138500000000001,1,0,1
room_open_c0_s1,2,229,0,17.8185,1,0,1
room_open_c0_s1,2,230,0,17.922699999999999,1,0,1
room_open_c0_s1,2,231,0,17.828800000000001,1,0,1
room_open_c0_s1,2,232,0,17.852799999999998,1,0,1
room_open_c0_s1,2,233,0,17.853000000000002,1,0,1
room_open_c0_s1,2,234,0,17.879100000000001,1,0,1
room_open_c0_s1,2,235,0,17.624400000000001,1,0,1
room_open_c0_s1,2,236,0,17.8719,1,0,1
room_open_c0_s1,2,237,0,17.912099999999999,1,0,1
room_open_c0_s1,2,238,0,17.7454,1,0,1
room_open_c0_s1,2,239,0,17.5792,1,0,1
room_open_c0_s1,2,240,0,17.7759,1,0,1
room_open_c0_s1,2,241,0,17.6495,1,0,1
room_open_c0_s1,2,242,0,17.791499999999999,1,0,1
room_open_c0_s1,2,243,0,17.986599999999999,1,0,1
room_open_c0_s1,2,244,0,17.713699999999999,1,0,1
room_open_c0_s1,2,245,0,17.791599999999999,1,0,1
room_open_c0_s1,2,246,0,17.725300000000001,1,0,1
room_open_c0_s1,2,247,0,17.581900000000001,1,0,1
room_open_c0_s1,2,248,0,17.6646,1,0,1
room_open_c0_s1,2,249,0,17.682300000000001,1,0,1
room_open_c0_s1,2,250,0,17.751200000000001,1,0,1
room_open_c0_s1,2,251,0,17.655799999999999,1,0,1
room_open_c0_s1,2,252,0,17.927700000000002,1,0,1
room_open_c0_s1,2,253,0,17.7789,1,0,1
room_open_c0_s1,2,254,0,17.818999999999999,1,0,1
room_open_c0_s1,2,255,0,17.982199999999999,1,0,1
room_open_c0_s1,2,256,0,17.842700000000001,1,0,1
room_open_c0_s1,2,257,0,17.9513,1,0,1
room_open_c0_s1,2,258,0,18.033799999999999,1,0,1
room_open_c0_s1,2,259,0,17.689399999999999,1,0,1
room_open_c0_s1,2,260,0,17.832699999999999,1,0,1
room_open_c0_s1,2,261,0,18.088100000000001,1,0,1
room_open_c0_s1,2,262,0,17.871400000000001,1,0,1
room_open_c0_s1,2,263,0,17.716999999999999,1,0,1
room_open_c0_s1,2,264,0,17.8598,1,0,1
room_open_c0_s1,2,265,0,17.8598,1,0,1
room_open_c0_s1,2,266,0,17.759399999999999,1,0,1
room_open_c0_s1,2,267,0,17.9816,1,0,1
room_open_c0_s1,2,268,0,17.807500000000001,1,0,1
room_open_c0_s1,2,269,0,17.797899999999998,1,0,1
room_open_c0_s1,2,270,0,18.175599999999999,1,0,1
room_open_c0_s1,2,271,0,17.798300000000001,1,0,1
room_open_c0_s1,2,272,0,17.7606,1,0,1
room_open_c0_s1,2,273,0,17.852900000000002,1,0,1
room_open_c0_s1,2,274,0,17.6951,1,0,1
room_open_c0_s1,2,275,0,17.779900000000001,1,0,1
room_open_c0_s1,2,276,0,17.789999999999999,1,0,1
room_open_c0_s1,2,277,0,18.014900000000001,1,0,1
room_open_c0_s1,2,278,0,17.773599999999998,1,0,1
room_open_c0_s1,2,279,0,18.0519,1,0,1
room_open_c0_s1,2,280,0,17.975000000000001,1,0,1
room_open_c0_s1,2,281,0,17.838699999999999,1,0,1
room_open_c0_s1,2,282,0,18.192699999999999,1,0,1
room_open_c0_s1,2,283,0,17.930900000000001,1,0,1
room_open_c0_s1,2,284,0,17.931699999999999,1,0,1
room_open_c0_s1,2,285,0,18.238700000000001,1,0,1
room_open_c0_s1,2,286,0,17.939,1,0,1
room_open_c0_s1,2,287,0,18.199400000000001,1,0,1
room_open_c0_s1,2,288,0,18.1813,1,0,1
room_open_c0_s0,2,1,1,5.9561999999999999,0,0,1
room_open_c0_s0,2,2,1,5.7737999999999996,0,0,1
room_open_c0_s0,2,3,1,6.2808000000000002,0,0,1
room_open_c0_s0,2,4,1,5.6100000000000003,0,0,1
room_open_c0_s0,2,5,1,6.1292999999999997,0,0,1
room_open_c0_s0,2,6,1,6.0820999999999996,0,0,1
room_open_c0_s0,2,7,1,5.8888999999999996,0,0,1
room_open_c0_s0,2,8,1,5.8699000000000003,0,0,1
room_open_c0_s0,2,9,1,5.9966999999999997,0,0,1
room_open_c0_s0,2,10,1,5.8864999999999998,0,0,1
room_open_c0_s0,2,11,1,5.8677000000000001,0,0,1
room_open_c0_s0,2,12,1,5.9988000000000001,0,0,1
room_open_c0_s0,2,13,1,5.8888999999999996,0,0,1
room_open_c0_s0,2,14,1,5.8933,0,0,1
room_open_c0_s0,2,15,1,6.0678000000000001,0,0,1
room_open_c0_s0,2,16,1,5.8822000000000001,0,0,1
room_open_c0_s0,2,17,1,5.8798000000000004,0,0,1
room_open_c0_s0,2,18,1,5.9851000000000001,0,0,1
room_open_c0_s0,2,19,1,5.8693999999999997,0,0,1
room_open_c0_s0,2,20,1,5.8723999999999998,0,0,1
room_open_c0_s0,2,21,1,5.9837999999999996,0,0,1
room_open_c0_s0,2,22,1,5.8808999999999996,0,0,1
room_open_c0_s0,2,23,1,5.8673999999999999,0,0,1
room_open_c0_s0,2,24,1,6.1139000000000001,0,0,1
room_open_c0_s0,2,25,1,5.8696000000000002,0,0,1
room_open_c0_s0,2,26,1,5.8841000000000001,0,0,1
room_open_c0_s0,2,27,1,6.0603999999999996,0,0,1
room_open_c0_s0,2,28,1,5.9032999999999998,0,0,1
room_open_c0_s0,2,29,1,5.8659999999999997,0,0,1
room_open_c0_s0,2,30,1,6.1734999999999998,0,0,1
room_open_c0_s0,2,31,1,5.8711000000000002,0,0,1
room_open_c0_s0,2,32,1,6.0086000000000004,0,0,1
room_open_c0_s0,2,33,0,5.8869999999999996,0,0,1
room_open_c0_s0,2,34,0,5.8821000000000003,0,0,1
room_open_c0_s0,2,35,0,5.8773999999999997,0,0,1
room_open_c0_s0,2,36,0,5.8578999999999999,0,0,1
room_open_c0_s0,2,37,0,5.8826999999999998,0,0,1
room_open_c0_s0,2,38,0,5.9099000000000004,0,0,1
room_open_c0_s0,2,39,0,5.9069000000000003,0,0,1
room_open_c0_s0,2,40,0,6.1109999999999998,0,0,1
room_open_c0_s0,2,41,0,5.9067999999999996,0,0,1
room_open_c0_s0,2,42,0,5.8944000000000001,0,0,1
room_open_c0_s0,2,43,0,6.0643000000000002,0,0,1
room_open_c0_s0,2,44,0,5.8842999999999996,0,0,1
room_open_c0_s0,2,45,0,5.8768000000000002,0,0,1
room_open_c0_s0,2,46,0,6.0717999999999996,0,0,1
room_open_c0_s0,2,47,0,5.8746999999999998,0,0,1
room_open_c0_s0,2,48,0,5.8840000000000003,0,0,1
room_open_c0_s0,2,49,0,6.0061,0,0,1
room_open_c0_s0,2,50,0,5.8963000000000001,0,0,1
room_open_c0_s0,2,51,0,5.9036999999999997,0,0,1
room_open_c0_s0,2,52,0,6.0701999999999998,0,0,1
room_open_c0_s0,2,53,0,5.8882000000000003,0,0,1
room_open_c0_s0,2,54,0,5.8762999999999996,0,0,1
room_open_c0_s0,2,55,0,6.0025000000000004,0,0,1
room_open_c0_s0,2,56,0,5.8966000000000003,0,0,1
room_open_c0_s0,2,57,0,5.9057000000000004,0,0,1
room_open_c0_s0,2,58,0,6.0982000000000003,0,0,1
room_open_c0_s0,2,59,0,5.9043000000000001,0,0,1
room_open_c0_s0,2,60,0,5.9978999999999996,0,0,1
room_open_c0_s0,2,61,0,5.8794000000000004,0,0,1
room_open_c0_s0,2,62,0,5.8821000000000003,0,0,1
room_open_c0_s0,2,63,0,5.9259000000000004,0,0,1
room_open_c0_s0,2,64,0,5.9676999999999998,0,0,1
room_open_c0_s0,2,65,0,5.8856999999999999,0,0,1
room_open_c0_s0,2,66,0,5.8620000000000001,0,0,1
room_open_c0_s0,2,67,0,5.8718000000000004,0,0,1
room_open_c0_s0,2,68,0,5.9938000000000002,0,0,1
room_open_c0_s0,2,69,0,6.0396000000000001,0,0,1
room_open_c0_s0,2,70,0,6.2766000000000002,0,0,1
room_open_c0_s0,2,71,0,6.4862000000000002,0,0,1
room_open_c0_s0,2,72,0,6.2915999999999999,0,0,1
room_open_c0_s0,2,73,0,6.2683999999999997,0,0,1
room_open_c0_s0,2,74,0,6.4897999999999998,0,0,1
room_open_c0_s0,2,75,0,6.2797000000000001,0,0,1
room_open_c0_s0,2,76,0,6.3253000000000004,0,0,1
room_open_c0_s0,2,77,0,6.4547999999999996,0,0,1
room_open_c0_s0,2,78,0,6.3563999999999998,0,0,1
room_open_c0_s0,2,79,0,6.2663000000000002,0,0,1
room_open_c0_s0,2,80,0,6.4964000000000004,0,0,1
room_open_c0_s0,2,81,0,6.3030999999999997,0,0,1
room_open_c0_s0,2,82,0,6.3274999999999997,0,0,1
room_open_c0_s0,2,83,0,6.5109000000000004,0,0,1
room_open_c0_s0,2,84,0,6.2465999999999999,0,0,1
room_open_c0_s0,2,85,0,6.2984,0,0,1
room_open_c0_s0,2,86,0,6.4377000000000004,0,0,1
room_open_c0_s0,2,87,0,6.2638999999999996,0,0,1
room_open_c0_s0,2,88,0,6.2977999999999996,0,0,1
room_open_c0_s0,2,89,0,6.5308999999999999,0,0,1
room_open_c0_s0,2,90,0,6.2789999999999999,0,0,1
room_open_c0_s0,2,91,0,6.3091999999999997,0,0,1
room_open_c0_s0,2,92,0,6.4268000000000001,0,0,1
room_open_c0_s0,2,93,0,6.2904999999999998,0,0,1
room_open_c0_s0,2,94,0,6.2797000000000001,0,0,1
room_open_c0_s0,2,95,0,6.4398,0,0,1
room_open_c0_s0,2,96,0,6.2653999999999996,0,0,1
room_open_c0_s0,2,97,0,6.3132000000000001,0,0,1
room_open_c0_s0,2,98,0,6.4402999999999997,0,0,1
room_open_c0_s0,2,99,0,6.2824,0,0,1
room_open_c0_s0,2,100,0,6.2836999999999996,0,0,1
room_open_c0_s0,2,101,0,6.5129999999999999,0,0,1
room_open_c0_s0,2,102,0,6.2579000000000002,0,0,1
room_open_c0_s0,2,103,0,6.2925000000000004,0,0,1
room_open_c0_s0,2,104,0,6.5103999999999997,0,0,1
room_open_c0_s0,2,105,0,6.3106,0,0,1
room_open_c0_s0,2,106,0,6.3491,0,0,1
room_open_c0_s0,2,107,0,6.5046999999999997,0,0,1
room_open_c0_s0,2,108,0,6.3033000000000001,0,0,1
room_open_c0_s0,2,109,0,6.3506,0,0,1
room_open_c0_s0,2,110,0,6.4730999999999996,0,0,1
room_open_c0_s0,2,111,0,6.3456000000000001,0,0,1
room_open_c0_s0,2,112,0,6.3426999999999998,0,0,1
room_open_c0_s0,2,113,0,6.5564,0,0,1
room_open_c0_s0,2,114,0,6.3086000000000002,0,0,1
room_open_c0_s0,2,115,0,6.3350999999999997,0,0,1
room_open_c0_s0,2,116,0,6.5519999999999996,0,0,1
room_open_c0_s0,2,117,0,6.3146000000000004,0,0,1
room_open_c0_s0,2,118,0,6.3056999999999999,0,0,1
room_open_c0_s0,2,119,0,6.5556000000000001,0,0,1
room_open_c0_s0,2,120,0,6.3202999999999996,0,0,1
room_open_c0_s0,2,121,0,6.3148,0,0,1
room_open_c0_s0,2,122,0,6.5449000000000002,0,0,1
room_open_c0_s0,2,123,0,6.3316999999999997,0,0,1
room_open_c0_s0,2,124,0,6.3464,0,0,1
room_open_c0_s0,2,125,0,6.5854999999999997,0,0,1
room_open_c0_s0,2,126,0,6.2981999999999996,0,0,1
room_open_c0_s0,2,127,0,6.3474000000000004,0,0,1
room_open_c0_s0,2,128,0,6.5683999999999996,0,0,1
room_open_c0_s0,2,129,0,6.3230000000000004,0,0,1
room_open_c0_s0,2,130,0,6.3841000000000001,0,0,1
room_open_c0_s0,2,131,0,6.5233999999999996,0,0,1
room_open_c0_s0,2,132,0,6.5145,0,0,1
room_open_c0_s0,2,133,0,6.4638,0,0,1
room_open_c0_s0,2,134,0,6.4873000000000003,0,0,1
room_open_c0_s0,2,135,0,6.4340999999999999,0,0,1
room_open_c0_s0,2,136,0,6.3453999999999997,0,0,1
room_open_c0_s0,2,137,0,6.4878999999999998,0,0,1
room_open_c0_s0,2,138,0,6.3292999999999999,0,0,1
room_open_c0_s0,2,139,0,6.5572999999999997,0,0,1
room_open_c0_s0,2,140,0,6.5460000000000003,0,0,1
room_open_c0_s0,2,141,0,6.5255000000000001,0,0,1
room_open_c0_s0,2,142,0,6.5312000000000001,0,0,1
room_open_c0_s0,2,143,0,6.5709999999999997,0,0,1
room_open_c0_s0,2,144,0,6.4516999999999998,0,0,1
room_open_c0_s0,2,145,0,6.3371000000000004,0,0,1
room_open_c0_s0,2,146,0,6.5458999999999996,0,0,1
room_open_c0_s0,2,147,0,6.3292000000000002,0,0,1
room_open_c0_s0,2,148,0,6.3387000000000002,0,0,1
room_open_c0_s0,2,149,0,6.5411999999999999,0,0,1
room_open_c0_s0,2,150,0,6.3009000000000004,0,0,1
room_open_c0_s0,2,151,0,6.3190999999999997,0,0,1
room_open_c0_s0,2,152,0,6.4565000000000001,0,0,1
room_open_c0_s0,2,153,0,6.3375000000000004,0,0,1
room_open_c0_s0,2,154,0,6.3395999999999999,0,0,1
room_open_c0_s0,2,155,0,6.5444000000000004,0,0,1
room_open_c0_s0,2,156,0,6.3379000000000003,0,0,1
room_open_c0_s0,2,157,0,6.3307000000000002,0,0,1
room_open_c0_s0,2,158,0,6.5473999999999997,0,0,1
room_open_c0_s0,2,159,0,6.3125999999999998,0,0,1
room_open_c0_s0,2,160,0,6.3367000000000004,0,0,1
room_open_c0_s0,2,161,0,6.5256999999999996,0,0,1
room_open_c0_s0,2,162,0,6.3441000000000001,0,0,1
room_open_c0_s0,2,163,0,6.3301999999999996,0,0,1
room_open_c0_s0,2,164,0,6.5430999999999999,0,0,1
room_open_c0_s0,2,165,0,6.3457999999999997,0,0,1
room_open_c0_s0,2,166,0,6.3525,0,0,1
room_open_c0_s0,2,167,0,6.5552999999999999,0,0,1
room_open_c0_s0,2,168,0,6.3383000000000003,0,0,1
room_open_c0_s0,2,169,0,6.3224999999999998,0,0,1
room_open_c0_s0,2,170,0,6.6802000000000001,0,0,1
room_open_c0_s0,2,171,0,6.3121999999999998,0,0,1
room_open_c0_s0,2,172,0,6.3498999999999999,0,0,1
room_open_c0_s0,2,173,0,6.5488999999999997,0,0,1
room_open_c0_s0,2,174,0,6.2888000000000002,0,0,1
room_open_c0_s0,2,175,0,6.3181000000000003,0,0,1
room_open_c0_s0,2,176,0,6.5410000000000004,0,0,1
room_open_c0_s0,2,177,0,6.3201999999999998,0,0,1
room_open_c0_s0,2,178,0,6.3341000000000003,0,0,1
room_open_c0_s0,2,179,0,6.4573,0,0,1
room_open_c0_s0,2,180,0,6.3132999999999999,0,0,1
room_open_c0_s0,2,181,0,6.3106,0,0,1
room_open_c0_s0,2,182,0,6.4501999999999997,0,0,1
room_open_c0_s0,2,183,0,6.3268000000000004,0,0,1
room_open_c0_s0,2,184,0,6.3550000000000004,0,0,1
room_open_c0_s0,2,185,0,6.4795999999999996,0,0,1
room_open_c0_s0,2,186,0,6.3257000000000003,0,0,1
room_open_c0_s0,2,187,0,6.3335999999999997,0,0,1
room_open_c0_s0,2,188,0,6.5560999999999998,0,0,1
room_open_c0_s0,2,189,0,6.2885,0,0,1
room_open_c0_s0,2,190,0,6.3190999999999997,0,0,1
room_open_c0_s0,2,191,0,6.5076999999999998,0,0,1
room_open_c0_s0,2,192,0,6.3320999999999996,0,0,1
room_open_c0_s0,2,193,0,6.3178999999999998,0,0,1
room_open_c0_s0,2,194,0,6.5204000000000004,0,0,1
room_open_c0_s0,2,195,0,6.3216000000000001,0,0,1
room_open_c0_s0,2,196,0,6.3669000000000002,0,0,1
room_open_c0_s0,2,197,0,6.6142000000000003,0,0,1
room_open_c0_s0,2,198,0,6.3202999999999996,0,0,1
room_open_c0_s0,2,199,0,6.327,0,0,1
room_open_c0_s0,2,200,0,6.5585000000000004,0,0,1
room_open_c0_s0,2,201,0,6.3604000000000003,0,0,1
room_open_c0_s0,2,202,0,6.3395000000000001,0,0,1
room_open_c0_s0,2,203,0,6.5214999999999996,0,0,1
room_open_c0_s0,2,204,0,6.3234000000000004,0,0,1
room_open_c0_s0,2,205,0,6.3239000000000001,0,0,1
room_open_c0_s0,2,206,0,6.5396999999999998,0,0,1
room_open_c0_s0,2,207,0,6.3322000000000003,0,0,1
room_open_c0_s0,2,208,0,6.3372999999999999,0,0,1
room_open_c0_s0,2,209,0,6.5316999999999998,0,0,1
room_open_c0_s0,2,210,0,6.3236999999999997,0,0,1
room_open_c0_s0,2,211,0,6.3244999999999996,0,0,1
room_open_c0_s0,2,212,0,6.5433000000000003,0,0,1
room_open_c0_s0,2,213,0,6.3132999999999999,0,0,1
room_open_c0_s0,2,214,0,6.3422999999999998,0,0,1
room_open_c0_s0,2,215,0,6.5590000000000002,0,0,1
room_open_c0_s0,2,216,0,6.3156999999999996,0,0,1
room_open_c0_s0,2,217,0,6.3354999999999997,0,0,1
room_open_c0_s0,2,218,0,6.5212000000000003,0,0,1
room_open_c0_s0,2,219,0,6.3292999999999999,0,0,1
room_open_c0_s0,2,220,0,6.3300999999999998,0,0,1
room_open_c0_s0,2,221,0,6.5555000000000003,0,0,1
room_open_c0_s0,2,222,0,6.3289999999999997,0,0,1
room_open_c0_s0,2,223,0,6.3303000000000003,0,0,1
room_open_c0_s0,2,224,0,6.5457000000000001,0,0,1
room_open_c0_s0,2,225,0,6.3380000000000001,0,0,1
room_open_c0_s0,2,226,0,6.3315000000000001,0,0,1
room_open_c0_s0,2,227,0,6.5631000000000004,0,0,1
room_open_c0_s0,2,228,0,6.3291000000000004,0,0,1
room_open_c0_s0,2,229,0,6.3125999999999998,0,0,1
room_open_c0_s0,2,230,0,6.5533000000000001,0,0,1
room_open_c0_s0,2,231,0,6.3479999999999999,0,0,1
room_open_c0_s0,2,232,0,6.3146000000000004,0,0,1
room_open_c0_s0,2,233,0,6.4837999999999996,0,0,1
room_open_c0_s0,2,234,0,6.3117999999999999,0,0,1
room_open_c0_s0,2,235,0,6.3227000000000002,0,0,1
room_open_c0_s0,2,236,0,6.5465,0,0,1
room_open_c0_s0,2,237,0,6.3202999999999996,0,0,1
room_open_c0_s0,2,238,0,6.3240999999999996,0,0,1
room_open_c0_s0,2,239,0,6.5495000000000001,0,0,1
room_open_c0_s0,2,240,0,6.3479000000000001,0,0,1
room_open_c0_s0,2,241,0,6.3151999999999999,0,0,1
room_open_c0_s0,2,242,0,6.5709999999999997,0,0,1
room_open_c0_s0,2,243,0,6.3212000000000002,0,0,1
room_open_c0_s0,2,244,0,6.3365,0,0,1
room_open_c0_s0,2,245,0,6.5422000000000002,0,0,1
room_open_c0_s0,2,246,0,6.3113000000000001,0,0,1
room_open_c0_s0,2,247,0,6.3310000000000004,0,0,1
room_open_c0_s0,2,248,0,6.4633000000000003,0,0,1
room_open_c0_s0,2,249,0,6.3453999999999997,0,0,1
room_open_c0_s0,2,250,0,6.3262,0,0,1
room_open_c0_s0,2,251,0,6.5229999999999997,0,0,1
room_open_c0_s0,2,252,0,6.3512000000000004,0,0,1
room_open_c0_s0,2,253,0,6.3507999999999996,0,0,1
room_open_c0_s0,2,254,0,6.5831,0,0,1
room_open_c0_s0,2,255,0,6.3312999999999997,0,0,1
room_open_c0_s0,2,256,0,6.3738000000000001,0,0,1
room_open_c0_s0,2,257,0,6.5357000000000003,0,0,1
room_open_c0_s0,2,258,0,6.3395999999999999,0,0,1
room_open_c0_s0,2,259,0,6.3262,0,0,1
room_open_c0_s0,2,260,0,6.5944000000000003,0,0,1
room_open_c0_s0,2,261,0,6.3339999999999996,0,0,1
room_open_c0_s0,2,262,0,6.3208000000000002,0,0,1
room_open_c0_s0,2,263,0,6.4604999999999997,0,0,1
room_open_c0_s0,2,264,0,6.3236999999999997,0,0,1
room_open_c0_s0,2,265,0,6.3384999999999998,0,0,1
room_open_c0_s0,2,266,0,6.5514999999999999,0,0,1
room_open_c0_s0,2,267,0,6.2900999999999998,0,0,1
room_open_c0_s0,2,268,0,6.3223000000000003,0,0,1
room_open_c0_s0,2,269,0,6.556,0,0,1
room_open_c0_s0,2,270,0,6.3426,0,0,1
room_open_c0_s0,2,271,0,6.3510999999999997,0,0,1
room_open_c0_s0,2,272,0,6.5555000000000003,0,0,1
room_open_c0_s0,2,273,0,6.4414999999999996,0,0,1
room_open_c0_s0,2,274,0,6.4058999999999999,0,0,1
room_open_c0_s0,2,275,0,6.5795000000000003,0,0,1
room_open_c0_s0,2,276,0,6.3712999999999997,0,0,1
room_open_c0_s0,2,277,0,6.3541999999999996,0,0,1
room_open_c0_s0,2,278,0,6.5781999999999998,0,0,1
room_open_c0_s0,2,279,0,6.3685999999999998,0,0,1
room_open_c0_s0,2,280,0,6.3678999999999997,0,0,1
room_open_c0_s0,2,281,0,6.5773999999999999,0,0,1
room_open_c0_s0,2,282,0,6.3769,0,0,1
room_open_c0_s0,2,283,0,6.3879000000000001,0,0,1
room_open_c0_s0,2,284,0,6.5990000000000002,0,0,1
room_open_c0_s0,2,285,0,6.3933999999999997,0,0,1
room_open_c0_s0,2,286,0,6.3975,0,0,1
room_open_c0_s0,2,287,0,6.6399999999999997,0,0,1
room_open_c0_s0,2,288,0,6.3677000000000001,0,0,1
room_open_c0_s0,3,1,1,6.4051,0,0,1
room_open_c0_s0,3,2,1,6.2068000000000003,0,0,1
room_open_c0_s0,3,3,1,6.0381999999999998,0,0,1
room_open_c0_s0,3,4,1,6.1618000000000004,0,0,1
room_open_c0_s0,3,5,1,6.5743999999999998,0,0,1
room_open_c0_s0,3,6,1,6.3726000000000003,0,0,1
room_open_c0_s0,3,7,1,6.6001000000000003,0,0,1
room_open_c0_s0,3,8,1,6.3875999999999999,0,0,1
room_open_c0_s0,3,9,1,6.5999999999999996,0,0,1
room_open_c0_s0,3,10,1,6.5763999999999996,0,0,1
room_open_c0_s0,3,11,1,6.6073000000000004,0,0,1
room_open_c0_s0,3,12,1,6.5758000000000001,0,0,1
room_open_c0_s0,3,13,1,6.5138999999999996,0,0,1
room_open_c0_s0,3,14,1,6.5476999999999999,0,0,1
room_open_c0_s0,3,15,1,6.4080000000000004,0,0,1
room_open_c0_s0,3,16,1,6.4992000000000001,0,0,1
room_open_c0_s0,3,17,1,6.3513999999999999,0,0,1
room_open_c0_s0,3,18,1,6.5408999999999997,0,0,1
room_open_c0_s0,3,19,1,6.3985000000000003,0,0,1
room_open_c0_s0,3,20,1,6.5876000000000001,0,0,1
room_open_c0_s0,3,21,1,6.6516999999999999,0,0,1
room_open_c0_s0,3,22,1,6.3997999999999999,0,0,1
room_open_c0_s0,3,23,1,6.3924000000000003,0,0,1
room_open_c0_s0,3,24,1,6.4797000000000002,0,0,1
room_open_c0_s0,3,25,1,6.4351000000000003,0,0,1
room_open_c0_s0,3,26,1,6.3517000000000001,0,0,1
room_open_c0_s0,3,27,1,6.7095000000000002,0,0,1
room_open_c0_s0,3,28,1,6.5046999999999997,0,0,1
room_open_c0_s0,3,29,1,6.3807999999999998,0,0,1
room_open_c0_s0,3,30,1,6.7026000000000003,0,0,1
room_open_c0_s0,3,31,1,6.4702999999999999,0,0,1
room_open_c0_s0,3,32,1,6.3869999999999996,0,0,1
room_open_c0_s0,3,33,0,6.5880000000000001,0,0,1
room_open_c0_s0,3,34,0,6.4005999999999998,0,0,1
room_open_c0_s0,3,35,0,6.3769999999999998,0,0,1
room_open_c0_s0,3,36,0,6.5785,0,0,1
room_open_c0_s0,3,37,0,6.4368999999999996,0,0,1
room_open_c0_s0,3,38,0,6.4119999999999999,0,0,1
room_open_c0_s0,3,39,0,6.6094999999999997,0,0,1
room_open_c0_s0,3,40,0,6.3914999999999997,0,0,1
room_open_c0_s0,3,41,0,6.3764000000000003,0,0,1
room_open_c0_s0,3,42,0,6.5857000000000001,0,0,1
room_open_c0_s0,3,43,0,6.3472,0,0,1
room_open_c0_s0,3,44,0,6.3970000000000002,0,0,1
room_open_c0_s0,3,45,0,6.5808,0,0,1
room_open_c0_s0,3,46,0,6.3939000000000004,0,0,1
room_open_c0_s0,3,47,0,6.3685999999999998,0,0,1
room_open_c0_s0,3,48,0,6.5640000000000001,0,0,1
room_open_c0_s0,3,49,0,6.3757999999999999,0,0,1
room_open_c0_s0,3,50,0,6.3651,0,0,1
room_open_c0_s0,3,51,0,6.6524999999999999,0,0,1
room_open_c0_s0,3,52,0,6.4025999999999996,0,0,1
room_open_c0_s0,3,53,0,6.3428000000000004,0,0,1
room_open_c0_s0,3,54,0,6.5715000000000003,0,0,1
room_open_c0_s0,3,55,0,6.3769999999999998,0,0,1
room_open_c0_s0,3,56,0,6.3776000000000002,0,0,1
room_open_c0_s0,3,57,0,6.5946999999999996,0,0,1
room_open_c0_s0,3,58,0,6.3571,0,0,1
room_open_c0_s0,3,59,0,6.3776000000000002,0,0,1
room_open_c0_s0,3,60,0,6.4992999999999999,0,0,1
room_open_c0_s0,3,61,0,6.3594999999999997,0,0,1
room_open_c0_s0,3,62,0,6.3754,0,0,1
room_open_c0_s0,3,63,0,6.5613999999999999,0,0,1
room_open_c0_s0,3,64,0,6.3825000000000003,0,0,1
room_open_c0_s0,3,65,0,6.3445999999999998,0,0,1
room_open_c0_s0,3,66,0,6.5632000000000001,0,0,1
room_open_c0_s0,3,67,0,6.3639000000000001,0,0,1
room_open_c0_s0,3,68,0,6.3620999999999999,0,0,1
room_open_c0_s0,3,69,0,6.5206,0,0,1
room_open_c0_s0,3,70,0,6.3556999999999997,0,0,1
room_open_c0_s0,3,71,0,6.3593000000000002,0,0,1
room_open_c0_s0,3,72,0,6.4725000000000001,0,0,1
room_open_c0_s0,3,73,0,6.3596000000000004,0,0,1
room_open_c0_s0,3,74,0,6.3726000000000003,0,0,1
room_open_c0_s0,3,75,0,6.5724,0,0,1
room_open_c0_s0,3,76,0,6.3807999999999998,0,0,1
room_open_c0_s0,3,77,0,6.3574000000000002,0,0,1
room_open_c0_s0,3,78,0,6.5603999999999996,0,0,1
room_open_c0_s0,3,79,0,6.3768000000000002,0,0,1
room_open_c0_s0,3,80,0,6.3815,0,0,1
room_open_c0_s0,3,81,0,6.5598999999999998,0,0,1
room_open_c0_s0,3,82,0,6.3715000000000002,0,0,1
room_open_c0_s0,3,83,0,6.3394000000000004,0,0,1
room_open_c0_s0,3,84,0,6.5618999999999996,0,0,1
room_open_c0_s0,3,85,0,6.3567999999999998,0,0,1
room_open_c0_s0,3,86,0,6.3545999999999996,0,0,1
room_open_c0_s0,3,87,0,6.5959000000000003,0,0,1
room_open_c0_s0,3,88,0,6.3624000000000001,0,0,1
room_open_c0_s0,3,89,0,6.3623000000000003,0,0,1
room_open_c0_s0,3,90,0,6.5442999999999998,0,0,1
room_open_c0_s0,3,91,0,6.3718000000000004,0,0,1
room_open_c0_s0,3,92,0,6.3750999999999998,0,0,1
room_open_c0_s0,3,93,0,6.5500999999999996,0,0,1
room_open_c0_s0,3,94,0,6.3594999999999997,0,0,1
room_open_c0_s0,3,95,0,6.3615000000000004,0,0,1
room_open_c0_s0,3,96,0,6.3685999999999998,0,0,1
room_open_c0_s0,3,97,0,6.6048999999999998,0,0,1
room_open_c0_s0,3,98,0,6.4181999999999997,0,0,1
room_open_c0_s0,3,99,0,6.3753000000000002,0,0,1
room_open_c0_s0,3,100,0,6.3879000000000001,0,0,1
room_open_c0_s0,3,101,0,6.3822000000000001,0,0,1
room_open_c0_s0,3,102,0,6.3521999999999998,0,0,1
room_open_c0_s0,3,103,0,6.4813000000000001,0,0,1
room_open_c0_s0,3,104,0,6.3829000000000002,0,0,1
room_open_c0_s0,3,105,0,6.3456999999999999,0,0,1
room_open_c0_s0,3,106,0,6.6050000000000004,0,0,1
room_open_c0_s0,3,107,0,6.3605999999999998,0,0,1
room_open_c0_s0,3,108,0,6.3910999999999998,0,0,1
room_open_c0_s0,3,109,0,6.5365000000000002,0,0,1
room_open_c0_s0,3,110,0,6.3648999999999996,0,0,1
room_open_c0_s0,3,111,0,6.3764000000000003,0,0,1
room_open_c0_s0,3,112,0,6.5968999999999998,0,0,1
room_open_c0_s0,3,113,0,6.3823999999999996,0,0,1
room_open_c0_s0,3,114,0,6.3822000000000001,0,0,1
room_open_c0_s0,3,115,0,6.5625,0,0,1
room_open_c0_s0,3,116,0,6.3593000000000002,0,0,1
room_open_c0_s0,3,117,0,6.3585000000000003,0,0,1
room_open_c0_s0,3,118,0,6.5574000000000003,0,0,1
room_open_c0_s0,3,119,0,6.3875000000000002,0,0,1
room_open_c0_s0,3,120,0,6.3689999999999998,0,0,1
room_open_c0_s0,3,121,0,6.6734999999999998,0,0,1
room_open_c0_s0,3,122,0,6.3636999999999997,0,0,1
room_open_c0_s0,3,123,0,6.3837000000000002,0,0,1
room_open_c0_s0,3,124,0,6.5898000000000003,0,0,1
room_open_c0_s0,3,125,0,6.3627000000000002,0,0,1
room_open_c0_s0,3,126,0,6.3643999999999998,0,0,1
room_open_c0_s0,3,127,0,6.5789999999999997,0,0,1
room_open_c0_s0,3,128,0,6.3764000000000003,0,0,1
room_open_c0_s0,3,129,0,6.3592000000000004,0,0,1
room_open_c0_s0,3,130,0,6.6965000000000003,0,0,1
room_open_c0_s0,3,131,0,6.3350999999999997,0,0,1
room_open_c0_s0,3,132,0,6.3586999999999998,0,0,1
room_open_c0_s0,3,133,0,6.5938999999999997,0,0,1
room_open_c0_s0,3,134,0,6.3860999999999999,0,0,1
room_open_c0_s0,3,135,0,6.3789999999999996,0,0,1
room_open_c0_s0,3,136,0,6.5650000000000004,0,0,1
room_open_c0_s0,3,137,0,6.3581000000000003,0,0,1
room_open_c0_s0,3,138,0,6.3604000000000003,0,0,1
room_open_c0_s0,3,139,0,6.5750000000000002,0,0,1
room_open_c0_s0,3,140,0,6.3932000000000002,0,0,1
room_open_c0_s0,3,141,0,6.3647,0,0,1
room_open_c0_s0,3,142,0,6.5961999999999996,0,0,1
room_open_c0_s0,3,143,0,6.3780000000000001,0,0,1
room_open_c0_s0,3,144,0,6.3723999999999998,0,0,1
room_open_c0_s0,3,145,0,6.5057,0,0,1
room_open_c0_s0,3,146,0,6.3648999999999996,0,0,1
room_open_c0_s0,3,147,0,6.3681999999999999,0,0,1
room_open_c0_s0,3,148,0,6.6143000000000001,0,0,1
room_open_c0_s0,3,149,0,6.3520000000000003,0,0,1
room_open_c0_s0,3,150,0,6.3754999999999997,0,0,1
room_open_c0_s0,3,151,0,6.5888999999999998,0,0,1
room_open_c0_s0,3,152,0,6.3606999999999996,0,0,1
room_open_c0_s0,3,153,0,6.3653000000000004,0,0,1
room_open_c0_s0,3,154,0,6.5742000000000003,0,0,1
room_open_c0_s0,3,155,0,6.3922999999999996,0,0,1
room_open_c0_s0,3,156,0,6.3596000000000004,0,0,1
room_open_c0_s0,3,157,0,6.5567000000000002,0,0,1
room_open_c0_s0,3,158,0,6.3550000000000004,0,0,1
room_open_c0_s0,3,159,0,6.3781999999999996,0,0,1
room_open_c0_s0,3,160,0,6.5397999999999996,0,0,1
room_open_c0_s0,3,161,0,6.3821000000000003,0,0,1
room_open_c0_s0,3,162,0,6.3888999999999996,0,0,1
room_open_c0_s0,3,163,0,6.5716999999999999,0,0,1
room_open_c0_s0,3,164,0,6.3598999999999997,0,0,1
room_open_c0_s0,3,165,0,6.3613999999999997,0,0,1
room_open_c0_s0,3,166,0,6.5670000000000002,0,0,1
room_open_c0_s0,3,167,0,6.3895,0,0,1
room_open_c0_s0,3,168,0,6.3971999999999998,0,0,1
room_open_c0_s0,3,169,0,6.6477000000000004,0,0,1
room_open_c0_s0,3,170,0,6.3689999999999998,0,0,1
room_open_c0_s0,3,171,0,6.3349000000000002,0,0,1
room_open_c0_s0,3,172,0,6.5784000000000002,0,0,1
room_open_c0_s0,3,173,0,6.3807999999999998,0,0,1
room_open_c0_s0,3,174,0,6.3779000000000003,0,0,1
room_open_c0_s0,3,175,0,6.5922999999999998,0,0,1
room_open_c0_s0,3,176,0,6.3586999999999998,0,0,1
room_open_c0_s0,3,177,0,6.3781999999999996,0,0,1
room_open_c0_s0,3,178,0,6.6054000000000004,0,0,1
room_open_c0_s0,3,179,0,6.3460000000000001,0,0,1
room_open_c0_s0,3,180,0,6.3863000000000003,0,0,1
room_open_c0_s0,3,181,0,6.5636999999999999,0,0,1
room_open_c0_s0,3,182,0,6.3753000000000002,0,0,1
room_open_c0_s0,3,183,0,6.3392999999999997,0,0,1
room_open_c0_s0,3,184,0,6.5936000000000003,0,0,1
room_open_c0_s0,3,185,0,6.3791000000000002,0,0,1
room_open_c0_s0,3,186,0,6.3666,0,0,1
room_open_c0_s0,3,187,0,6.6473000000000004,0,0,1
room_open_c0_s0,3,188,0,6.3632,0,0,1
room_open_c0_s0,3,189,0,6.3699000000000003,0,0,1
room_open_c0_s0,3,190,0,6.5727000000000002,0,0,1
room_open_c0_s0,3,191,0,6.3605999999999998,0,0,1
room_open_c0_s0,3,192,0,6.3826999999999998,0,0,1
room_open_c0_s0,3,193,0,6.5956000000000001,0,0,1
room_open_c0_s0,3,194,0,6.3829000000000002,0,0,1
room_open_c0_s0,3,195,0,6.3620999999999999,0,0,1
room_open_c0_s0,3,196,0,6.5892999999999997,0,0,1
room_open_c0_s0,3,197,0,6.3860000000000001,0,0,1
room_open_c0_s0,3,198,0,6.3682999999999996,0,0,1
room_open_c0_s0,3,199,0,6.6037999999999997,0,0,1
room_open_c0_s0,3,200,0,6.3735999999999997,0,0,1
room_open_c0_s0,3,201,0,6.3506,0,0,1
room_open_c0_s0,3,202,0,6.5899999999999999,0,0,1
room_open_c0_s0,3,203,0,6.3632999999999997,0,0,1
room_open_c0_s0,3,204,0,6.3682999999999996,0,0,1
room_open_c0_s0,3,205,0,6.5412999999999997,0,0,1
room_open_c0_s0,3,206,0,6.3742000000000001,0,0,1
room_open_c0_s0,3,207,0,6.3502999999999998,0,0,1
room_open_c0_s0,3,208,0,6.5296000000000003,0,0,1
room_open_c0_s0,3,209,0,6.3906000000000001,0,0,1
room_open_c0_s0,3,210,0,6.3651,0,0,1
room_open_c0_s0,3,211,0,6.6064999999999996,0,0,1
room_open_c0_s0,3,212,0,6.3338000000000001,0,0,1
room_open_c0_s0,3,213,0,6.4652000000000003,0,0,1
room_open_c0_s0,3,214,0,6.7605000000000004,0,0,1
room_open_c0_s0,3,215,0,6.3818000000000001,0,0,1
room_open_c0_s0,3,216,0,6.3738999999999999,0,0,1
room_open_c0_s0,3,217,0,6.5884,0,0,1
room_open_c0_s0,3,218,0,6.3615000000000004,0,0,1
room_open_c0_s0,3,219,0,6.3701999999999996,0,0,1
room_open_c0_s0,3,220,0,6.6913999999999998,0,0,1
room_open_c0_s0,3,221,0,6.3776999999999999,0,0,1
room_open_c0_s0,3,222,0,6.3601999999999999,0,0,1
room_open_c0_s0,3,223,0,6.5811999999999999,0,0,1
room_open_c0_s0,3,224,0,6.3691000000000004,0,0,1
room_open_c0_s0,3,225,0,6.3531000000000004,0,0,1
room_open_c0_s0,3,226,0,6.6081000000000003,0,0,1
room_open_c0_s0,3,227,0,6.3460999999999999,0,0,1
room_open_c0_s0,3,228,0,6.3583999999999996,0,0,1
room_open_c0_s0,3,229,0,6.5762,0,0,1
room_open_c0_s0,3,230,0,6.3563000000000001,0,0,1
room_open_c0_s0,3,231,0,6.3639999999999999,0,0,1
room_open_c0_s0,3,232,0,6.5857000000000001,0,0,1
room_open_c0_s0,3,233,0,6.3662999999999998,0,0,1
room_open_c0_s0,3,234,0,6.3765999999999998,0,0,1
room_open_c0_s0,3,235,0,6.5547000000000004,0,0,1
room_open_c0_s0,3,236,0,6.3432000000000004,0,0,1
room_open_c0_s0,3,237,0,6.3624999999999998,0,0,1
room_open_c0_s0,3,238,0,6.5595999999999997,0,0,1
room_open_c0_s0,3,239,0,6.3703000000000003,0,0,1
room_open_c0_s0,3,240,0,6.3712,0,0,1
room_open_c0_s0,3,241,0,6.5940000000000003,0,0,1
room_open_c0_s0,3,242,0,6.3601999999999999,0,0,1
room_open_c0_s0,3,243,0,6.3806000000000003,0,0,1
room_open_c0_s0,3,244,0,6.5679999999999996,0,0,1
room_open_c0_s0,3,245,0,6.3529,0,0,1
room_open_c0_s0,3,246,0,6.3666999999999998,0,0,1
room_open_c0_s0,3,247,0,6.5796000000000001,0,0,1
room_open_c0_s0,3,248,0,6.3734999999999999,0,0,1
room_open_c0_s0,3,249,0,6.3396999999999997,0,0,1
room_open_c0_s0,3,250,0,6.5591999999999997,0,0,1
room_open_c0_s0,3,251,0,6.3596000000000004,0,0,1
room_open_c0_s0,3,252,0,6.3846999999999996,0,0,1
room_open_c0_s0,3,253,0,6.5891999999999999,0,0,1
room_open_c0_s0,3,254,0,6.3639000000000001,0,0,1
room_open_c0_s0,3,255,0,6.4062999999999999,0,0,1
room_open_c0_s0,3,256,0,6.6001000000000003,0,0,1
room_open_c0_s0,3,257,0,6.3548999999999998,0,0,1
room_open_c0_s0,3,258,0,6.3308999999999997,0,0,1
room_open_c0_s0,3,259,0,6.5610999999999997,0,0,1
room_open_c0_s0,3,260,0,6.3647,0,0,1
room_open_c0_s0,3,261,0,6.3673999999999999,0,0,1
room_open_c0_s0,3,262,0,6.5735999999999999,0,0,1
room_open_c0_s0,3,263,0,6.3666999999999998,0,0,1
room_open_c0_s0,3,264,0,6.3887999999999998,0,0,1
room_open_c0_s0,3,265,0,6.5529999999999999,0,0,1
room_open_c0_s0,3,266,0,6.3697999999999997,0,0,1
room_open_c0_s0,3,267,0,6.3853999999999997,0,0,1
room_open_c0_s0,3,268,0,6.5983000000000001,0,0,1
room_open_c0_s0,3,269,0,6.3742000000000001,0,0,1
room_open_c0_s0,3,270,0,6.3525,0,0,1
room_open_c0_s0,3,271,0,6.5407999999999999,0,0,1
room_open_c0_s0,3,272,0,6.4104000000000001,0,0,1
room_open_c0_s0,3,273,0,6.3451000000000004,0,0,1
room_open_c0_s0,3,274,0,6.6035000000000004,0,0,1
room_open_c0_s0,3,275,0,6.3399999999999999,0,0,1
room_open_c0_s0,3,276,0,6.3544,0,0,1
room_open_c0_s0,3,277,0,6.4958999999999998,0,0,1
room_open_c0_s0,3,278,0,6.3654000000000002,0,0,1
room_open_c0_s0,3,279,0,6.3811999999999998,0,0,1
room_open_c0_s0,3,280,0,6.6737000000000002,0,0,1
room_open_c0_s0,3,281,0,6.3556999999999997,0,0,1
room_open_c0_s0,3,282,0,6.3726000000000003,0,0,1
room_open_c0_s0,3,283,0,6.5643000000000002,0,0,1
room_open_c0_s0,3,284,0,6.3768000000000002,0,0,1
room_open_c0_s0,3,285,0,6.3788999999999998,0,0,1
room_open_c0_s0,3,286,0,6.5875000000000004,0,0,1
room_open_c0_s0,3,287,0,6.3855000000000004,0,0,1
room_open_c0_s0,3,288,0,6.3585000000000003,0,0,1
room_open_c0_s1,3,1,1,20.699300000000001,1,0,1
room_open_c0_s1,3,2,1,20.710100000000001,1,0,1
room_open_c0_s1,3,3,1,20.007999999999999,1,0,1
room_open_c0_s1,3,4,1,20.1675,1,0,1
room_open_c0_s1,3,5,1,19.645399999999999,1,0,1
room_open_c0_s1,3,6,1,19.688300000000002,1,0,1
room_open_c0_s1,3,7,1,19.847000000000001,1,0,1
room_open_c0_s1,3,8,1,20.020299999999999,1,0,1
room_open_c0_s1,3,9,1,19.870699999999999,1,0,1
room_open_c0_s1,3,10,1,20.1005,1,0,1
room_open_c0_s1,3,11,1,19.976600000000001,1,0,1
room_open_c0_s1,3,12,1,20.048999999999999,1,0,1
room_open_c0_s1,3,13,1,19.936199999999999,1,0,1
room_open_c0_s1,3,14,1,19.611699999999999,1,0,1
room_open_c0_s1,3,15,1,18.5566,1,0,1
room_open_c0_s1,3,16,1,18.7974,1,0,1
room_open_c0_s1,3,17,1,18.264299999999999,1,0,1
room_open_c0_s1,3,18,1,18.3782,1,0,1
room_open_c0_s1,3,19,1,18.918399999999998,1,0,1
room_open_c0_s1,3,20,1,18.641300000000001,1,0,1
room_open_c0_s1,3,21,1,18.5441,1,0,1
room_open_c0_s1,3,22,1,18.8443,1,0,1
room_open_c0_s1,3,23,1,18.317900000000002,1,0,1
room_open_c0_s1,3,24,1,18.598199999999999,1,0,1
room_open_c0_s1,3,25,1,19.1267,1,0,1
room_open_c0_s1,3,26,1,18.584199999999999,1,0,1
room_open_c0_s1,3,27,1,18.630800000000001,1,0,1
room_open_c0_s1,3,28,1,18.573799999999999,1,0,1
room_open_c0_s1,3,29,1,18.333400000000001,1,0,1
room_open_c0_s1,3,30,1,18.368300000000001,1,0,1
room_open_c0_s1,3,31,1,18.7851,1,0,1
room_open_c0_s1,3,32,1,18.448499999999999,1,0,1
room_open_c0_s1,3,33,0,19.026599999999998,1,0,1
room_open_c0_s1,3,34,0,18.555700000000002,1,0,1
room_open_c0_s1,3,35,0,18.290600000000001,1,0,1
room_open_c0_s1,3,36,0,18.408999999999999,1,0,1
room_open_c0_s1,3,37,0,18.486499999999999,1,0,1
room_open_c0_s1,3,38,0,18.607700000000001,1,0,1
room_open_c0_s1,3,39,0,18.357199999999999,1,0,1
room_open_c0_s1,3,40,0,18.686499999999999,1,0,1
room_open_c0_s1,3,41,0,18.356999999999999,1,0,1
room_open_c0_s1,3,42,0,18.319900000000001,1,0,1
room_open_c0_s1,3,43,0,18.3903,1,0,1
room_open_c0_s1,3,44,0,18.649899999999999,1,0,1
room_open_c0_s1,3,45,0,18.4619,1,0,1
room_open_c0_s1,3,46,0,18.586400000000001,1,0,1
room_open_c0_s1,3,47,0,18.366800000000001,1,0,1
room_open_c0_s1,3,48,0,18.586200000000002,1,0,1
room_open_c0_s1,3,49,0,18.539999999999999,1,0,1
room_open_c0_s1,3,50,0,18.507400000000001,1,0,1
room_open_c0_s1,3,51,0,18.5669,1,0,1
room_open_c0_s1,3,52,0,18.625399999999999,1,0,1
room_open_c0_s1,3,53,0,18.645,1,0,1
room_open_c0_s1,3,54,0,18.4923,1,0,1
room_open_c0_s1,3,55,0,18.6554,1,0,1
room_open_c0_s1,3,56,0,18.8139,1,0,1
room_open_c0_s1,3,57,0,18.759599999999999,1,0,1
room_open_c0_s1,3,58,0,18.732700000000001,1,0,1
room_open_c0_s1,3,59,0,18.995999999999999,1,0,1
room_open_c0_s1,3,60,0,18.585100000000001,1,0,1
room_open_c0_s1,3,61,0,18.866599999999998,1,0,1
room_open_c0_s1,3,62,0,18.756799999999998,1,0,1
room_open_c0_s1,3,63,0,18.915400000000002,1,0,1
room_open_c0_s1,3,64,0,18.7103,1,0,1
room_open_c0_s1,3,65,0,18.662600000000001,1,0,1
room_open_c0_s1,3,66,0,18.573799999999999,1,0,1
room_open_c0_s1,3,67,0,18.796800000000001,1,0,1
room_open_c0_s1,3,68,0,18.8035,1,0,1
room_open_c0_s1,3,69,0,18.467500000000001,1,0,1
room_open_c0_s1,3,70,0,18.3249,1,0,1
room_open_c0_s1,3,71,0,18.636900000000001,1,0,1
room_open_c0_s1,3,72,0,18.411200000000001,1,0,1
room_open_c0_s1,3,73,0,18.415400000000002,1,0,1
room_open_c0_s1,3,74,0,18.4697,1,0,1
room_open_c0_s1,3,75,0,18.686800000000002,1,0,1
room_open_c0_s1,3,76,0,18.687999999999999,1,0,1
room_open_c0_s1,3,77,0,18.314,1,0,1
room_open_c0_s1,3,78,0,18.357800000000001,1,0,1
room_open_c0_s1,3,79,0,18.389900000000001,1,0,1
room_open_c0_s1,3,80,0,18.798400000000001,1,0,1
room_open_c0_s1,3,81,0,18.5139,1,0,1
room_open_c0_s1,3,82,0,18.483799999999999,1,0,1
room_open_c0_s1,3,83,0,18.422999999999998,1,0,1
room_open_c0_s1,3,84,0,18.3202,1,0,1
room_open_c0_s1,3,85,0,18.3796,1,0,1
room_open_c0_s1,3,86,0,18.275600000000001,1,0,1
room_open_c0_s1,3,87,0,18.223299999999998,1,0,1
room_open_c0_s1,3,88,0,18.5764,1,0,1
room_open_c0_s1,3,89,0,18.3843,1,0,1
room_open_c0_s1,3,90,0,18.258500000000002,1,0,1
room_open_c0_s1,3,91,0,19.018000000000001,1,0,1
room_open_c0_s1,3,92,0,18.432099999999998,1,0,1
room_open_c0_s1,3,93,0,18.572800000000001,1,0,1
room_open_c0_s1,3,94,0,18.285,1,0,1
room_open_c0_s1,3,95,0,18.4438,1,0,1
room_open_c0_s1,3,96,0,18.378599999999999,1,0,1
room_open_c0_s1,3,97,0,18.3979,1,0,1
room_open_c0_s1,3,98,0,18.426100000000002,1,0,1
room_open_c0_s1,3,99,0,18.677,1,0,1
room_open_c0_s1,3,100,0,18.908799999999999,1,0,1
room_open_c0_s1,3,101,0,18.5839,1,0,1
room_open_c0_s1,3,102,0,18.339300000000001,1,0,1
room_open_c0_s1,3,103,0,18.539200000000001,1,0,1
room_open_c0_s1,3,104,0,18.656500000000001,1,0,1
room_open_c0_s1,3,105,0,18.397400000000001,1,0,1
room_open_c0_s1,3,106,0,18.346399999999999,1,0,1
room_open_c0_s1,3,107,0,18.522200000000002,1,0,1
room_open_c0_s1,3,108,0,18.368400000000001,1,0,1
room_open_c0_s1,3,109,0,18.2302,1,0,1
room_open_c0_s1,3,110,0,18.664000000000001,1,0,1
room_open_c0_s1,3,111,0,18.2578,1,0,1
room_open_c0_s1,3,112,0,18.324000000000002,1,0,1
room_open_c0_s1,3,113,0,18.637899999999998,1,0,1
room_open_c0_s1,3,114,0,18.557300000000001,1,0,1
room_open_c0_s1,3,115,0,18.558800000000002,1,0,1
room_open_c0_s1,3,116,0,18.701699999999999,1,0,1
room_open_c0_s1,3,117,0,18.480799999999999,1,0,1
room_open_c0_s1,3,118,0,18.374099999999999,1,0,1
room_open_c0_s1,3,119,0,18.808599999999998,1,0,1
room_open_c0_s1,3,120,0,18.2666,1,0,1
room_open_c0_s1,3,121,0,18.548300000000001,1,0,1
room_open_c0_s1,3,122,0,18.500800000000002,1,0,1
room_open_c0_s1,3,123,0,18.284199999999998,1,0,1
room_open_c0_s1,3,124,0,18.402699999999999,1,0,1
room_open_c0_s1,3,125,0,18.386700000000001,1,0,1
room_open_c0_s1,3,126,0,18.341999999999999,1,0,1
room_open_c0_s1,3,127,0,18.417300000000001,1,0,1
room_open_c0_s1,3,128,0,18.661999999999999,1,0,1
room_open_c0_s1,3,129,0,18.207999999999998,1,0,1
room_open_c0_s1,3,130,0,18.302499999999998,1,0,1
room_open_c0_s1,3,131,0,18.5015,1,0,1
room_open_c0_s1,3,132,0,18.517800000000001,1,0,1
room_open_c0_s1,3,133,0,18.354500000000002,1,0,1
room_open_c0_s1,3,134,0,18.459800000000001,1,0,1
room_open_c0_s1,3,135,0,18.545300000000001,1,0,1
room_open_c0_s1,3,136,0,18.670000000000002,1,0,1
room_open_c0_s1,3,137,0,18.5823,1,0,1
room_open_c0_s1,3,138,0,18.3568,1,0,1
room_open_c0_s1,3,139,0,18.2712,1,0,1
room_open_c0_s1,3,140,0,18.481999999999999,1,0,1
room_open_c0_s1,3,141,0,18.397500000000001,1,0,1
room_open_c0_s1,3,142,0,18.195399999999999,1,0,1
room_open_c0_s1,3,143,0,18.510200000000001,1,0,1
room_open_c0_s1,3,144,0,18.394200000000001,1,0,1
room_open_c0_s1,3,145,0,18.411799999999999,1,0,1
room_open_c0_s1,3,146,0,18.3996,1,0,1
room_open_c0_s1,3,147,0,18.558499999999999,1,0,1
room_open_c0_s1,3,148,0,18.433900000000001,1,0,1
room_open_c0_s1,3,149,0,18.5472,1,0,1
room_open_c0_s1,3,150,0,18.360700000000001,1,0,1
room_open_c0_s1,3,151,0,18.387899999999998,1,0,1
room_open_c0_s1,3,152,0,18.356300000000001,1,0,1
room_open_c0_s1,3,153,0,18.5047,1,0,1
room_open_c0_s1,3,154,0,18.389900000000001,1,0,1
room_open_c0_s1,3,155,0,18.344999999999999,1,0,1
room_open_c0_s1,3,156,0,18.386299999999999,1,0,1
room_open_c0_s1,3,157,0,18.182400000000001,1,0,1
room_open_c0_s1,3,158,0,18.6511,1,0,1
room_open_c0_s1,3,159,0,18.404199999999999,1,0,1
room_open_c0_s1,3,160,0,18.532,1,0,1
room_open_c0_s1,3,161,0,18.782399999999999,1,0,1
room_open_c0_s1,3,162,0,18.3735,1,0,1
room_open_c0_s1,3,163,0,18.457599999999999,1,0,1
room_open_c0_s1,3,164,0,18.537400000000002,1,0,1
room_open_c0_s1,3,165,0,18.390599999999999,1,0,1
room_open_c0_s1,3,166,0,18.447299999999998,1,0,1
room_open_c0_s1,3,167,0,19.621200000000002,1,0,1
room_open_c0_s1,3,168,0,18.4133,1,0,1
room_open_c0_s1,3,169,0,18.250499999999999,1,0,1
room_open_c0_s1,3,170,0,18.444600000000001,1,0,1
room_open_c0_s1,3,171,0,18.380199999999999,1,0,1
room_open_c0_s1,3,172,0,18.4314,1,0,1
room_open_c0_s1,3,173,0,18.7318,1,0,1
room_open_c0_s1,3,174,0,18.526900000000001,1,0,1
room_open_c0_s1,3,175,0,18.452500000000001,1,0,1
room_open_c0_s1,3,176,0,18.450099999999999,1,0,1
room_open_c0_s1,3,177,0,18.5883,1,0,1
room_open_c0_s1,3,178,0,18.3489,1,0,1
room_open_c0_s1,3,179,0,18.488900000000001,1,0,1
room_open_c0_s1,3,180,0,18.350899999999999,1,0,1
room_open_c0_s1,3,181,0,18.315300000000001,1,0,1
room_open_c0_s1,3,182,0,18.491800000000001,1,0,1
room_open_c0_s1,3,183,0,18.302099999999999,1,0,1
room_open_c0_s1,3,184,0,18.163499999999999,1,0,1
room_open_c0_s1,3,185,0,18.697800000000001,1,0,1
room_open_c0_s1,3,186,0,18.2575,1,0,1
room_open_c0_s1,3,187,0,18.252199999999998,1,0,1
room_open_c0_s1,3,188,0,18.5289,1,0,1
room_open_c0_s1,3,189,0,18.622699999999998,1,0,1
room_open_c0_s1,3,190,0,18.325199999999999,1,0,1
room_open_c0_s1,3,191,0,18.697800000000001,1,0,1
room_open_c0_s1,3,192,0,18.5594,1,0,1
room_open_c0_s1,3,193,0,18.520499999999998,1,0,1
room_open_c0_s1,3,194,0,18.582000000000001,1,0,1
room_open_c0_s1,3,195,0,18.287800000000001,1,0,1
room_open_c0_s1,3,196,0,18.3904,1,0,1
room_open_c0_s1,3,197,0,18.458200000000001,1,0,1
room_open_c0_s1,3,198,0,18.177700000000002,1,0,1
room_open_c0_s1,3,199,0,18.346499999999999,1,0,1
room_open_c0_s1,3,200,0,18.4544,1,0,1
room_open_c0_s1,3,201,0,18.308399999999999,1,0,1
room_open_c0_s1,3,202,0,19.420400000000001,1,0,1
room_open_c0_s1,3,203,0,18.6493,1,0,1
room_open_c0_s1,3,204,0,18.3644,1,0,1
room_open_c0_s1,3,205,0,18.3477,1,0,1
room_open_c0_s1,3,206,0,18.527899999999999,1,0,1
room_open_c0_s1,3,207,0,18.591999999999999,1,0,1
room_open_c0_s1,3,208,0,18.977799999999998,1,0,1
room_open_c0_s1,3,209,0,18.581399999999999,1,0,1
room_open_c0_s1,3,210,0,18.292300000000001,1,0,1
room_open_c0_s1,3,211,0,18.223600000000001,1,0,1
room_open_c0_s1,3,212,0,18.4726,1,0,1
room_open_c0_s1,3,213,0,18.358000000000001,1,0,1
room_open_c0_s1,3,214,0,18.723500000000001,1,0,1
room_open_c0_s1,3,215,0,18.834900000000001,1,0,1
room_open_c0_s1,3,216,0,18.488199999999999,1,0,1
room_open_c0_s1,3,217,0,18.575199999999999,1,0,1
room_open_c0_s1,3,218,0,18.997499999999999,1,0,1
room_open_c0_s1,3,219,0,18.703800000000001,1,0,1
room_open_c0_s1,3,220,0,18.602,1,0,1
room_open_c0_s1,3,221,0,18.673300000000001,1,0,1
room_open_c0_s1,3,222,0,18.482099999999999,1,0,1
room_open_c0_s1,3,223,0,18.4223,1,0,1
room_open_c0_s1,3,224,0,19.162299999999998,1,0,1
room_open_c0_s1,3,225,0,19.1037,1,0,1
room_open_c0_s1,3,226,0,19.271000000000001,1,0,1
room_open_c0_s1,3,227,0,18.889700000000001,1,0,1
room_open_c0_s1,3,228,0,18.675000000000001,1,0,1
room_open_c0_s1,3,229,0,18.815000000000001,1,0,1
room_open_c0_s1,3,230,0,18.5763,1,0,1
room_open_c0_s1,3,231,0,18.397300000000001,1,0,1
room_open_c0_s1,3,232,0,18.523499999999999,1,0,1
room_open_c0_s1,3,233,0,18.335999999999999,1,0,1
room_open_c0_s1,3,234,0,18.524100000000001,1,0,1
room_open_c0_s1,3,235,0,18.601400000000002,1,0,1
room_open_c0_s1,3,236,0,18.180800000000001,1,0,1
room_open_c0_s1,3,237,0,18.476700000000001,1,0,1
room_open_c0_s1,3,238,0,18.638999999999999,1,0,1
room_open_c0_s1,3,239,0,18.450199999999999,1,0,1
room_open_c0_s1,3,240,0,18.488199999999999,1,0,1
room_open_c0_s1,3,241,0,18.587700000000002,1,0,1
room_open_c0_s1,3,242,0,18.417000000000002,1,0,1
room_open_c0_s1,3,243,0,18.235199999999999,1,0,1
room_open_c0_s1,3,244,0,18.576000000000001,1,0,1
room_open_c0_s1,3,245,0,18.3444,1,0,1
room_open_c0_s1,3,246,0,18.550599999999999,1,0,1
room_open_c0_s1,3,247,0,18.442299999999999,1,0,1
room_open_c0_s1,3,248,0,18.620200000000001,1,0,1
room_open_c0_s1,3,249,0,18.666,1,0,1
room_open_c0_s1,3,250,0,18.604900000000001,1,0,1
room_open_c0_s1,3,251,0,18.249400000000001,1,0,1
room_open_c0_s1,3,252,0,18.2822,1,0,1
room_open_c0_s1,3,253,0,18.553699999999999,1,0,1
room_open_c0_s1,3,254,0,18.4361,1,0,1
room_open_c0_s1,3,255,0,18.853400000000001,1,0,1
room_open_c0_s1,3,256,0,18.565999999999999,1,0,1
room_open_c0_s1,3,257,0,18.313500000000001,1,0,1
room_open_c0_s1,3,258,0,18.357800000000001,1,0,1
room_open_c0_s1,3,259,0,18.462399999999999,1,0,1
room_open_c0_s1,3,260,0,18.441400000000002,1,0,1
room_open_c0_s1,3,261,0,18.3094,1,0,1
room_open_c0_s1,3,262,0,18.451000000000001,1,0,1
room_open_c0_s1,3,263,0,18.4267,1,0,1
room_open_c0_s1,3,264,0,18.441600000000001,1,0,1
room_open_c0_s1,3,265,0,18.400099999999998,1,0,1
room_open_c0_s1,3,266,0,18.536000000000001,1,0,1
room_open_c0_s1,3,267,0,18.373899999999999,1,0,1
room_open_c0_s1,3,268,0,18.288399999999999,1,0,1
room_open_c0_s1,3,269,0,18.448,1,0,1
room_open_c0_s1,3,270,0,18.571400000000001,1,0,1
room_open_c0_s1,3,271,0,18.561800000000002,1,0,1
room_open_c0_s1,3,272,0,18.4636,1,0,1
room_open_c0_s1,3,273,0,18.523800000000001,1,0,1
room_open_c0_s1,3,274,0,18.4895,1,0,1
room_open_c0_s1,3,275,0,18.331299999999999,1,0,1
room_open_c0_s1,3,276,0,18.290299999999998,1,0,1
room_open_c0_s1,3,277,0,18.234100000000002,1,0,1
room_open_c0_s1,3,278,0,18.410900000000002,1,0,1
room_open_c0_s1,3,279,0,18.570399999999999,1,0,1
room_open_c0_s1,3,280,0,18.542400000000001,1,0,1
room_open_c0_s1,3,281,0,18.5718,1,0,1
room_open_c0_s1,3,282,0,18.472300000000001,1,0,1
room_open_c0_s1,3,283,0,18.970600000000001,1,0,1
room_open_c0_s1,3,284,0,18.5791,1,0,1
room_open_c0_s1,3,285,0,18.566700000000001,1,0,1
room_open_c0_s1,3,286,0,18.390000000000001,1,0,1
room_open_c0_s1,3,287,0,18.335999999999999,1,0,1
room_open_c0_s1,3,288,0,18.659199999999998,1,0,1
room_open_c1_s0,3,1,1,11.4422,0,1,1
room_open_c1_s0,3,2,1,11.2532,0,1,1
room_open_c1_s0,3,3,1,10.409800000000001,0,1,1
room_open_c1_s0,3,4,1,10.622,0,1,1
room_open_c1_s0,3,5,1,10.5579,0,1,1
room_open_c1_s0,3,6,1,10.8086,0,1,1
room_open_c1_s0,3,7,1,10.4512,0,1,1
room_open_c1_s0,3,8,1,10.7403,0,1,1
room_open_c1_s0,3,9,1,10.9406,0,1,1
room_open_c1_s0,3,10,1,10.687799999999999,0,1,1
room_open_c1_s0,3,11,1,10.4312,0,1,1
room_open_c1_s0,3,12,1,10.747299999999999,0,1,1
room_open_c1_s0,3,13,1,10.534000000000001,0,1,1
room_open_c1_s0,3,14,1,10.5876,0,1,1
room_open_c1_s0,3,15,1,10.8489,0,1,1
room_open_c1_s0,3,16,1,10.5008,0,1,1
room_open_c1_s0,3,17,1,10.7217,0,1,1
room_open_c1_s0,3,18,1,10.763199999999999,0,1,1
room_open_c1_s0,3,19,1,10.4039,0,1,1
room_open_c1_s0,3,20,1,10.886200000000001,0,1,1
room_open_c1_s0,3,21,1,10.6326,0,1,1
room_open_c1_s0,3,22,1,10.6591,0,1,1
room_open_c1_s0,3,23,1,10.827999999999999,0,1,1
room_open_c1_s0,3,24,1,10.518000000000001,0,1,1
room_open_c1_s0,3,25,1,10.5878,0,1,1
room_open_c1_s0,3,26,1,10.620200000000001,0,1,1
room_open_c1_s0,3,27,1,10.449199999999999,0,1,1
room_open_c1_s0,3,28,1,11.0548,0,1,1
room_open_c1_s0,3,29,1,10.6904,0,1,1
room_open_c1_s0,3,30,1,10.540800000000001,0,1,1
room_open_c1_s0,3,31,1,10.5481,0,1,1
room_open_c1_s0,3,32,1,10.695,0,1,1
room_open_c1_s0,3,33,0,10.5892,0,1,1
room_open_c1_s0,3,34,0,10.537000000000001,0,1,1
room_open_c1_s0,3,35,0,10.811999999999999,0,1,1
room_open_c1_s0,3,36,0,10.652200000000001,0,1,1
room_open_c1_s0,3,37,0,10.5518,0,1,1
room_open_c1_s0,3,38,0,10.644500000000001,0,1,1
room_open_c1_s0,3,39,0,10.4887,0,1,1
room_open_c1_s0,3,40,0,10.453099999999999,0,1,1
room_open_c1_s0,3,41,0,10.4727,0,1,1
room_open_c1_s0,3,42,0,10.363799999999999,0,1,1
room_open_c1_s0,3,43,0,10.4053,0,1,1
room_open_c1_s0,3,44,0,10.6061,0,1,1
room_open_c1_s0,3,45,0,10.801399999999999,0,1,1
room_open_c1_s0,3,46,0,10.646800000000001,0,1,1
room_open_c1_s0,3,47,0,10.545400000000001,0,1,1
room_open_c1_s0,3,48,0,10.5007,0,1,1
room_open_c1_s0,3,49,0,10.7523,0,1,1
room_open_c1_s0,3,50,0,10.799899999999999,0,1,1
room_open_c1_s0,3,51,0,10.871499999999999,0,1,1
room_open_c1_s0,3,52,0,11.4199,0,1,1
room_open_c1_s0,3,53,0,10.653,0,1,1
room_open_c1_s0,3,54,0,10.8073,0,1,1
room_open_c1_s0,3,55,0,10.5501,0,1,1
room_open_c1_s0,3,56,0,10.5341,0,1,1
room_open_c1_s0,3,57,0,10.7003,0,1,1
room_open_c1_s0,3,58,0,10.8597,0,1,1
room_open_c1_s0,3,59,0,11.161899999999999,0,1,1
room_open_c1_s0,3,60,0,11.8338,0,1,1
room_open_c1_s0,3,61,0,10.8896,0,1,1
room_open_c1_s0,3,62,0,10.853400000000001,0,1,1
room_open_c1_s0,3,63,0,11.261200000000001,0,1,1
room_open_c1_s0,3,64,0,11.282400000000001,0,1,1
room_open_c1_s0,3,65,0,11.164,0,1,1
room_open_c1_s0,3,66,0,10.722799999999999,0,1,1
room_open_c1_s0,3,67,0,10.678800000000001,0,1,1
room_open_c1_s0,3,68,0,10.763500000000001,0,1,1
room_open_c1_s0,3,69,0,10.619,0,1,1
room_open_c1_s0,3,70,0,10.5982,0,1,1
room_open_c1_s0,3,71,0,10.5562,0,1,1
room_open_c1_s0,3,72,0,10.301600000000001,0,1,1
room_open_c1_s0,3,73,0,10.4392,0,1,1
room_open_c1_s0,3,74,0,10.353899999999999,0,1,1
room_open_c1_s0,3,75,0,10.633699999999999,0,1,1
room_open_c1_s0,3,76,0,10.4552,0,1,1
room_open_c1_s0,3,77,0,10.9475,0,1,1
room_open_c1_s0,3,78,0,10.871600000000001,0,1,1
room_open_c1_s0,3,79,0,10.4282,0,1,1
room_open_c1_s0,3,80,0,10.8939,0,1,1
room_open_c1_s0,3,81,0,10.4809,0,1,1
room_open_c1_s0,3,82,0,10.707100000000001,0,1,1
room_open_c1_s0,3,83,0,10.9092,0,1,1
room_open_c1_s0,3,84,0,10.760999999999999,0,1,1
room_open_c1_s0,3,85,0,10.840299999999999,0,1,1
room_open_c1_s0,3,86,0,11.028,0,1,1
room_open_c1_s0,3,87,0,10.6473,0,1,1
room_open_c1_s0,3,88,0,10.492699999999999,0,1,1
room_open_c1_s0,3,89,0,10.763400000000001,0,1,1
room_open_c1_s0,3,90,0,10.429,0,1,1
room_open_c1_s0,3,91,0,10.710800000000001,0,1,1
room_open_c1_s0,3,92,0,10.8428,0,1,1
room_open_c1_s0,3,93,0,10.633800000000001,0,1,1
room_open_c1_s0,3,94,0,10.7553,0,1,1
room_open_c1_s0,3,95,0,10.711399999999999,0,1,1
room_open_c1_s0,3,96,0,10.706200000000001,0,1,1
room_open_c1_s0,3,97,0,10.679,0,1,1
room_open_c1_s0,3,98,0,10.5296,0,1,1
room_open_c1_s0,3,99,0,10.7644,0,1,1
room_open_c1_s0,3,100,0,10.593400000000001,0,1,1
room_open_c1_s0,3,101,0,10.706899999999999,0,1,1
room_open_c1_s0,3,102,0,10.6031,0,1,1
room_open_c1_s0,3,103,0,10.6884,0,1,1
room_open_c1_s0,3,104,0,10.718999999999999,0,1,1
room_open_c1_s0,3,105,0,10.851599999999999,0,1,1
room_open_c1_s0,3,106,0,10.473599999999999,0,1,1
room_open_c1_s0,3,107,0,10.5054,0,1,1
room_open_c1_s0,3,108,0,10.853199999999999,0,1,1
room_open_c1_s0,3,109,0,10.74,0,1,1
room_open_c1_s0,3,110,0,10.771599999999999,0,1,1
room_open_c1_s0,3,111,0,10.8194,0,1,1
room_open_c1_s0,3,112,0,10.4613,0,1,1
room_open_c1_s0,3,113,0,10.963100000000001,0,1,1
room_open_c1_s0,3,114,0,10.7342,0,1,1
room_open_c1_s0,3,115,0,10.6516,0,1,1
room_open_c1_s0,3,116,0,10.7988,0,1,1
room_open_c1_s0,3,117,0,10.5877,0,1,1
room_open_c1_s0,3,118,0,10.8123,0,1,1
room_open_c1_s0,3,119,0,10.9329,0,1,1
room_open_c1_s0,3,120,0,10.746600000000001,0,1,1
room_open_c1_s0,3,121,0,10.829700000000001,0,1,1
room_open_c1_s0,3,122,0,11.0763,0,1,1
room_open_c1_s0,3,123,0,10.7342,0,1,1
room_open_c1_s0,3,124,0,10.8078,0,1,1
room_open_c1_s0,3,125,0,10.792400000000001,0,1,1
room_open_c1_s0,3,126,0,10.4838,0,1,1
room_open_c1_s0,3,127,0,10.8322,0,1,1
room_open_c1_s0,3,128,0,10.5862,0,1,1
room_open_c1_s0,3,129,0,10.4655,0,1,1
room_open_c1_s0,3,130,0,10.568,0,1,1
room_open_c1_s0,3,131,0,10.7927,0,1,1
room_open_c1_s0,3,132,0,10.327400000000001,0,1,1
room_open_c1_s0,3,133,0,10.6373,0,1,1
room_open_c1_s0,3,134,0,10.7315,0,1,1
room_open_c1_s0,3,135,0,10.773999999999999,0,1,1
room_open_c1_s0,3,136,0,10.655200000000001,0,1,1
room_open_c1_s0,3,137,0,10.6496,0,1,1
room_open_c1_s0,3,138,0,10.556100000000001,0,1,1
room_open_c1_s0,3,139,0,11.1852,0,1,1
room_open_c1_s0,3,140,0,10.505000000000001,0,1,1
room_open_c1_s0,3,141,0,10.6656,0,1,1
room_open_c1_s0,3,142,0,10.784000000000001,0,1,1
room_open_c1_s0,3,143,0,10.6258,0,1,1
room_open_c1_s0,3,144,0,10.5844,0,1,1
room_open_c1_s0,3,145,0,10.629799999999999,0,1,1
room_open_c1_s0,3,146,0,10.6722,0,1,1
room_open_c1_s0,3,147,0,10.743600000000001,0,1,1
room_open_c1_s0,3,148,0,10.803699999999999,0,1,1
room_open_c1_s0,3,149,0,10.441000000000001,0,1,1
room_open_c1_s0,3,150,0,10.668799999999999,0,1,1
room_open_c1_s0,3,151,0,11.0036,0,1,1
room_open_c1_s0,3,152,0,10.9419,0,1,1
room_open_c1_s0,3,153,0,10.727399999999999,0,1,1
room_open_c1_s0,3,154,0,10.5351,0,1,1
room_open_c1_s0,3,155,0,10.523899999999999,0,1,1
room_open_c1_s0,3,156,0,10.5785,0,1,1
room_open_c1_s0,3,157,0,10.8568,0,1,1
room_open_c1_s0,3,158,0,10.711499999999999,0,1,1
room_open_c1_s0,3,159,0,10.6823,0,1,1
room_open_c1_s0,3,160,0,10.552,0,1,1
room_open_c1_s0,3,161,0,10.6294,0,1,1
room_open_c1_s0,3,162,0,10.5243,0,1,1
room_open_c1_s0,3,163,0,10.690200000000001,0,1,1
room_open_c1_s0,3,164,0,10.6518,0,1,1
room_open_c1_s0,3,165,0,10.730700000000001,0,1,1
room_open_c1_s0,3,166,0,10.8718,0,1,1
room_open_c1_s0,3,167,0,10.801600000000001,0,1,1
room_open_c1_s0,3,168,0,10.6906,0,1,1
room_open_c1_s0,3,169,0,10.788600000000001,0,1,1
room_open_c1_s0,3,170,0,10.890599999999999,0,1,1
room_open_c1_s0,3,171,0,10.6173,0,1,1
room_open_c1_s0,3,172,0,10.7318,0,1,1
room_open_c1_s0,3,173,0,10.899800000000001,0,1,1
room_open_c1_s0,3,174,0,10.8147,0,1,1
room_open_c1_s0,3,175,0,10.632400000000001,0,1,1
room_open_c1_s0,3,176,0,10.8308,0,1,1
room_open_c1_s0,3,177,0,10.5899,0,1,1
room_open_c1_s0,3,178,0,10.8833,0,1,1
room_open_c1_s0,3,179,0,10.507199999999999,0,1,1
room_open_c1_s0,3,180,0,10.6555,0,1,1
room_open_c1_s0,3,181,0,10.7789,0,1,1
room_open_c1_s0,3,182,0,10.946899999999999,0,1,1
room_open_c1_s0,3,183,0,10.7135,0,1,1
room_open_c1_s0,3,184,0,10.825200000000001,0,1,1
room_open_c1_s0,3,185,0,10.761100000000001,0,1,1
room_open_c1_s0,3,186,0,10.7399,0,1,1
room_open_c1_s0,3,187,0,10.6736,0,1,1
room_open_c1_s0,3,188,0,10.644500000000001,0,1,1
room_open_c1_s0,3,189,0,10.784800000000001,0,1,1
room_open_c1_s0,3,190,0,10.786199999999999,0,1,1
room_open_c1_s0,3,191,0,10.676600000000001,0,1,1
room_open_c1_s0,3,192,0,10.916700000000001,0,1,1
room_open_c1_s0,3,193,0,10.4833,0,1,1
room_open_c1_s0,3,194,0,10.6685,0,1,1
room_open_c1_s0,3,195,0,10.8401,0,1,1
room_open_c1_s0,3,196,0,10.587199999999999,0,1,1
room_open_c1_s0,3,197,0,10.6319,0,1,1
room_open_c1_s0,3,198,0,11.1638,0,1,1
room_open_c1_s0,3,199,0,10.581,0,1,1
room_open_c1_s0,3,200,0,10.5807,0,1,1
room_open_c1_s0,3,201,0,10.9603,0,1,1
room_open_c1_s0,3,202,0,10.6662,0,1,1
room_open_c1_s0,3,203,0,10.412000000000001,0,1,1
room_open_c1_s0,3,204,0,10.5824,0,1,1
room_open_c1_s0,3,205,0,10.468299999999999,0,1,1
room_open_c1_s0,3,206,0,10.899699999999999,0,1,1
room_open_c1_s0,3,207,0,10.461499999999999,0,1,1
room_open_c1_s0,3,208,0,10.4863,0,1,1
room_open_c1_s0,3,209,0,10.5677,0,1,1
room_open_c1_s0,3,210,0,10.750500000000001,0,1,1
room_open_c1_s0,3,211,0,10.624499999999999,0,1,1
room_open_c1_s0,3,212,0,11.199,0,1,1
room_open_c1_s0,3,213,0,10.803800000000001,0,1,1
room_open_c1_s0,3,214,0,10.607799999999999,0,1,1
room_open_c1_s0,3,215,0,10.640000000000001,0,1,1
room_open_c1_s0,3,216,0,10.604699999999999,0,1,1
room_open_c1_s0,3,217,0,10.614000000000001,0,1,1
room_open_c1_s0,3,218,0,10.5848,0,1,1
room_open_c1_s0,3,219,0,10.729900000000001,0,1,1
room_open_c1_s0,3,220,0,10.654999999999999,0,1,1
room_open_c1_s0,3,221,0,10.562200000000001,0,1,1
room_open_c1_s0,3,222,0,10.3749,0,1,1
room_open_c1_s0,3,223,0,10.739599999999999,0,1,1
room_open_c1_s0,3,224,0,10.731400000000001,0,1,1
room_open_c1_s0,3,225,0,10.688000000000001,0,1,1
room_open_c1_s0,3,226,0,10.6419,0,1,1
room_open_c1_s0,3,227,0,10.635899999999999,0,1,1
room_open_c1_s0,3,228,0,10.7491,0,1,1
room_open_c1_s0,3,229,0,10.824,0,1,1
room_open_c1_s0,3,230,0,10.8233,0,1,1
room_open_c1_s0,3,231,0,10.685,0,1,1
room_open_c1_s0,3,232,0,10.787000000000001,0,1,1
room_open_c1_s0,3,233,0,10.599,0,1,1
room_open_c1_s0,3,234,0,11.559100000000001,0,1,1
room_open_c1_s0,3,235,0,10.6469,0,1,1
room_open_c1_s0,3,236,0,10.654199999999999,0,1,1
room_open_c1_s0,3,237,0,10.749599999999999,0,1,1
room_open_c1_s0,3,238,0,10.966699999999999,0,1,1
room_open_c1_s0,3,239,0,10.430400000000001,0,1,1
room_open_c1_s0,3,240,0,10.5494,0,1,1
room_open_c1_s0,3,241,0,10.4581,0,1,1
room_open_c1_s0,3,242,0,11.2158,0,1,1
room_open_c1_s0,3,243,0,11.298299999999999,0,1,1
room_open_c1_s0,3,244,0,10.727399999999999,0,1,1
room_open_c1_s0,3,245,0,10.761699999999999,0,1,1
room_open_c1_s0,3,246,0,10.6877,0,1,1
room_open_c1_s0,3,247,0,10.8832,0,1,1
room_open_c1_s0,3,248,0,10.470599999999999,0,1,1
room_open_c1_s0,3,249,0,10.6746,0,1,1
room_open_c1_s0,3,250,0,10.737500000000001,0,1,1
room_open_c1_s0,3,251,0,10.6938,0,1,1
room_open_c1_s0,3,252,0,10.5549,0,1,1
room_open_c1_s0,3,253,0,10.643000000000001,0,1,1
room_open_c1_s0,3,254,0,10.647,0,1,1
room_open_c1_s0,3,255,0,10.6555,0,1,1
room_open_c1_s0,3,256,0,10.651,0,1,1
room_open_c1_s0,3,257,0,10.7881,0,1,1
room_open_c1_s0,3,258,0,10.639799999999999,0,1,1
room_open_c1_s0,3,259,0,10.6396,0,1,1
room_open_c1_s0,3,260,0,10.812099999999999,0,1,1
room_open_c1_s0,3,261,0,10.5558,0,1,1
room_open_c1_s0,3,262,0,10.7746,0,1,1
room_open_c1_s0,3,263,0,10.9171,0,1,1
room_open_c1_s0,3,264,0,10.789099999999999,0,1,1
room_open_c1_s0,3,265,0,10.6439,0,1,1
room_open_c1_s0,3,266,0,10.8164,0,1,1
room_open_c1_s0,3,267,0,10.7372,0,1,1
room_open_c1_s0,3,268,0,10.5784,0,1,1
room_open_c1_s0,3,269,0,10.711600000000001,0,1,1
room_open_c1_s0,3,270,0,10.407299999999999,0,1,1
room_open_c1_s0,3,271,0,10.668799999999999,0,1,1
room_open_c1_s0,3,272,0,10.6714,0,1,1
room_open_c1_s0,3,273,0,10.672499999999999,0,1,1
room_open_c1_s0,3,274,0,10.6501,0,1,1
room_open_c1_s0,3,275,0,11.102,0,1,1
room_open_c1_s0,3,276,0,10.668699999999999,0,1,1
room_open_c1_s0,3,277,0,10.6493,0,1,1
room_open_c1_s0,3,278,0,10.813700000000001,0,1,1
room_open_c1_s0,3,279,0,10.605,0,1,1
room_open_c1_s0,3,280,0,10.7262,0,1,1
room_open_c1_s0,3,281,0,10.7302,0,1,1
room_open_c1_s0,3,282,0,10.8322,0,1,1
room_open_c1_s0,3,283,0,10.8626,0,1,1
room_open_c1_s0,3,284,0,10.671799999999999,0,1,1
room_open_c1_s0,3,285,0,10.8194,0,1,1
room_open_c1_s0,3,286,0,10.4116,0,1,1
room_open_c1_s0,3,287,0,10.5444,0,1,1
room_open_c1_s0,3,288,0,10.8988,0,1,1
room_open_c1_s1,3,1,1,22.269600000000001,1,1,1
room_open_c1_s1,3,2,1,21.872299999999999,1,1,1
room_open_c1_s1,3,3,1,21.5321,1,1,1
room_open_c1_s1,3,4,1,21.244399999999999,1,1,1
room_open_c1_s1,3,5,1,21.778500000000001,1,1,1
room_open_c1_s1,3,6,1,21.616199999999999,1,1,1
room_open_c1_s1,3,7,1,21.290199999999999,1,1,1
room_open_c1_s1,3,8,1,20.9971,1,1,1
room_open_c1_s1,3,9,1,21.148900000000001,1,1,1
room_open_c1_s1,3,10,1,21.471499999999999,1,1,1
room_open_c1_s1,3,11,1,21.284500000000001,1,1,1
room_open_c1_s1,3,12,1,21.536200000000001,1,1,1
room_open_c1_s1,3,13,1,21.225899999999999,1,1,1
room_open_c1_s1,3,14,1,21.145299999999999,1,1,1
room_open_c1_s1,3,15,1,21.789999999999999,1,1,1
room_open_c1_s1,3,16,1,21.513400000000001,1,1,1
room_open_c1_s1,3,17,1,21.3992,1,1,1
room_open_c1_s1,3,18,1,21.594100000000001,1,1,1
room_open_c1_s1,3,19,1,21.688400000000001,1,1,1
room_open_c1_s1,3,20,1,21.209,1,1,1
room_open_c1_s1,3,21,1,22.351700000000001,1,1,1
room_open_c1_s1,3,22,1,22.828499999999998,1,1,1
room_open_c1_s1,3,23,1,21.715800000000002,1,1,1
room_open_c1_s1,3,24,1,21.588000000000001,1,1,1
room_open_c1_s1,3,25,1,21.445,1,1,1
room_open_c1_s1,3,26,1,21.2301,1,1,1
room_open_c1_s1,3,27,1,21.492799999999999,1,1,1
room_open_c1_s1,3,28,1,21.548100000000002,1,1,1
room_open_c1_s1,3,29,1,21.622199999999999,1,1,1
room_open_c1_s1,3,30,1,21.354299999999999,1,1,1
room_open_c1_s1,3,31,1,21.5168,1,1,1
room_open_c1_s1,3,32,1,21.580400000000001,1,1,1
room_open_c1_s1,3,33,0,21.499099999999999,1,1,1
room_open_c1_s1,3,34,0,21.683199999999999,1,1,1
room_open_c1_s1,3,35,0,21.454599999999999,1,1,1
room_open_c1_s1,3,36,0,21.495899999999999,1,1,1
room_open_c1_s1,3,37,0,22.004100000000001,1,1,1
room_open_c1_s1,3,38,0,21.628799999999998,1,1,1
room_open_c1_s1,3,39,0,21.7667,1,1,1
room_open_c1_s1,3,40,0,21.468,1,1,1
room_open_c1_s1,3,41,0,21.0641,1,1,1
room_open_c1_s1,3,42,0,21.533999999999999,1,1,1
room_open_c1_s1,3,43,0,21.3827,1,1,1
room_open_c1_s1,3,44,0,21.5779,1,1,1
room_open_c1_s1,3,45,0,21.3306,1,1,1
room_open_c1_s1,3,46,0,21.5655,1,1,1
room_open_c1_s1,3,47,0,21.557500000000001,1,1,1
room_open_c1_s1,3,48,0,21.3718,1,1,1
room_open_c1_s1,3,49,0,21.564800000000002,1,1,1
room_open_c1_s1,3,50,0,21.198,1,1,1
room_open_c1_s1,3,51,0,21.515899999999998,1,1,1
room_open_c1_s1,3,52,0,21.380199999999999,1,1,1
room_open_c1_s1,3,53,0,21.1661,1,1,1
room_open_c1_s1,3,54,0,21.507000000000001,1,1,1
room_open_c1_s1,3,55,0,21.379200000000001,1,1,1
room_open_c1_s1,3,56,0,21.346900000000002,1,1,1
room_open_c1_s1,3,57,0,21.3781,1,1,1
room_open_c1_s1,3,58,0,21.502099999999999,1,1,1
room_open_c1_s1,3,59,0,21.436299999999999,1,1,1
room_open_c1_s1,3,60,0,21.678599999999999,1,1,1
room_open_c1_s1,3,61,0,21.2273,1,1,1
room_open_c1_s1,3,62,0,21.080500000000001,1,1,1
room_open_c1_s1,3,63,0,21.500900000000001,1,1,1
room_open_c1_s1,3,64,0,21.415199999999999,1,1,1
room_open_c1_s1,3,65,0,21.302499999999998,1,1,1
room_open_c1_s1,3,66,0,21.348400000000002,1,1,1
room_open_c1_s1,3,67,0,21.214099999999998,1,1,1
room_open_c1_s1,3,68,0,21.646899999999999,1,1,1
room_open_c1_s1,3,69,0,21.609200000000001,1,1,1
room_open_c1_s1,3,70,0,21.203600000000002,1,1,1
room_open_c1_s1,3,71,0,21.094799999999999,1,1,1
room_open_c1_s1,3,72,0,21.670999999999999,1,1,1
room_open_c1_s1,3,73,0,22.220099999999999,1,1,1
room_open_c1_s1,3,74,0,21.670200000000001,1,1,1
room_open_c1_s1,3,75,0,21.7499,1,1,1
room_open_c1_s1,3,76,0,21.316199999999998,1,1,1
room_open_c1_s1,3,77,0,21.1952,1,1,1
room_open_c1_s1,3,78,0,21.935099999999998,1,1,1
room_open_c1_s1,3,79,0,21.490500000000001,1,1,1
room_open_c1_s1,3,80,0,21.256599999999999,1,1,1
room_open_c1_s1,3,81,0,21.604399999999998,1,1,1
room_open_c1_s1,3,82,0,21.220400000000001,1,1,1
room_open_c1_s1,3,83,0,21.199400000000001,1,1,1
room_open_c1_s1,3,84,0,21.523,1,1,1
room_open_c1_s1,3,85,0,21.482399999999998,1,1,1
room_open_c1_s1,3,86,0,21.160900000000002,1,1,1
room_open_c1_s1,3,87,0,21.457899999999999,1,1,1
room_open_c1_s1,3,88,0,21.147099999999998,1,1,1
room_open_c1_s1,3,89,0,21.019200000000001,1,1,1
room_open_c1_s1,3,90,0,21.622499999999999,1,1,1
room_open_c1_s1,3,91,0,21.2807,1,1,1
room_open_c1_s1,3,92,0,21.298999999999999,1,1,1
room_open_c1_s1,3,93,0,21.328199999999999,1,1,1
room_open_c1_s1,3,94,0,21.098199999999999,1,1,1
room_open_c1_s1,3,95,0,21.213100000000001,1,1,1
room_open_c1_s1,3,96,0,21.416899999999998,1,1,1
room_open_c1_s1,3,97,0,21.203800000000001,1,1,1
room_open_c1_s1,3,98,0,21.404900000000001,1,1,1
room_open_c1_s1,3,99,0,21.280200000000001,1,1,1
room_open_c1_s1,3,100,0,21.276299999999999,1,1,1
room_open_c1_s1,3,101,0,21.154299999999999,1,1,1
room_open_c1_s1,3,102,0,21.288799999999998,1,1,1
room_open_c1_s1,3,103,0,21.223099999999999,1,1,1
room_open_c1_s1,3,104,0,21.8018,1,1,1
room_open_c1_s1,3,105,0,22.835699999999999,1,1,1
room_open_c1_s1,3,106,0,21.276700000000002,1,1,1
room_open_c1_s1,3,107,0,21.574999999999999,1,1,1
room_open_c1_s1,3,108,0,21.325299999999999,1,1,1
room_open_c1_s1,3,109,0,21.288499999999999,1,1,1
room_open_c1_s1,3,110,0,21.354399999999998,1,1,1
room_open_c1_s1,3,111,0,21.033899999999999,1,1,1
room_open_c1_s1,3,112,0,21.166499999999999,1,1,1
room_open_c1_s1,3,113,0,22.323699999999999,1,1,1
room_open_c1_s1,3,114,0,21.219899999999999,1,1,1
room_open_c1_s1,3,115,0,21.3386,1,1,1
room_open_c1_s1,3,116,0,21.4468,1,1,1
room_open_c1_s1,3,117,0,21.2318,1,1,1
room_open_c1_s1,3,118,0,21.3432,1,1,1
room_open_c1_s1,3,119,0,21.890699999999999,1,1,1
room_open_c1_s1,3,120,0,21.408000000000001,1,1,1
room_open_c1_s1,3,121,0,21.116800000000001,1,1,1
room_open_c1_s1,3,122,0,21.3079,1,1,1
room_open_c1_s1,3,123,0,21.0261,1,1,1
room_open_c1_s1,3,124,0,21.5349,1,1,1
room_open_c1_s1,3,125,0,21.633099999999999,1,1,1
room_open_c1_s1,3,126,0,21.162800000000001,1,1,1
room_open_c1_s1,3,127,0,21.454899999999999,1,1,1
room_open_c1_s1,3,128,0,21.441199999999998,1,1,1
room_open_c1_s1,3,129,0,21.391400000000001,1,1,1
room_open_c1_s1,3,130,0,21.132999999999999,1,1,1
room_open_c1_s1,3,131,0,21.375399999999999,1,1,1
room_open_c1_s1,3,132,0,21.179099999999998,1,1,1
room_open_c1_s1,3,133,0,21.1343,1,1,1
room_open_c1_s1,3,134,0,21.452500000000001,1,1,1
room_open_c1_s1,3,135,0,21.243400000000001,1,1,1
room_open_c1_s1,3,136,0,21.383800000000001,1,1,1
room_open_c1_s1,3,137,0,21.532599999999999,1,1,1
room_open_c1_s1,3,138,0,21.532399999999999,1,1,1
room_open_c1_s1,3,139,0,21.067,1,1,1
room_open_c1_s1,3,140,0,21.299499999999998,1,1,1
room_open_c1_s1,3,141,0,22.0093,1,1,1
room_open_c1_s1,3,142,0,21.686900000000001,1,1,1
room_open_c1_s1,3,143,0,21.643899999999999,1,1,1
room_open_c1_s1,3,144,0,21.656400000000001,1,1,1
room_open_c1_s1,3,145,0,21.6965,1,1,1
room_open_c1_s1,3,146,0,21.5746,1,1,1
room_open_c1_s1,3,147,0,21.830200000000001,1,1,1
room_open_c1_s1,3,148,0,21.716699999999999,1,1,1
room_open_c1_s1,3,149,0,21.7332,1,1,1
room_open_c1_s1,3,150,0,21.458100000000002,1,1,1
room_open_c1_s1,3,151,0,21.703900000000001,1,1,1
room_open_c1_s1,3,152,0,21.588100000000001,1,1,1
room_open_c1_s1,3,153,0,21.510999999999999,1,1,1
room_open_c1_s1,3,154,0,21.643000000000001,1,1,1
room_open_c1_s1,3,155,0,21.624400000000001,1,1,1
room_open_c1_s1,3,156,0,21.156400000000001,1,1,1
room_open_c1_s1,3,157,0,21.192699999999999,1,1,1
room_open_c1_s1,3,158,0,21.7986,1,1,1
room_open_c1_s1,3,159,0,21.539300000000001,1,1,1
room_open_c1_s1,3,160,0,21.673200000000001,1,1,1
room_open_c1_s1,3,161,0,21.640000000000001,1,1,1
room_open_c1_s1,3,162,0,21.241900000000001,1,1,1
room_open_c1_s1,3,163,0,21.357900000000001,1,1,1
room_open_c1_s1,3,164,0,21.723700000000001,1,1,1
room_open_c1_s1,3,165,0,21.188199999999998,1,1,1
room_open_c1_s1,3,166,0,21.312899999999999,1,1,1
room_open_c1_s1,3,167,0,21.3279,1,1,1
room_open_c1_s1,3,168,0,21.1646,1,1,1
room_open_c1_s1,3,169,0,21.392800000000001,1,1,1
room_open_c1_s1,3,170,0,21.637699999999999,1,1,1
room_open_c1_s1,3,171,0,21.530999999999999,1,1,1
room_open_c1_s1,3,172,0,21.503,1,1,1
room_open_c1_s1,3,173,0,21.4953,1,1,1
room_open_c1_s1,3,174,0,21.4617,1,1,1
room_open_c1_s1,3,175,0,23.436599999999999,1,1,1
room_open_c1_s1,3,176,0,21.767700000000001,1,1,1
room_open_c1_s1,3,177,0,21.090800000000002,1,1,1
room_open_c1_s1,3,178,0,21.4009,1,1,1
room_open_c1_s1,3,179,0,21.567399999999999,1,1,1
room_open_c1_s1,3,180,0,21.5518,1,1,1
room_open_c1_s1,3,181,0,21.262799999999999,1,1,1
room_open_c1_s1,3,182,0,21.2483,1,1,1
room_open_c1_s1,3,183,0,21.329499999999999,1,1,1
room_open_c1_s1,3,184,0,21.1876,1,1,1
room_open_c1_s1,3,185,0,21.766500000000001,1,1,1
room_open_c1_s1,3,186,0,21.4466,1,1,1
room_open_c1_s1,3,187,0,21.567799999999998,1,1,1
room_open_c1_s1,3,188,0,21.096499999999999,1,1,1
room_open_c1_s1,3,189,0,21.059000000000001,1,1,1
room_open_c1_s1,3,190,0,21.520499999999998,1,1,1
room_open_c1_s1,3,191,0,21.193200000000001,1,1,1
room_open_c1_s1,3,192,0,21.088699999999999,1,1,1
room_open_c1_s1,3,193,0,21.532699999999998,1,1,1
room_open_c1_s1,3,194,0,21.6431,1,1,1
room_open_c1_s1,3,195,0,21.409800000000001,1,1,1
room_open_c1_s1,3,196,0,21.645900000000001,1,1,1
room_open_c1_s1,3,197,0,21.142600000000002,1,1,1
room_open_c1_s1,3,198,0,21.207799999999999,1,1,1
room_open_c1_s1,3,199,0,21.6081,1,1,1
room_open_c1_s1,3,200,0,21.320399999999999,1,1,1
room_open_c1_s1,3,201,0,21.223700000000001,1,1,1
room_open_c1_s1,3,202,0,22.172499999999999,1,1,1
room_open_c1_s1,3,203,0,22.949000000000002,1,1,1
room_open_c1_s1,3,204,0,21.4011,1,1,1
room_open_c1_s1,3,205,0,21.4651,1,1,1
room_open_c1_s1,3,206,0,21.393899999999999,1,1,1
room_open_c1_s1,3,207,0,21.5181,1,1,1
room_open_c1_s1,3,208,0,22.006499999999999,1,1,1
room_open_c1_s1,3,209,0,22.212800000000001,1,1,1
room_open_c1_s1,3,210,0,22.099499999999999,1,1,1
room_open_c1_s1,3,211,0,21.3581,1,1,1
room_open_c1_s1,3,212,0,21.2835,1,1,1
room_open_c1_s1,3,213,0,21.913799999999998,1,1,1
room_open_c1_s1,3,214,0,21.2484,1,1,1
room_open_c1_s1,3,215,0,21.114100000000001,1,1,1
room_open_c1_s1,3,216,0,21.659800000000001,1,1,1
room_open_c1_s1,3,217,0,21.065100000000001,1,1,1
room_open_c1_s1,3,218,0,21.321100000000001,1,1,1
room_open_c1_s1,3,219,0,21.495000000000001,1,1,1
room_open_c1_s1,3,220,0,21.1449,1,1,1
room_open_c1_s1,3,221,0,21.337800000000001,1,1,1
room_open_c1_s1,3,222,0,21.687999999999999,1,1,1
room_open_c1_s1,3,223,0,21.3355,1,1,1
room_open_c1_s1,3,224,0,21.241299999999999,1,1,1
room_open_c1_s1,3,225,0,21.6206,1,1,1
room_open_c1_s1,3,226,0,21.434899999999999,1,1,1
room_open_c1_s1,3,227,0,21.0489,1,1,1
room_open_c1_s1,3,228,0,21.476900000000001,1,1,1
room_open_c1_s1,3,229,0,21.323399999999999,1,1,1
room_open_c1_s1,3,230,0,21.075700000000001,1,1,1
room_open_c1_s1,3,231,0,21.3384,1,1,1
room_open_c1_s1,3,232,0,21.422899999999998,1,1,1
room_open_c1_s1,3,233,0,21.2499,1,1,1
room_open_c1_s1,3,234,0,21.780999999999999,1,1,1
room_open_c1_s1,3,235,0,21.314800000000002,1,1,1
room_open_c1_s1,3,236,0,21.239699999999999,1,1,1
room_open_c1_s1,3,237,0,21.3797,1,1,1
room_open_c1_s1,3,238,0,21.737100000000002,1,1,1
room_open_c1_s1,3,239,0,21.336600000000001,1,1,1
room_open_c1_s1,3,240,0,21.726800000000001,1,1,1
room_open_c1_s1,3,241,0,21.432500000000001,1,1,1
room_open_c1_s1,3,242,0,21.061399999999999,1,1,1
room_open_c1_s1,3,243,0,21.436800000000002,1,1,1
room_open_c1_s1,3,244,0,21.539400000000001,1,1,1
room_open_c1_s1,3,245,0,21.435199999999998,1,1,1
room_open_c1_s1,3,246,0,21.472200000000001,1,1,1
room_open_c1_s1,3,247,0,21.155200000000001,1,1,1
room_open_c1_s1,3,248,0,21.302600000000002,1,1,1
room_open_c1_s1,3,249,0,21.5505,1,1,1
room_open_c1_s1,3,250,0,21.552499999999998,1,1,1
room_open_c1_s1,3,251,0,21.381399999999999,1,1,1
room_open_c1_s1,3,252,0,21.418600000000001,1,1,1
room_open_c1_s1,3,253,0,21.475899999999999,1,1,1
room_open_c1_s1,3,254,0,21.294,1,1,1
room_open_c1_s1,3,255,0,21.369399999999999,1,1,1
room_open_c1_s1,3,256,0,21.287500000000001,1,1,1
room_open_c1_s1,3,257,0,21.330200000000001,1,1,1
room_open_c1_s1,3,258,0,21.329699999999999,1,1,1
room_open_c1_s1,3,259,0,21.293600000000001,1,1,1
room_open_c1_s1,3,260,0,21.467500000000001,1,1,1
room_open_c1_s1,3,261,0,21.409500000000001,1,1,1
room_open_c1_s1,3,262,0,21.071200000000001,1,1,1
room_open_c1_s1,3,263,0,21.319900000000001,1,1,1
room_open_c1_s1,3,264,0,21.623200000000001,1,1,1
room_open_c1_s1,3,265,0,21.5473,1,1,1
room_open_c1_s1,3,266,0,21.510200000000001,1,1,1
room_open_c1_s1,3,267,0,21.4132,1,1,1
room_open_c1_s1,3,268,0,21.586300000000001,1,1,1
room_open_c1_s1,3,269,0,21.251899999999999,1,1,1
room_open_c1_s1,3,270,0,21.3644,1,1,1
room_open_c1_s1,3,271,0,21.2729,1,1,1
room_open_c1_s1,3,272,0,21.177399999999999,1,1,1
room_open_c1_s1,3,273,0,21.1815,1,1,1
room_open_c1_s1,3,274,0,21.1706,1,1,1
room_open_c1_s1,3,275,0,21.335599999999999,1,1,1
room_open_c1_s1,3,276,0,21.837,1,1,1
room_open_c1_s1,3,277,0,21.986799999999999,1,1,1
room_open_c1_s1,3,278,0,21.558800000000002,1,1,1
room_open_c1_s1,3,279,0,21.627199999999998,1,1,1
room_open_c1_s1,3,280,0,21.442799999999998,1,1,1
room_open_c1_s1,3,281,0,21.1434,1,1,1
room_open_c1_s1,3,282,0,21.282499999999999,1,1,1
room_open_c1_s1,3,283,0,21.161999999999999,1,1,1
room_open_c1_s1,3,284,0,21.388500000000001,1,1,1
room_open_c1_s1,3,285,0,21.409700000000001,1,1,1
room_open_c1_s1,3,286,0,21.253699999999998,1,1,1
room_open_c1_s1,3,287,0,21.458300000000001,1,1,1
room_open_c1_s1,3,288,0,21.582100000000001,1,1,1
room_closed_c0_s0,3,1,1,6.2042999999999999,0,0,1
room_closed_c0_s0,3,2,1,6.0274000000000001,0,0,1
room_closed_c0_s0,3,3,1,5.8989000000000003,0,0,1
room_closed_c0_s0,3,4,1,6.3525,0,0,1
room_closed_c0_s0,3,5,1,6.1708999999999996,0,0,1
room_closed_c0_s0,3,6,1,6.3414000000000001,0,0,1
room_closed_c0_s0,3,7,1,6.1683000000000003,0,0,1
room_closed_c0_s0,3,8,1,6.1418999999999997,0,0,1
room_closed_c0_s0,3,9,1,6.3673999999999999,0,0,1
room_closed_c0_s0,3,10,1,6.1382000000000003,0,0,1
room_closed_c0_s0,3,11,1,6.1539000000000001,0,0,1
room_closed_c0_s0,3,12,1,6.3452999999999999,0,0,1
room_closed_c0_s0,3,13,1,6.1859999999999999,0,0,1
room_closed_c0_s0,3,14,1,6.1581000000000001,0,0,1
room_closed_c0_s0,3,15,1,6.3273000000000001,0,0,1
room_closed_c0_s0,3,16,1,6.1615000000000002,0,0,1
room_closed_c0_s0,3,17,1,6.1436000000000002,0,0,1
room_closed_c0_s0,3,18,1,6.3274999999999997,0,0,1
room_closed_c0_s0,3,19,1,6.1379999999999999,0,0,1
room_closed_c0_s0,3,20,1,6.1864999999999997,0,0,1
room_closed_c0_s0,3,21,1,6.3375000000000004,0,0,1
room_closed_c0_s0,3,22,1,6.1372999999999998,0,0,1
room_closed_c0_s0,3,23,1,6.2163000000000004,0,0,1
room_closed_c0_s0,3,24,1,6.3475999999999999,0,0,1
room_closed_c0_s0,3,25,1,6.1661999999999999,0,0,1
room_closed_c0_s0,3,26,1,6.1679000000000004,0,0,1
room_closed_c0_s0,3,27,1,6.2801999999999998,0,0,1
room_closed_c0_s0,3,28,1,6.1908000000000003,0,0,1
room_closed_c0_s0,3,29,1,6.2916999999999996,0,0,1
room_closed_c0_s0,3,30,1,6.3884999999999996,0,0,1
room_closed_c0_s0,3,31,1,6.2656000000000001,0,0,1
room_closed_c0_s0,3,32,1,6.1961000000000004,0,0,1
room_closed_c0_s0,3,33,0,6.3251999999999997,0,0,1
room_closed_c0_s0,3,34,0,6.2165999999999997,0,0,1
room_closed_c0_s0,3,35,0,6.1929999999999996,0,0,1
room_closed_c0_s0,3,36,0,6.3345000000000002,0,0,1
room_closed_c0_s0,3,37,0,6.1958000000000002,0,0,1
room_closed_c0_s0,3,38,0,6.2705000000000002,0,0,1
room_closed_c0_s0,3,39,0,6.3734000000000002,0,0,1
room_closed_c0_s0,3,40,0,6.1688000000000001,0,0,1
room_closed_c0_s0,3,41,0,6.1833,0,0,1
room_closed_c0_s0,3,42,0,6.3564999999999996,0,0,1
room_closed_c0_s0,3,43,0,6.1501999999999999,0,0,1
room_closed_c0_s0,3,44,0,6.1635,0,0,1
room_closed_c0_s0,3,45,0,6.3301999999999996,0,0,1
room_closed_c0_s0,3,46,0,6.1852999999999998,0,0,1
room_closed_c0_s0,3,47,0,6.1654,0,0,1
room_closed_c0_s0,3,48,0,6.2622,0,0,1
room_closed_c0_s0,3,49,0,6.1723999999999997,0,0,1
room_closed_c0_s0,3,50,0,6.1726000000000001,0,0,1
room_closed_c0_s0,3,51,0,6.1986999999999997,0,0,1
room_closed_c0_s0,3,52,0,6.1559999999999997,0,0,1
room_closed_c0_s0,3,53,0,6.1654,0,0,1
room_closed_c0_s0,3,54,0,6.1261999999999999,0,0,1
room_closed_c0_s0,3,55,0,6.2663000000000002,0,0,1
room_closed_c0_s0,3,56,0,6.1516999999999999,0,0,1
room_closed_c0_s0,3,57,0,6.1753,0,0,1
room_closed_c0_s0,3,58,0,6.3369,0,0,1
room_closed_c0_s0,3,59,0,6.1471999999999998,0,0,1
room_closed_c0_s0,3,60,0,6.1673999999999998,0,0,1
room_closed_c0_s0,3,61,0,6.3425000000000002,0,0,1
room_closed_c0_s0,3,62,0,6.1646000000000001,0,0,1
room_closed_c0_s0,3,63,0,6.1577999999999999,0,0,1
room_closed_c0_s0,3,64,0,6.3577000000000004,0,0,1
room_closed_c0_s0,3,65,0,6.1626000000000003,0,0,1
room_closed_c0_s0,3,66,0,6.1900000000000004,0,0,1
room_closed_c0_s0,3,67,0,6.5547000000000004,0,0,1
room_closed_c0_s0,3,68,0,6.3733000000000004,0,0,1
room_closed_c0_s0,3,69,0,6.3669000000000002,0,0,1
room_closed_c0_s0,3,70,0,6.5769000000000002,0,0,1
room_closed_c0_s0,3,71,0,6.3864000000000001,0,0,1
room_closed_c0_s0,3,72,0,6.3712999999999997,0,0,1
room_closed_c0_s0,3,73,0,6.5726000000000004,0,0,1
room_closed_c0_s0,3,74,0,6.3632999999999997,0,0,1
room_closed_c0_s0,3,75,0,6.3752000000000004,0,0,1
room_closed_c0_s0,3,76,0,6.5674000000000001,0,0,1
room_closed_c0_s0,3,77,0,6.3685999999999998,0,0,1
room_closed_c0_s0,3,78,0,6.3996000000000004,0,0,1
room_closed_c0_s0,3,79,0,6.5106999999999999,0,0,1
room_closed_c0_s0,3,80,0,6.3989000000000003,0,0,1
room_closed_c0_s0,3,81,0,6.3898999999999999,0,0,1
room_closed_c0_s0,3,82,0,6.5605000000000002,0,0,1
room_closed_c0_s0,3,83,0,6.3981000000000003,0,0,1
room_closed_c0_s0,3,84,0,6.3551000000000002,0,0,1
room_closed_c0_s0,3,85,0,6.5689000000000002,0,0,1
room_closed_c0_s0,3,86,0,6.3941999999999997,0,0,1
room_closed_c0_s0,3,87,0,6.3925000000000001,0,0,1
room_closed_c0_s0,3,88,0,6.5209000000000001,0,0,1
room_closed_c0_s0,3,89,0,6.3550000000000004,0,0,1
room_closed_c0_s0,3,90,0,6.4240000000000004,0,0,1
room_closed_c0_s0,3,91,0,6.5782999999999996,0,0,1
room_closed_c0_s0,3,92,0,6.3696000000000002,0,0,1
room_closed_c0_s0,3,93,0,6.4097999999999997,0,0,1
room_closed_c0_s0,3,94,0,6.5857000000000001,0,0,1
room_closed_c0_s0,3,95,0,6.3895,0,0,1
room_closed_c0_s0,3,96,0,6.3905000000000003,0,0,1
room_closed_c0_s0,3,97,0,6.5979000000000001,0,0,1
room_closed_c0_s0,3,98,0,6.3978000000000002,0,0,1
room_closed_c0_s0,3,99,0,6.4436,0,0,1
room_closed_c0_s0,3,100,0,6.5731000000000002,0,0,1
room_closed_c0_s0,3,101,0,6.3680000000000003,0,0,1
room_closed_c0_s0,3,102,0,6.4010999999999996,0,0,1
room_closed_c0_s0,3,103,0,6.5614999999999997,0,0,1
room_closed_c0_s0,3,104,0,6.3540999999999999,0,0,1
room_closed_c0_s0,3,105,0,6.3813000000000004,0,0,1
room_closed_c0_s0,3,106,0,6.5574000000000003,0,0,1
room_closed_c0_s0,3,107,0,6.3701999999999996,0,0,1
room_closed_c0_s0,3,108,0,6.3958000000000004,0,0,1
room_closed_c0_s0,3,109,0,6.5757000000000003,0,0,1
room_closed_c0_s0,3,110,0,6.3640999999999996,0,0,1
room_closed_c0_s0,3,111,0,6.4027000000000003,0,0,1
room_closed_c0_s0,3,112,0,6.6001000000000003,0,0,1
room_closed_c0_s0,3,113,0,6.3525,0,0,1
room_closed_c0_s0,3,114,0,6.3441000000000001,0,0,1
room_closed_c0_s0,3,115,0,6.5692000000000004,0,0,1
room_closed_c0_s0,3,116,0,6.3897000000000004,0,0,1
room_closed_c0_s0,3,117,0,6.3815999999999997,0,0,1
room_closed_c0_s0,3,118,0,6.5530999999999997,0,0,1
room_closed_c0_s0,3,119,0,6.3929999999999998,0,0,1
room_closed_c0_s0,3,120,0,6.4184000000000001,0,0,1
room_closed_c0_s0,3,121,0,6.5686999999999998,0,0,1
room_closed_c0_s0,3,122,0,6.3647999999999998,0,0,1
room_closed_c0_s0,3,123,0,6.3620000000000001,0,0,1
room_closed_c0_s0,3,124,0,6.3593000000000002,0,0,1
room_closed_c0_s0,3,125,0,6.3769,0,0,1
room_closed_c0_s0,3,126,0,6.3640999999999996,0,0,1
room_closed_c0_s0,3,127,0,6.3547000000000002,0,0,1
room_closed_c0_s0,3,128,0,6.3745000000000003,0,0,1
room_closed_c0_s0,3,129,0,6.3765999999999998,0,0,1
room_closed_c0_s0,3,130,0,6.3994,0,0,1
room_closed_c0_s0,3,131,0,6.4648000000000003,0,0,1
room_closed_c0_s0,3,132,0,6.3658000000000001,0,0,1
room_closed_c0_s0,3,133,0,6.3792,0,0,1
room_closed_c0_s0,3,134,0,6.4931999999999999,0,0,1
room_closed_c0_s0,3,135,0,6.3754,0,0,1
room_closed_c0_s0,3,136,0,6.3837000000000002,0,0,1
room_closed_c0_s0,3,137,0,6.5621999999999998,0,0,1
room_closed_c0_s0,3,138,0,6.3673999999999999,0,0,1
room_closed_c0_s0,3,139,0,6.3978999999999999,0,0,1
room_closed_c0_s0,3,140,0,6.6315,0,0,1
room_closed_c0_s0,3,141,0,6.4212999999999996,0,0,1
room_closed_c0_s0,3,142,0,6.4419000000000004,0,0,1
room_closed_c0_s0,3,143,0,6.6326000000000001,0,0,1
room_closed_c0_s0,3,144,0,6.4238,0,0,1
room_closed_c0_s0,3,145,0,6.3918999999999997,0,0,1
room_closed_c0_s0,3,146,0,6.6056999999999997,0,0,1
room_closed_c0_s0,3,147,0,6.4192999999999998,0,0,1
room_closed_c0_s0,3,148,0,6.4326999999999996,0,0,1
room_closed_c0_s0,3,149,0,6.6146000000000003,0,0,1
room_closed_c0_s0,3,150,0,6.3944000000000001,0,0,1
room_closed_c0_s0,3,151,0,6.4198000000000004,0,0,1
room_closed_c0_s0,3,152,0,6.4191000000000003,0,0,1
room_closed_c0_s0,3,153,0,6.4145000000000003,0,0,1
room_closed_c0_s0,3,154,0,6.4138000000000002,0,0,1
room_closed_c0_s0,3,155,0,6.4375999999999998,0,0,1
room_closed_c0_s0,3,156,0,6.4015000000000004,0,0,1
room_closed_c0_s0,3,157,0,6.4065000000000003,0,0,1
room_closed_c0_s0,3,158,0,6.3982999999999999,0,0,1
room_closed_c0_s0,3,159,0,6.5107999999999997,0,0,1
room_closed_c0_s0,3,160,0,6.4204999999999997,0,0,1
room_closed_c0_s0,3,161,0,6.4127000000000001,0,0,1
room_closed_c0_s0,3,162,0,6.5365000000000002,0,0,1
room_closed_c0_s0,3,163,0,6.4135999999999997,0,0,1
room_closed_c0_s0,3,164,0,6.4160000000000004,0,0,1
room_closed_c0_s0,3,165,0,6.5705,0,0,1
room_closed_c0_s0,3,166,0,6.4142999999999999,0,0,1
room_closed_c0_s0,3,167,0,6.5682,0,0,1
room_closed_c0_s0,3,168,0,6.5490000000000004,0,0,1
room_closed_c0_s0,3,169,0,6.6073000000000004,0,0,1
room_closed_c0_s0,3,170,0,6.4053000000000004,0,0,1
room_closed_c0_s0,3,171,0,6.6185,0,0,1
room_closed_c0_s0,3,172,0,6.4268000000000001,0,0,1
room_closed_c0_s0,3,173,0,6.6299999999999999,0,0,1
room_closed_c0_s0,3,174,0,6.5974000000000004,0,0,1
room_closed_c0_s0,3,175,0,6.5308999999999999,0,0,1
room_closed_c0_s0,3,176,0,6.4206000000000003,0,0,1
room_closed_c0_s0,3,177,0,6.6553000000000004,0,0,1
room_closed_c0_s0,3,178,0,6.4200999999999997,0,0,1
room_closed_c0_s0,3,179,0,6.6125999999999996,0,0,1
room_closed_c0_s0,3,180,0,6.6146000000000003,0,0,1
room_closed_c0_s0,3,181,0,6.3887,0,0,1
room_closed_c0_s0,3,182,0,6.3990999999999998,0,0,1
room_closed_c0_s0,3,183,0,6.5678000000000001,0,0,1
room_closed_c0_s0,3,184,0,6.4118000000000004,0,0,1
room_closed_c0_s0,3,185,0,6.4489000000000001,0,0,1
room_closed_c0_s0,3,186,0,6.4196999999999997,0,0,1
room_closed_c0_s0,3,187,0,6.4179000000000004,0,0,1
room_closed_c0_s0,3,188,0,6.3974000000000002,0,0,1
room_closed_c0_s0,3,189,0,6.4103000000000003,0,0,1
room_closed_c0_s0,3,190,0,6.4138999999999999,0,0,1
room_closed_c0_s0,3,191,0,6.4263000000000003,0,0,1
room_closed_c0_s0,3,192,0,6.3929,0,0,1
room_closed_c0_s0,3,193,0,6.4981999999999998,0,0,1
room_closed_c0_s0,3,194,0,6.4208999999999996,0,0,1
room_closed_c0_s0,3,195,0,6.3978000000000002,0,0,1
room_closed_c0_s0,3,196,0,6.6162000000000001,0,0,1
room_closed_c0_s0,3,197,0,6.4194000000000004,0,0,1
room_closed_c0_s0,3,198,0,6.4183000000000003,0,0,1
room_closed_c0_s0,3,199,0,6.6014999999999997,0,0,1
room_closed_c0_s0,3,200,0,6.3960999999999997,0,0,1
room_closed_c0_s0,3,201,0,6.2205000000000004,0,0,1
room_closed_c0_s0,3,202,0,6.6307999999999998,0,0,1
room_closed_c0_s0,3,203,0,6.4204999999999997,0,0,1
room_closed_c0_s0,3,204,0,6.4173,0,0,1
room_closed_c0_s0,3,205,0,6.5934999999999997,0,0,1
room_closed_c0_s0,3,206,0,6.4256000000000002,0,0,1
room_closed_c0_s0,3,207,0,6.4100000000000001,0,0,1
room_closed_c0_s0,3,208,0,6.6105999999999998,0,0,1
room_closed_c0_s0,3,209,0,6.4245000000000001,0,0,1
room_closed_c0_s0,3,210,0,6.4142000000000001,0,0,1
room_closed_c0_s0,3,211,0,6.5880999999999998,0,0,1
room_closed_c0_s0,3,212,0,6.4363999999999999,0,0,1
room_closed_c0_s0,3,213,0,6.4028999999999998,0,0,1
room_closed_c0_s0,3,214,0,6.4244000000000003,0,0,1
room_closed_c0_s0,3,215,0,6.4157000000000002,0,0,1
room_closed_c0_s0,3,216,0,6.3864999999999998,0,0,1
room_closed_c0_s0,3,217,0,6.3996000000000004,0,0,1
room_closed_c0_s0,3,218,0,6.4000000000000004,0,0,1
room_closed_c0_s0,3,219,0,6.4191000000000003,0,0,1
room_closed_c0_s0,3,220,0,6.4286000000000003,0,0,1
room_closed_c0_s0,3,221,0,6.5716999999999999,0,0,1
room_closed_c0_s0,3,222,0,6.5202999999999998,0,0,1
room_closed_c0_s0,3,223,0,6.4046000000000003,0,0,1
room_closed_c0_s0,3,224,0,6.5403000000000002,0,0,1
room_closed_c0_s0,3,225,0,6.4119000000000002,0,0,1
room_closed_c0_s0,3,226,0,6.4432,0,0,1
room_closed_c0_s0,3,227,0,6.7340999999999998,0,0,1
room_closed_c0_s0,3,228,0,6.4687000000000001,0,0,1
room_closed_c0_s0,3,229,0,6.4352,0,0,1
room_closed_c0_s0,3,230,0,6.7301000000000002,0,0,1
room_closed_c0_s0,3,231,0,6.4100999999999999,0,0,1
room_closed_c0_s0,3,232,0,6.4116,0,0,1
room_closed_c0_s0,3,233,0,6.6811999999999996,0,0,1
room_closed_c0_s0,3,234,0,6.4031000000000002,0,0,1
room_closed_c0_s0,3,235,0,6.4314,0,0,1
room_closed_c0_s0,3,236,0,6.5537999999999998,0,0,1
room_closed_c0_s0,3,237,0,6.4317000000000002,0,0,1
room_closed_c0_s0,3,238,0,6.4211,0,0,1
room_closed_c0_s0,3,239,0,6.5599999999999996,0,0,1
room_closed_c0_s0,3,240,0,6.4215999999999998,0,0,1
room_closed_c0_s0,3,241,0,6.3865999999999996,0,0,1
room_closed_c0_s0,3,242,0,6.4286000000000003,0,0,1
room_closed_c0_s0,3,243,0,6.4059999999999997,0,0,1
room_closed_c0_s0,3,244,0,6.4341999999999997,0,0,1
room_closed_c0_s0,3,245,0,6.4160000000000004,0,0,1
room_closed_c0_s0,3,246,0,6.4082999999999997,0,0,1
room_closed_c0_s0,3,247,0,6.3960999999999997,0,0,1
room_closed_c0_s0,3,248,0,6.3959999999999999,0,0,1
room_closed_c0_s0,3,249,0,6.5103999999999997,0,0,1
room_closed_c0_s0,3,250,0,6.4337999999999997,0,0,1
room_closed_c0_s0,3,251,0,6.4359999999999999,0,0,1
room_closed_c0_s0,3,252,0,6.5385,0,0,1
room_closed_c0_s0,3,253,0,6.4156000000000004,0,0,1
room_closed_c0_s0,3,254,0,6.4283000000000001,0,0,1
room_closed_c0_s0,3,255,0,6.5313999999999997,0,0,1
room_closed_c0_s0,3,256,0,6.4028999999999998,0,0,1
room_closed_c0_s0,3,257,0,6.4459999999999997,0,0,1
room_closed_c0_s0,3,258,0,6.6429,0,0,1
room_closed_c0_s0,3,259,0,6.4256000000000002,0,0,1
room_closed_c0_s0,3,260,0,6.4047000000000001,0,0,1
room_closed_c0_s0,3,261,0,6.6033999999999997,0,0,1
room_closed_c0_s0,3,262,0,6.6710000000000003,0,0,1
room_closed_c0_s0,3,263,0,6.4044999999999996,0,0,1
room_closed_c0_s0,3,264,0,6.6151,0,0,1
room_closed_c0_s0,3,265,0,6.4118000000000004,0,0,1
room_closed_c0_s0,3,266,0,6.4122000000000003,0,0,1
room_closed_c0_s0,3,267,0,6.6243999999999996,0,0,1
room_closed_c0_s0,3,268,0,6.4389000000000003,0,0,1
room_closed_c0_s0,3,269,0,6.4329000000000001,0,0,1
room_closed_c0_s0,3,270,0,6.6040999999999999,0,0,1
room_closed_c0_s0,3,271,0,6.4245999999999999,0,0,1
room_closed_c0_s0,3,272,0,6.4381000000000004,0,0,1
room_closed_c0_s0,3,273,0,6.5835999999999997,0,0,1
room_closed_c0_s0,3,274,0,6.5191999999999997,0,0,1
room_closed_c0_s0,3,275,0,6.4307999999999996,0,0,1
room_closed_c0_s0,3,276,0,6.6151999999999997,0,0,1
room_closed_c0_s0,3,277,0,6.4306000000000001,0,0,1
room_closed_c0_s0,3,278,0,6.4330999999999996,0,0,1
room_closed_c0_s0,3,279,0,6.6296999999999997,0,0,1
room_closed_c0_s0,3,280,0,6.3921000000000001,0,0,1
room_closed_c0_s0,3,281,0,6.4303999999999997,0,0,1
room_closed_c0_s0,3,282,0,6.6391999999999998,0,0,1
room_closed_c0_s0,3,283,0,6.4447000000000001,0,0,1
room_closed_c0_s0,3,284,0,6.4337,0,0,1
room_closed_c0_s0,3,285,0,6.6242000000000001,0,0,1
room_closed_c0_s0,3,286,0,6.4023000000000003,0,0,1
room_closed_c0_s0,3,287,0,6.4100999999999999,0,0,1
room_closed_c0_s0,3,288,0,6.5987,0,0,1
room_closed_c0_s1,3,1,1,20.478000000000002,1,0,1
room_closed_c0_s1,3,2,1,20.5488,1,0,1
room_closed_c0_s1,3,3,1,19.967700000000001,1,0,1
room_closed_c0_s1,3,4,1,20.279599999999999,1,0,1
room_closed_c0_s1,3,5,1,19.876000000000001,1,0,1
room_closed_c0_s1,3,6,1,20.078800000000001,1,0,1
room_closed_c0_s1,3,7,1,20.4072,1,0,1
room_closed_c0_s1,3,8,1,20.071400000000001,1,0,1
room_closed_c0_s1,3,9,1,20.195900000000002,1,0,1
room_closed_c0_s1,3,10,1,20.3325,1,0,1
room_closed_c0_s1,3,11,1,20.357700000000001,1,0,1
room_closed_c0_s1,3,12,1,20.111499999999999,1,0,1
room_closed_c0_s1,3,13,1,19.761800000000001,1,0,1
room_closed_c0_s1,3,14,1,18.856300000000001,1,0,1
room_closed_c0_s1,3,15,1,19.124300000000002,1,0,1
room_closed_c0_s1,3,16,1,18.734500000000001,1,0,1
room_closed_c0_s1,3,17,1,18.719100000000001,1,0,1
room_closed_c0_s1,3,18,1,18.756499999999999,1,0,1
room_closed_c0_s1,3,19,1,18.9223,1,0,1
room_closed_c0_s1,3,20,1,18.589099999999998,1,0,1
room_closed_c0_s1,3,21,1,18.6721,1,0,1
room_closed_c0_s1,3,22,1,19.263100000000001,1,0,1
room_closed_c0_s1,3,23,1,18.704000000000001,1,0,1
room_closed_c0_s1,3,24,1,18.765899999999998,1,0,1
room_closed_c0_s1,3,25,1,18.907900000000001,1,0,1
room_closed_c0_s1,3,26,1,19.060600000000001,1,0,1
room_closed_c0_s1,3,27,1,18.843699999999998,1,0,1
room_closed_c0_s1,3,28,1,18.860600000000002,1,0,1
room_closed_c0_s1,3,29,1,18.8096,1,0,1
room_closed_c0_s1,3,30,1,18.993200000000002,1,0,1
room_closed_c0_s1,3,31,1,18.8779,1,0,1
room_closed_c0_s1,3,32,1,19.097000000000001,1,0,1
room_closed_c0_s1,3,33,0,18.640499999999999,1,0,1
room_closed_c0_s1,3,34,0,19.012799999999999,1,0,1
room_closed_c0_s1,3,35,0,18.6417,1,0,1
room_closed_c0_s1,3,36,0,18.631499999999999,1,0,1
room_closed_c0_s1,3,37,0,18.811,1,0,1
room_closed_c0_s1,3,38,0,18.961400000000001,1,0,1
room_closed_c0_s1,3,39,0,19.2818,1,0,1
room_closed_c0_s1,3,40,0,19.1751,1,0,1
room_closed_c0_s1,3,41,0,19.290500000000002,1,0,1
room_closed_c0_s1,3,42,0,18.996099999999998,1,0,1
room_closed_c0_s1,3,43,0,18.946999999999999,1,0,1
room_closed_c0_s1,3,44,0,18.740600000000001,1,0,1
room_closed_c0_s1,3,45,0,18.700199999999999,1,0,1
room_closed_c0_s1,3,46,0,18.739799999999999,1,0,1
room_closed_c0_s1,3,47,0,18.729500000000002,1,0,1
room_closed_c0_s1,3,48,0,18.559699999999999,1,0,1
room_closed_c0_s1,3,49,0,19.050999999999998,1,0,1
room_closed_c0_s1,3,50,0,18.5547,1,0,1
room_closed_c0_s1,3,51,0,18.651800000000001,1,0,1
room_closed_c0_s1,3,52,0,18.980599999999999,1,0,1
room_closed_c0_s1,3,53,0,18.637699999999999,1,0,1
room_closed_c0_s1,3,54,0,18.511500000000002,1,0,1
room_closed_c0_s1,3,55,0,18.773499999999999,1,0,1
room_closed_c0_s1,3,56,0,18.653600000000001,1,0,1
room_closed_c0_s1,3,57,0,18.948499999999999,1,0,1
room_closed_c0_s1,3,58,0,18.732500000000002,1,0,1
room_closed_c0_s1,3,59,0,18.977,1,0,1
room_closed_c0_s1,3,60,0,18.747,1,0,1
room_closed_c0_s1,3,61,0,19.090499999999999,1,0,1
room_closed_c0_s1,3,62,0,19.0626,1,0,1
room_closed_c0_s1,3,63,0,19.218599999999999,1,0,1
room_closed_c0_s1,3,64,0,19.230599999999999,1,0,1
room_closed_c0_s1,3,65,0,18.7502,1,0,1
room_closed_c0_s1,3,66,0,18.764099999999999,1,0,1
room_closed_c0_s1,3,67,0,19.043600000000001,1,0,1
room_closed_c0_s1,3,68,0,18.770199999999999,1,0,1
room_closed_c0_s1,3,69,0,18.700700000000001,1,0,1
room_closed_c0_s1,3,70,0,19.092600000000001,1,0,1
room_closed_c0_s1,3,71,0,19.094000000000001,1,0,1
room_closed_c0_s1,3,72,0,18.798400000000001,1,0,1
room_closed_c0_s1,3,73,0,19.040299999999998,1,0,1
room_closed_c0_s1,3,74,0,18.8447,1,0,1
room_closed_c0_s1,3,75,0,18.918199999999999,1,0,1
room_closed_c0_s1,3,76,0,18.950099999999999,1,0,1
room_closed_c0_s1,3,77,0,18.625299999999999,1,0,1
room_closed_c0_s1,3,78,0,18.6904,1,0,1
room_closed_c0_s1,3,79,0,18.8794,1,0,1
room_closed_c0_s1,3,80,0,18.8508,1,0,1
room_closed_c0_s1,3,81,0,18.7407,1,0,1
room_closed_c0_s1,3,82,0,18.700199999999999,1,0,1
room_closed_c0_s1,3,83,0,18.625399999999999,1,0,1
room_closed_c0_s1,3,84,0,18.6252,1,0,1
room_closed_c0_s1,3,85,0,18.745699999999999,1,0,1
room_closed_c0_s1,3,86,0,18.607600000000001,1,0,1
room_closed_c0_s1,3,87,0,18.6617,1,0,1
room_closed_c0_s1,3,88,0,18.773,1,0,1
room_closed_c0_s1,3,89,0,18.813099999999999,1,0,1
room_closed_c0_s1,3,90,0,19.0427,1,0,1
room_closed_c0_s1,3,91,0,19.316099999999999,1,0,1
room_closed_c0_s1,3,92,0,18.787099999999999,1,0,1
room_closed_c0_s1,3,93,0,18.822800000000001,1,0,1
room_closed_c0_s1,3,94,0,18.621099999999998,1,0,1
room_closed_c0_s1,3,95,0,18.734999999999999,1,0,1
room_closed_c0_s1,3,96,0,18.676600000000001,1,0,1
room_closed_c0_s1,3,97,0,19.161999999999999,1,0,1
room_closed_c0_s1,3,98,0,18.566800000000001,1,0,1
room_closed_c0_s1,3,99,0,18.52,1,0,1
room_closed_c0_s1,3,100,0,18.640699999999999,1,0,1
room_closed_c0_s1,3,101,0,18.805299999999999,1,0,1
room_closed_c0_s1,3,102,0,18.722999999999999,1,0,1
room_closed_c0_s1,3,103,0,18.672699999999999,1,0,1
room_closed_c0_s1,3,104,0,18.474799999999998,1,0,1
room_closed_c0_s1,3,105,0,18.548400000000001,1,0,1
room_closed_c0_s1,3,106,0,19.096900000000002,1,0,1
room_closed_c0_s1,3,107,0,19.0824,1,0,1
room_closed_c0_s1,3,108,0,18.851900000000001,1,0,1
room_closed_c0_s1,3,109,0,20.7012,1,0,1
room_closed_c0_s1,3,110,0,18.692499999999999,1,0,1
room_closed_c0_s1,3,111,0,18.902899999999999,1,0,1
room_closed_c0_s1,3,112,0,19.296700000000001,1,0,1
room_closed_c0_s1,3,113,0,18.776900000000001,1,0,1
room_closed_c0_s1,3,114,0,18.9986,1,0,1
room_closed_c0_s1,3,115,0,19.358899999999998,1,0,1
room_closed_c0_s1,3,116,0,19.1313,1,0,1
room_closed_c0_s1,3,117,0,18.9892,1,0,1
room_closed_c0_s1,3,118,0,18.7242,1,0,1
room_closed_c0_s1,3,119,0,18.7165,1,0,1
room_closed_c0_s1,3,120,0,18.789999999999999,1,0,1
room_closed_c0_s1,3,121,0,18.967600000000001,1,0,1
room_closed_c0_s1,3,122,0,18.930700000000002,1,0,1
room_closed_c0_s1,3,123,0,19.143899999999999,1,0,1
room_closed_c0_s1,3,124,0,18.927199999999999,1,0,1
room_closed_c0_s1,3,125,0,18.965,1,0,1
room_closed_c0_s1,3,126,0,18.6797,1,0,1
room_closed_c0_s1,3,127,0,18.851299999999998,1,0,1
room_closed_c0_s1,3,128,0,18.738600000000002,1,0,1
room_closed_c0_s1,3,129,0,18.714600000000001,1,0,1
room_closed_c0_s1,3,130,0,18.7498,1,0,1
room_closed_c0_s1,3,131,0,18.538499999999999,1,0,1
room_closed_c0_s1,3,132,0,18.613199999999999,1,0,1
room_closed_c0_s1,3,133,0,19.142099999999999,1,0,1
room_closed_c0_s1,3,134,0,18.870899999999999,1,0,1
room_closed_c0_s1,3,135,0,18.925899999999999,1,0,1
room_closed_c0_s1,3,136,0,18.901499999999999,1,0,1
room_closed_c0_s1,3,137,0,18.647400000000001,1,0,1
room_closed_c0_s1,3,138,0,18.764500000000002,1,0,1
room_closed_c0_s1,3,139,0,19.416499999999999,1,0,1
room_closed_c0_s1,3,140,0,19.193000000000001,1,0,1
room_closed_c0_s1,3,141,0,18.936699999999998,1,0,1
room_closed_c0_s1,3,142,0,18.7941,1,0,1
room_closed_c0_s1,3,143,0,18.5656,1,0,1
room_closed_c0_s1,3,144,0,18.8123,1,0,1
room_closed_c0_s1,3,145,0,18.5641,1,0,1
room_closed_c0_s1,3,146,0,18.7622,1,0,1
room_closed_c0_s1,3,147,0,18.778500000000001,1,0,1
room_closed_c0_s1,3,148,0,18.8522,1,0,1
room_closed_c0_s1,3,149,0,18.538,1,0,1
room_closed_c0_s1,3,150,0,18.551200000000001,1,0,1
room_closed_c0_s1,3,151,0,18.8294,1,0,1
room_closed_c0_s1,3,152,0,18.624600000000001,1,0,1
room_closed_c0_s1,3,153,0,18.657,1,0,1
room_closed_c0_s1,3,154,0,18.941299999999998,1,0,1
room_closed_c0_s1,3,155,0,18.668500000000002,1,0,1
room_closed_c0_s1,3,156,0,18.514099999999999,1,0,1
room_closed_c0_s1,3,157,0,18.716200000000001,1,0,1
room_closed_c0_s1,3,158,0,18.734999999999999,1,0,1
room_closed_c0_s1,3,159,0,18.5838,1,0,1
room_closed_c0_s1,3,160,0,18.8141,1,0,1
room_closed_c0_s1,3,161,0,18.716699999999999,1,0,1
room_closed_c0_s1,3,162,0,18.7927,1,0,1
room_closed_c0_s1,3,163,0,19.1526,1,0,1
room_closed_c0_s1,3,164,0,18.754300000000001,1,0,1
room_closed_c0_s1,3,165,0,18.814,1,0,1
room_closed_c0_s1,3,166,0,18.7791,1,0,1
room_closed_c0_s1,3,167,0,18.577400000000001,1,0,1
room_closed_c0_s1,3,168,0,18.564,1,0,1
room_closed_c0_s1,3,169,0,19.1569,1,0,1
room_closed_c0_s1,3,170,0,18.847999999999999,1,0,1
room_closed_c0_s1,3,171,0,18.730799999999999,1,0,1
room_closed_c0_s1,3,172,0,18.9116,1,0,1
room_closed_c0_s1,3,173,0,19.033200000000001,1,0,1
room_closed_c0_s1,3,174,0,18.531199999999998,1,0,1
room_closed_c0_s1,3,175,0,18.723600000000001,1,0,1
room_closed_c0_s1,3,176,0,18.7348,1,0,1
room_closed_c0_s1,3,177,0,18.680299999999999,1,0,1
room_closed_c0_s1,3,178,0,18.8201,1,0,1
room_closed_c0_s1,3,179,0,18.497499999999999,1,0,1
room_closed_c0_s1,3,180,0,18.5975,1,0,1
room_closed_c0_s1,3,181,0,18.914200000000001,1,0,1
room_closed_c0_s1,3,182,0,18.544499999999999,1,0,1
room_closed_c0_s1,3,183,0,18.539400000000001,1,0,1
room_closed_c0_s1,3,184,0,18.6723,1,0,1
room_closed_c0_s1,3,185,0,18.642099999999999,1,0,1
room_closed_c0_s1,3,186,0,18.688099999999999,1,0,1
room_closed_c0_s1,3,187,0,18.8169,1,0,1
room_closed_c0_s1,3,188,0,18.8978,1,0,1
room_closed_c0_s1,3,189,0,18.707899999999999,1,0,1
room_closed_c0_s1,3,190,0,18.771000000000001,1,0,1
room_closed_c0_s1,3,191,0,18.779900000000001,1,0,1
room_closed_c0_s1,3,192,0,18.659600000000001,1,0,1
room_closed_c0_s1,3,193,0,18.794499999999999,1,0,1
room_closed_c0_s1,3,194,0,18.777899999999999,1,0,1
room_closed_c0_s1,3,195,0,18.724599999999999,1,0,1
room_closed_c0_s1,3,196,0,18.587,1,0,1
room_closed_c0_s1,3,197,0,18.788,1,0,1
room_closed_c0_s1,3,198,0,18.600899999999999,1,0,1
room_closed_c0_s1,3,199,0,18.683,1,0,1
room_closed_c0_s1,3,200,0,18.6829,1,0,1
room_closed_c0_s1,3,201,0,18.7822,1,0,1
room_closed_c0_s1,3,202,0,18.955100000000002,1,0,1
room_closed_c0_s1,3,203,0,18.667999999999999,1,0,1
room_closed_c0_s1,3,204,0,18.601299999999998,1,0,1
room_closed_c0_s1,3,205,0,19.156500000000001,1,0,1
room_closed_c0_s1,3,206,0,18.6615,1,0,1
room_closed_c0_s1,3,207,0,18.6098,1,0,1
room_closed_c0_s1,3,208,0,18.8521,1,0,1
room_closed_c0_s1,3,209,0,18.560300000000002,1,0,1
room_closed_c0_s1,3,210,0,18.763000000000002,1,0,1
room_closed_c0_s1,3,211,0,18.983699999999999,1,0,1
room_closed_c0_s1,3,212,0,19.945499999999999,1,0,1
room_closed_c0_s1,3,213,0,18.704499999999999,1,0,1
room_closed_c0_s1,3,214,0,18.9466,1,0,1
room_closed_c0_s1,3,215,0,18.9588,1,0,1
room_closed_c0_s1,3,216,0,18.633099999999999,1,0,1
room_closed_c0_s1,3,217,0,19.069400000000002,1,0,1
room_closed_c0_s1,3,218,0,19.066099999999999,1,0,1
room_closed_c0_s1,3,219,0,18.617599999999999,1,0,1
room_closed_c0_s1,3,220,0,18.674800000000001,1,0,1
room_closed_c0_s1,3,221,0,18.624199999999998,1,0,1
room_closed_c0_s1,3,222,0,18.8078,1,0,1
room_closed_c0_s1,3,223,0,18.6783,1,0,1
room_closed_c0_s1,3,224,0,18.7196,1,0,1
room_closed_c0_s1,3,225,0,19.066199999999998,1,0,1
room_closed_c0_s1,3,226,0,18.643999999999998,1,0,1
room_closed_c0_s1,3,227,0,18.676300000000001,1,0,1
room_closed_c0_s1,3,228,0,18.6004,1,0,1
room_closed_c0_s1,3,229,0,18.559000000000001,1,0,1
room_closed_c0_s1,3,230,0,18.696100000000001,1,0,1
room_closed_c0_s1,3,231,0,18.636299999999999,1,0,1
room_closed_c0_s1,3,232,0,18.856000000000002,1,0,1
room_closed_c0_s1,3,233,0,18.658300000000001,1,0,1
room_closed_c0_s1,3,234,0,18.5304,1,0,1
room_closed_c0_s1,3,235,0,18.799399999999999,1,0,1
room_closed_c0_s1,3,236,0,18.627199999999998,1,0,1
room_closed_c0_s1,3,237,0,18.677600000000002,1,0,1
room_closed_c0_s1,3,238,0,18.760400000000001,1,0,1
room_closed_c0_s1,3,239,0,18.631,1,0,1
room_closed_c0_s1,3,240,0,18.745200000000001,1,0,1
room_closed_c0_s1,3,241,0,19.159500000000001,1,0,1
room_closed_c0_s1,3,242,0,18.722100000000001,1,0,1
room_closed_c0_s1,3,243,0,18.775099999999998,1,0,1
room_closed_c0_s1,3,244,0,18.9754,1,0,1
room_closed_c0_s1,3,245,0,18.8719,1,0,1
room_closed_c0_s1,3,246,0,19.044699999999999,1,0,1
room_closed_c0_s1,3,247,0,18.933,1,0,1
room_closed_c0_s1,3,248,0,18.633199999999999,1,0,1
room_closed_c0_s1,3,249,0,18.6692,1,0,1
room_closed_c0_s1,3,250,0,18.7257,1,0,1
room_closed_c0_s1,3,251,0,18.667000000000002,1,0,1
room_closed_c0_s1,3,252,0,18.5566,1,0,1
room_closed_c0_s1,3,253,0,18.9009,1,0,1
room_closed_c0_s1,3,254,0,18.599,1,0,1
room_closed_c0_s1,3,255,0,18.605799999999999,1,0,1
room_closed_c0_s1,3,256,0,19.0533,1,0,1
room_closed_c0_s1,3,257,0,18.6496,1,0,1
room_closed_c0_s1,3,258,0,18.715900000000001,1,0,1
room_closed_c0_s1,3,259,0,18.9009,1,0,1
room_closed_c0_s1,3,260,0,18.6252,1,0,1
room_closed_c0_s1,3,261,0,18.704899999999999,1,0,1
room_closed_c0_s1,3,262,0,18.988399999999999,1,0,1
room_closed_c0_s1,3,263,0,18.763999999999999,1,0,1
room_closed_c0_s1,3,264,0,19.405799999999999,1,0,1
room_closed_c0_s1,3,265,0,18.885999999999999,1,0,1
room_closed_c0_s1,3,266,0,18.767399999999999,1,0,1
room_closed_c0_s1,3,267,0,18.6875,1,0,1
room_closed_c0_s1,3,268,0,18.904299999999999,1,0,1
room_closed_c0_s1,3,269,0,18.595400000000001,1,0,1
room_closed_c0_s1,3,270,0,18.628900000000002,1,0,1
room_closed_c0_s1,3,271,0,18.742100000000001,1,0,1
room_closed_c0_s1,3,272,0,18.784400000000002,1,0,1
room_closed_c0_s1,3,273,0,18.5091,1,0,1
room_closed_c0_s1,3,274,0,18.7315,1,0,1
room_closed_c0_s1,3,275,0,18.6188,1,0,1
room_closed_c0_s1,3,276,0,18.663599999999999,1,0,1
room_closed_c0_s1,3,277,0,18.981999999999999,1,0,1
room_closed_c0_s1,3,278,0,18.9892,1,0,1
room_closed_c0_s1,3,279,0,18.561399999999999,1,0,1
room_closed_c0_s1,3,280,0,18.895399999999999,1,0,1
room_closed_c0_s1,3,281,0,18.706399999999999,1,0,1
room_closed_c0_s1,3,282,0,18.580400000000001,1,0,1
room_closed_c0_s1,3,283,0,18.764500000000002,1,0,1
room_closed_c0_s1,3,284,0,18.8169,1,0,1
room_closed_c0_s1,3,285,0,18.642800000000001,1,0,1
room_closed_c0_s1,3,286,0,18.665500000000002,1,0,1
room_closed_c0_s1,3,287,0,18.676400000000001,1,0,1
room_closed_c0_s1,3,288,0,18.585100000000001,1,0,1
room_closed_c1_s0,3,1,1,13.323499999999999,0,1,1
room_closed_c1_s0,3,2,1,13.335100000000001,0,1,1
room_closed_c1_s0,3,3,1,12.348100000000001,0,1,1
room_closed_c1_s0,3,4,1,12.1333,0,1,1
room_closed_c1_s0,3,5,1,12.3286,0,1,1
room_closed_c1_s0,3,6,1,12.0511,0,1,1
room_closed_c1_s0,3,7,1,12.2845,0,1,1
room_closed_c1_s0,3,8,1,12.1035,0,1,1
room_closed_c1_s0,3,9,1,12.125500000000001,0,1,1
room_closed_c1_s0,3,10,1,12.1343,0,1,1
room_closed_c1_s0,3,11,1,12.123699999999999,0,1,1
room_closed_c1_s0,3,12,1,12.2195,0,1,1
room_closed_c1_s0,3,13,1,12.3575,0,1,1
room_closed_c1_s0,3,14,1,12.122999999999999,0,1,1
room_closed_c1_s0,3,15,1,12.033099999999999,0,1,1
room_closed_c1_s0,3,16,1,12.348100000000001,0,1,1
room_closed_c1_s0,3,17,1,12.047000000000001,0,1,1
room_closed_c1_s0,3,18,1,12.126300000000001,0,1,1
room_closed_c1_s0,3,19,1,12.2067,0,1,1
room_closed_c1_s0,3,20,1,12.3453,0,1,1
room_closed_c1_s0,3,21,1,12.175599999999999,0,1,1
room_closed_c1_s0,3,22,1,12.161799999999999,0,1,1
room_closed_c1_s0,3,23,1,12.186999999999999,0,1,1
room_closed_c1_s0,3,24,1,12.092700000000001,0,1,1
room_closed_c1_s0,3,25,1,12.466900000000001,0,1,1
room_closed_c1_s0,3,26,1,12.4673,0,1,1
room_closed_c1_s0,3,27,1,12.3704,0,1,1
room_closed_c1_s0,3,28,1,13.254,0,1,1
room_closed_c1_s0,3,29,1,12.7456,0,1,1
room_closed_c1_s0,3,30,1,12.4283,0,1,1
room_closed_c1_s0,3,31,1,12.5327,0,1,1
room_closed_c1_s0,3,32,1,12.510199999999999,0,1,1
room_closed_c1_s0,3,33,0,12.268700000000001,0,1,1
room_closed_c1_s0,3,34,0,12.017200000000001,0,1,1
room_closed_c1_s0,3,35,0,12.2684,0,1,1
room_closed_c1_s0,3,36,0,12.082800000000001,0,1,1
room_closed_c1_s0,3,37,0,12.3996,0,1,1
room_closed_c1_s0,3,38,0,12.926299999999999,0,1,1
room_closed_c1_s0,3,39,0,12.7807,0,1,1
room_closed_c1_s0,3,40,0,12.4236,0,1,1
room_closed_c1_s0,3,41,0,12.6938,0,1,1
room_closed_c1_s0,3,42,0,12.2395,0,1,1
room_closed_c1_s0,3,43,0,12.0878,0,1,1
room_closed_c1_s0,3,44,0,12.0991,0,1,1
room_closed_c1_s0,3,45,0,12.051500000000001,0,1,1
room_closed_c1_s0,3,46,0,12.2463,0,1,1
room_closed_c1_s0,3,47,0,12.0928,0,1,1
room_closed_c1_s0,3,48,0,11.895799999999999,0,1,1
room_closed_c1_s0,3,49,0,12.0547,0,1,1
room_closed_c1_s0,3,50,0,12.236000000000001,0,1,1
room_closed_c1_s0,3,51,0,12.3969,0,1,1
room_closed_c1_s0,3,52,0,12.567399999999999,0,1,1
room_closed_c1_s0,3,53,0,12.2721,0,1,1
room_closed_c1_s0,3,54,0,12.3826,0,1,1
room_closed_c1_s0,3,55,0,12.947100000000001,0,1,1
room_closed_c1_s0,3,56,0,12.190899999999999,0,1,1
room_closed_c1_s0,3,57,0,12.2127,0,1,1
room_closed_c1_s0,3,58,0,12.059900000000001,0,1,1
room_closed_c1_s0,3,59,0,12.134399999999999,0,1,1
room_closed_c1_s0,3,60,0,12.2264,0,1,1
room_closed_c1_s0,3,61,0,12.966699999999999,0,1,1
room_closed_c1_s0,3,62,0,12.8507,0,1,1
room_closed_c1_s0,3,63,0,12.5046,0,1,1
room_closed_c1_s0,3,64,0,12.4328,0,1,1
room_closed_c1_s0,3,65,0,12.2547,0,1,1
room_closed_c1_s0,3,66,0,12.125299999999999,0,1,1
room_closed_c1_s0,3,67,0,12.382199999999999,0,1,1
room_closed_c1_s0,3,68,0,12.117100000000001,0,1,1
room_closed_c1_s0,3,69,0,12.4976,0,1,1
room_closed_c1_s0,3,70,0,12.0526,0,1,1
room_closed_c1_s0,3,71,0,12.1692,0,1,1
room_closed_c1_s0,3,72,0,12.199299999999999,0,1,1
room_closed_c1_s0,3,73,0,12.254,0,1,1
room_closed_c1_s0,3,74,0,13.946300000000001,0,1,1
room_closed_c1_s0,3,75,0,12.3215,0,1,1
room_closed_c1_s0,3,76,0,12.316000000000001,0,1,1
room_closed_c1_s0,3,77,0,12.144500000000001,0,1,1
room_closed_c1_s0,3,78,0,12.209300000000001,0,1,1
room_closed_c1_s0,3,79,0,12.166399999999999,0,1,1
room_closed_c1_s0,3,80,0,12.0318,0,1,1
room_closed_c1_s0,3,81,0,11.971500000000001,0,1,1
room_closed_c1_s0,3,82,0,12.4626,0,1,1
room_closed_c1_s0,3,83,0,12.2766,0,1,1
room_closed_c1_s0,3,84,0,12.372400000000001,0,1,1
room_closed_c1_s0,3,85,0,12.385300000000001,0,1,1
room_closed_c1_s0,3,86,0,11.982699999999999,0,1,1
room_closed_c1_s0,3,87,0,11.9948,0,1,1
room_closed_c1_s0,3,88,0,12.436500000000001,0,1,1
room_closed_c1_s0,3,89,0,11.9856,0,1,1
room_closed_c1_s0,3,90,0,12.0145,0,1,1
room_closed_c1_s0,3,91,0,12.485200000000001,0,1,1
room_closed_c1_s0,3,92,0,12.2811,0,1,1
room_closed_c1_s0,3,93,0,12.1868,0,1,1
room_closed_c1_s0,3,94,0,12.3179,0,1,1
room_closed_c1_s0,3,95,0,12.216900000000001,0,1,1
room_closed_c1_s0,3,96,0,12.3453,0,1,1
room_closed_c1_s0,3,97,0,12.242100000000001,0,1,1
room_closed_c1_s0,3,98,0,12.324400000000001,0,1,1
room_closed_c1_s0,3,99,0,12.597300000000001,0,1,1
room_closed_c1_s0,3,100,0,12.0648,0,1,1
room_closed_c1_s0,3,101,0,11.994,0,1,1
room_closed_c1_s0,3,102,0,12.5593,0,1,1
room_closed_c1_s0,3,103,0,12.0358,0,1,1
room_closed_c1_s0,3,104,0,12.207700000000001,0,1,1
room_closed_c1_s0,3,105,0,12.2342,0,1,1
room_closed_c1_s0,3,106,0,12.2652,0,1,1
room_closed_c1_s0,3,107,0,11.944599999999999,0,1,1
room_closed_c1_s0,3,108,0,12.070600000000001,0,1,1
room_closed_c1_s0,3,109,0,12.0176,0,1,1
room_closed_c1_s0,3,110,0,12.323600000000001,0,1,1
room_closed_c1_s0,3,111,0,11.9886,0,1,1
room_closed_c1_s0,3,112,0,12.152699999999999,0,1,1
room_closed_c1_s0,3,113,0,12.1411,0,1,1
room_closed_c1_s0,3,114,0,12.236000000000001,0,1,1
room_closed_c1_s0,3,115,0,12.918100000000001,0,1,1
room_closed_c1_s0,3,116,0,12.203099999999999,0,1,1
room_closed_c1_s0,3,117,0,12.003,0,1,1
room_closed_c1_s0,3,118,0,12.248100000000001,0,1,1
room_closed_c1_s0,3,119,0,12.0984,0,1,1
room_closed_c1_s0,3,120,0,11.9879,0,1,1
room_closed_c1_s0,3,121,0,12.2775,0,1,1
room_closed_c1_s0,3,122,0,12.007899999999999,0,1,1
room_closed_c1_s0,3,123,0,12.365600000000001,0,1,1
room_closed_c1_s0,3,124,0,12.3285,0,1,1
room_closed_c1_s0,3,125,0,11.9932,0,1,1
room_closed_c1_s0,3,126,0,12.2201,0,1,1
room_closed_c1_s0,3,127,0,12.559900000000001,0,1,1
room_closed_c1_s0,3,128,0,12.2561,0,1,1
room_closed_c1_s0,3,129,0,12.224500000000001,0,1,1
room_closed_c1_s0,3,130,0,12.6068,0,1,1
room_closed_c1_s0,3,131,0,12.104100000000001,0,1,1
room_closed_c1_s0,3,132,0,12.283200000000001,0,1,1
room_closed_c1_s0,3,133,0,12.162100000000001,0,1,1
room_closed_c1_s0,3,134,0,12.032999999999999,0,1,1
room_closed_c1_s0,3,135,0,12.3001,0,1,1
room_closed_c1_s0,3,136,0,12.3026,0,1,1
room_closed_c1_s0,3,137,0,12.264699999999999,0,1,1
room_closed_c1_s0,3,138,0,12.186299999999999,0,1,1
room_closed_c1_s0,3,139,0,12.349500000000001,0,1,1
room_closed_c1_s0,3,140,0,12.2553,0,1,1
room_closed_c1_s0,3,141,0,12.260300000000001,0,1,1
room_closed_c1_s0,3,142,0,12.150600000000001,0,1,1
room_closed_c1_s0,3,143,0,12.249499999999999,0,1,1
room_closed_c1_s0,3,144,0,12.0861,0,1,1
room_closed_c1_s0,3,145,0,12.374499999999999,0,1,1
room_closed_c1_s0,3,146,0,12.1005,0,1,1
room_closed_c1_s0,3,147,0,12.2936,0,1,1
room_closed_c1_s0,3,148,0,12.110900000000001,0,1,1
room_closed_c1_s0,3,149,0,12.0608,0,1,1
room_closed_c1_s0,3,150,0,12.193300000000001,0,1,1
room_closed_c1_s0,3,151,0,12.9275,0,1,1
room_closed_c1_s0,3,152,0,12.6502,0,1,1
room_closed_c1_s0,3,153,0,12.5358,0,1,1
room_closed_c1_s0,3,154,0,12.051399999999999,0,1,1
room_closed_c1_s0,3,155,0,12.214,0,1,1
room_closed_c1_s0,3,156,0,12.1701,0,1,1
room_closed_c1_s0,3,157,0,12.23,0,1,1
room_closed_c1_s0,3,158,0,11.9171,0,1,1
room_closed_c1_s0,3,159,0,12.0192,0,1,1
room_closed_c1_s0,3,160,0,11.8935,0,1,1
room_closed_c1_s0,3,161,0,12.168699999999999,0,1,1
room_closed_c1_s0,3,162,0,12.182700000000001,0,1,1
room_closed_c1_s0,3,163,0,12.2995,0,1,1
room_closed_c1_s0,3,164,0,12.1539,0,1,1
room_closed_c1_s0,3,165,0,12.3375,0,1,1
room_closed_c1_s0,3,166,0,12.1944,0,1,1
room_closed_c1_s0,3,167,0,12.114800000000001,0,1,1
room_closed_c1_s0,3,168,0,11.981999999999999,0,1,1
room_closed_c1_s0,3,169,0,12.2683,0,1,1
room_closed_c1_s0,3,170,0,11.940099999999999,0,1,1
room_closed_c1_s0,3,171,0,11.8889,0,1,1
room_closed_c1_s0,3,172,0,12.160299999999999,0,1,1
room_closed_c1_s0,3,173,0,11.9893,0,1,1
room_closed_c1_s0,3,174,0,11.9381,0,1,1
room_closed_c1_s0,3,175,0,12.7454,0,1,1
room_closed_c1_s0,3,176,0,12.254099999999999,0,1,1
room_closed_c1_s0,3,177,0,12.7204,0,1,1
room_closed_c1_s0,3,178,0,12.3993,0,1,1
room_closed_c1_s0,3,179,0,11.971500000000001,0,1,1
room_closed_c1_s0,3,180,0,12.1373,0,1,1
room_closed_c1_s0,3,181,0,12.205500000000001,0,1,1
room_closed_c1_s0,3,182,0,12.276899999999999,0,1,1
room_closed_c1_s0,3,183,0,12.324299999999999,0,1,1
room_closed_c1_s0,3,184,0,12.256,0,1,1
room_closed_c1_s0,3,185,0,12.200699999999999,0,1,1
room_closed_c1_s0,3,186,0,12.233700000000001,0,1,1
room_closed_c1_s0,3,187,0,12.2536,0,1,1
room_closed_c1_s0,3,188,0,12.4831,0,1,1
room_closed_c1_s0,3,189,0,12.692,0,1,1
room_closed_c1_s0,3,190,0,12.062900000000001,0,1,1
room_closed_c1_s0,3,191,0,11.981199999999999,0,1,1
room_closed_c1_s0,3,192,0,12.276999999999999,0,1,1
room_closed_c1_s0,3,193,0,12.111700000000001,0,1,1
room_closed_c1_s0,3,194,0,12.1523,0,1,1
room_closed_c1_s0,3,195,0,12.177899999999999,0,1,1
room_closed_c1_s0,3,196,0,12.3004,0,1,1
room_closed_c1_s0,3,197,0,12.1374,0,1,1
room_closed_c1_s0,3,198,0,12.4102,0,1,1
room_closed_c1_s0,3,199,0,12.0265,0,1,1
room_closed_c1_s0,3,200,0,12.1755,0,1,1
room_closed_c1_s0,3,201,0,12.1092,0,1,1
room_closed_c1_s0,3,202,0,12.0791,0,1,1
room_closed_c1_s0,3,203,0,12.289400000000001,0,1,1
room_closed_c1_s0,3,204,0,12.244300000000001,0,1,1
room_closed_c1_s0,3,205,0,12.220499999999999,0,1,1
room_closed_c1_s0,3,206,0,12.3185,0,1,1
room_closed_c1_s0,3,207,0,12.206099999999999,0,1,1
room_closed_c1_s0,3,208,0,12.492000000000001,0,1,1
room_closed_c1_s0,3,209,0,12.0801,0,1,1
room_closed_c1_s0,3,210,0,12.409700000000001,0,1,1
room_closed_c1_s0,3,211,0,12.098599999999999,0,1,1
room_closed_c1_s0,3,212,0,12.0603,0,1,1
room_closed_c1_s0,3,213,0,11.9838,0,1,1
room_closed_c1_s0,3,214,0,12.201000000000001,0,1,1
room_closed_c1_s0,3,215,0,11.9747,0,1,1
room_closed_c1_s0,3,216,0,12.0543,0,1,1
room_closed_c1_s0,3,217,0,12.436,0,1,1
room_closed_c1_s0,3,218,0,12.0891,0,1,1
room_closed_c1_s0,3,219,0,13.060499999999999,0,1,1
room_closed_c1_s0,3,220,0,12.568300000000001,0,1,1
room_closed_c1_s0,3,221,0,11.9819,0,1,1
room_closed_c1_s0,3,222,0,12.2674,0,1,1
room_closed_c1_s0,3,223,0,12.423,0,1,1
room_closed_c1_s0,3,224,0,12.033300000000001,0,1,1
room_closed_c1_s0,3,225,0,12.242699999999999,0,1,1
room_closed_c1_s0,3,226,0,12.186199999999999,0,1,1
room_closed_c1_s0,3,227,0,12.1546,0,1,1
room_closed_c1_s0,3,228,0,12.2464,0,1,1
room_closed_c1_s0,3,229,0,12.313000000000001,0,1,1
room_closed_c1_s0,3,230,0,12.160299999999999,0,1,1
room_closed_c1_s0,3,231,0,12.0169,0,1,1
room_closed_c1_s0,3,232,0,12.117599999999999,0,1,1
room_closed_c1_s0,3,233,0,12.287699999999999,0,1,1
room_closed_c1_s0,3,234,0,12.520300000000001,0,1,1
room_closed_c1_s0,3,235,0,12.412800000000001,0,1,1
room_closed_c1_s0,3,236,0,12.946099999999999,0,1,1
room_closed_c1_s0,3,237,0,12.4764,0,1,1
room_closed_c1_s0,3,238,0,12.1035,0,1,1
room_closed_c1_s0,3,239,0,12.1111,0,1,1
room_closed_c1_s0,3,240,0,12.2094,0,1,1
room_closed_c1_s0,3,241,0,12.1012,0,1,1
room_closed_c1_s0,3,242,0,11.9856,0,1,1
room_closed_c1_s0,3,243,0,12.6174,0,1,1
room_closed_c1_s0,3,244,0,12.613899999999999,0,1,1
room_closed_c1_s0,3,245,0,12.403,0,1,1
room_closed_c1_s0,3,246,0,12.1333,0,1,1
room_closed_c1_s0,3,247,0,12.567500000000001,0,1,1
room_closed_c1_s0,3,248,0,12.162699999999999,0,1,1
room_closed_c1_s0,3,249,0,12.248100000000001,0,1,1
room_closed_c1_s0,3,250,0,12.0001,0,1,1
room_closed_c1_s0,3,251,0,12.0289,0,1,1
room_closed_c1_s0,3,252,0,12.1897,0,1,1
room_closed_c1_s0,3,253,0,12.367599999999999,0,1,1
room_closed_c1_s0,3,254,0,12.2212,0,1,1
room_closed_c1_s0,3,255,0,12.316800000000001,0,1,1
room_closed_c1_s0,3,256,0,12.283300000000001,0,1,1
room_closed_c1_s0,3,257,0,12.301,0,1,1
room_closed_c1_s0,3,258,0,12.1722,0,1,1
room_closed_c1_s0,3,259,0,12.3927,0,1,1
room_closed_c1_s0,3,260,0,12.1486,0,1,1
room_closed_c1_s0,3,261,0,12.3866,0,1,1
room_closed_c1_s0,3,262,0,12.1928,0,1,1
room_closed_c1_s0,3,263,0,12.104699999999999,0,1,1
room_closed_c1_s0,3,264,0,11.966699999999999,0,1,1
room_closed_c1_s0,3,265,0,12.371,0,1,1
room_closed_c1_s0,3,266,0,11.914300000000001,0,1,1
room_closed_c1_s0,3,267,0,12.2036,0,1,1
room_closed_c1_s0,3,268,0,12.359299999999999,0,1,1
room_closed_c1_s0,3,269,0,12.0686,0,1,1
room_closed_c1_s0,3,270,0,12.029999999999999,0,1,1
room_closed_c1_s0,3,271,0,12.237299999999999,0,1,1
room_closed_c1_s0,3,272,0,12.130800000000001,0,1,1
room_closed_c1_s0,3,273,0,12.032,0,1,1
room_closed_c1_s0,3,274,0,11.977399999999999,0,1,1
room_closed_c1_s0,3,275,0,12.0113,0,1,1
room_closed_c1_s0,3,276,0,11.9785,0,1,1
room_closed_c1_s0,3,277,0,12.249000000000001,0,1,1
room_closed_c1_s0,3,278,0,12.17,0,1,1
room_closed_c1_s0,3,279,0,12.106199999999999,0,1,1
room_closed_c1_s0,3,280,0,12.332100000000001,0,1,1
room_closed_c1_s0,3,281,0,12.2254,0,1,1
room_closed_c1_s0,3,282,0,12.35,0,1,1
room_closed_c1_s0,3,283,0,11.9985,0,1,1
room_closed_c1_s0,3,284,0,12.3957,0,1,1
room_closed_c1_s0,3,285,0,12.4016,0,1,1
room_closed_c1_s0,3,286,0,12.265000000000001,0,1,1
room_closed_c1_s0,3,287,0,11.966900000000001,0,1,1
room_closed_c1_s0,3,288,0,12.117900000000001,0,1,1
room_closed_c1_s1,3,1,1,25.5243,1,1,1
room_closed_c1_s1,3,2,1,24.777799999999999,1,1,1
room_closed_c1_s1,3,3,1,24.636099999999999,1,1,1
room_closed_c1_s1,3,4,1,24.323499999999999,1,1,1
room_closed_c1_s1,3,5,1,24.7484,1,1,1
room_closed_c1_s1,3,6,1,25.334599999999998,1,1,1
room_closed_c1_s1,3,7,1,24.296399999999998,1,1,1
room_closed_c1_s1,3,8,1,25.0932,1,1,1
room_closed_c1_s1,3,9,1,24.905799999999999,1,1,1
room_closed_c1_s1,3,10,1,24.926600000000001,1,1,1
room_closed_c1_s1,3,11,1,24.687799999999999,1,1,1
room_closed_c1_s1,3,12,1,25.167000000000002,1,1,1
room_closed_c1_s1,3,13,1,24.372800000000002,1,1,1
room_closed_c1_s1,3,14,1,25.073599999999999,1,1,1
room_closed_c1_s1,3,15,1,24.6295,1,1,1
room_closed_c1_s1,3,16,1,25.073799999999999,1,1,1
room_closed_c1_s1,3,17,1,24.829999999999998,1,1,1
room_closed_c1_s1,3,18,1,25.128399999999999,1,1,1
room_closed_c1_s1,3,19,1,25.304200000000002,1,1,1
room_closed_c1_s1,3,20,1,24.713899999999999,1,1,1
room_closed_c1_s1,3,21,1,25.109999999999999,1,1,1
room_closed_c1_s1,3,22,1,24.921199999999999,1,1,1
room_closed_c1_s1,3,23,1,24.6327,1,1,1
room_closed_c1_s1,3,24,1,24.398399999999999,1,1,1
room_closed_c1_s1,3,25,1,25.022400000000001,1,1,1
room_closed_c1_s1,3,26,1,24.558700000000002,1,1,1
room_closed_c1_s1,3,27,1,24.537800000000001,1,1,1
room_closed_c1_s1,3,28,1,24.566099999999999,1,1,1
room_closed_c1_s1,3,29,1,25.901900000000001,1,1,1
room_closed_c1_s1,3,30,1,24.6157,1,1,1
room_closed_c1_s1,3,31,1,24.657299999999999,1,1,1
room_closed_c1_s1,3,32,1,24.820900000000002,1,1,1
room_closed_c1_s1,3,33,0,24.600100000000001,1,1,1
room_closed_c1_s1,3,34,0,25.000299999999999,1,1,1
room_closed_c1_s1,3,35,0,24.378699999999998,1,1,1
room_closed_c1_s1,3,36,0,24.601099999999999,1,1,1
room_closed_c1_s1,3,37,0,25.046800000000001,1,1,1
room_closed_c1_s1,3,38,0,24.8995,1,1,1
room_closed_c1_s1,3,39,0,24.4101,1,1,1
room_closed_c1_s1,3,40,0,24.764399999999998,1,1,1
room_closed_c1_s1,3,41,0,24.4542,1,1,1
room_closed_c1_s1,3,42,0,24.9694,1,1,1
room_closed_c1_s1,3,43,0,24.680399999999999,1,1,1
room_closed_c1_s1,3,44,0,24.854700000000001,1,1,1
room_closed_c1_s1,3,45,0,24.6708,1,1,1
room_closed_c1_s1,3,46,0,24.519600000000001,1,1,1
room_closed_c1_s1,3,47,0,24.861000000000001,1,1,1
room_closed_c1_s1,3,48,0,25.1875,1,1,1
room_closed_c1_s1,3,49,0,25.028099999999998,1,1,1
room_closed_c1_s1,3,50,0,24.629300000000001,1,1,1
room_closed_c1_s1,3,51,0,25.068000000000001,1,1,1
room_closed_c1_s1,3,52,0,24.5642,1,1,1
room_closed_c1_s1,3,53,0,25.006799999999998,1,1,1
room_closed_c1_s1,3,54,0,24.845400000000001,1,1,1
room_closed_c1_s1,3,55,0,24.6509,1,1,1
room_closed_c1_s1,3,56,0,24.8918,1,1,1
room_closed_c1_s1,3,57,0,24.757000000000001,1,1,1
room_closed_c1_s1,3,58,0,25.1388,1,1,1
room_closed_c1_s1,3,59,0,24.920100000000001,1,1,1
room_closed_c1_s1,3,60,0,24.645499999999998,1,1,1
room_closed_c1_s1,3,61,0,24.599699999999999,1,1,1
room_closed_c1_s1,3,62,0,24.704000000000001,1,1,1
room_closed_c1_s1,3,63,0,24.3932,1,1,1
room_closed_c1_s1,3,64,0,25.199000000000002,1,1,1
room_closed_c1_s1,3,65,0,24.712499999999999,1,1,1
room_closed_c1_s1,3,66,0,24.617000000000001,1,1,1
room_closed_c1_s1,3,67,0,24.639299999999999,1,1,1
room_closed_c1_s1,3,68,0,24.502600000000001,1,1,1
room_closed_c1_s1,3,69,0,24.355799999999999,1,1,1
room_closed_c1_s1,3,70,0,24.884499999999999,1,1,1
room_closed_c1_s1,3,71,0,24.937799999999999,1,1,1
room_closed_c1_s1,3,72,0,24.705200000000001,1,1,1
room_closed_c1_s1,3,73,0,24.6386,1,1,1
room_closed_c1_s1,3,74,0,24.4377,1,1,1
room_closed_c1_s1,3,75,0,24.290299999999998,1,1,1
room_closed_c1_s1,3,76,0,24.717600000000001,1,1,1
room_closed_c1_s1,3,77,0,24.457599999999999,1,1,1
room_closed_c1_s1,3,78,0,24.6312,1,1,1
room_closed_c1_s1,3,79,0,24.8172,1,1,1
room_closed_c1_s1,3,80,0,24.956399999999999,1,1,1
room_closed_c1_s1,3,81,0,24.538499999999999,1,1,1
room_closed_c1_s1,3,82,0,24.865200000000002,1,1,1
room_closed_c1_s1,3,83,0,24.603100000000001,1,1,1
room_closed_c1_s1,3,84,0,24.922799999999999,1,1,1
room_closed_c1_s1,3,85,0,25.0596,1,1,1
room_closed_c1_s1,3,86,0,24.5807,1,1,1
room_closed_c1_s1,3,87,0,24.5444,1,1,1
room_closed_c1_s1,3,88,0,24.598700000000001,1,1,1
room_closed_c1_s1,3,89,0,24.471,1,1,1
room_closed_c1_s1,3,90,0,24.694199999999999,1,1,1
room_closed_c1_s1,3,91,0,24.7409,1,1,1
room_closed_c1_s1,3,92,0,24.541699999999999,1,1,1
room_closed_c1_s1,3,93,0,24.4251,1,1,1
room_closed_c1_s1,3,94,0,24.960100000000001,1,1,1
room_closed_c1_s1,3,95,0,25.032299999999999,1,1,1
room_closed_c1_s1,3,96,0,25.32,1,1,1
room_closed_c1_s1,3,97,0,24.555499999999999,1,1,1
room_closed_c1_s1,3,98,0,24.8825,1,1,1
room_closed_c1_s1,3,99,0,24.724599999999999,1,1,1
room_closed_c1_s1,3,100,0,24.963100000000001,1,1,1
room_closed_c1_s1,3,101,0,24.413599999999999,1,1,1
room_closed_c1_s1,3,102,0,24.600200000000001,1,1,1
room_closed_c1_s1,3,103,0,25.081499999999998,1,1,1
room_closed_c1_s1,3,104,0,24.5121,1,1,1
room_closed_c1_s1,3,105,0,24.426200000000001,1,1,1
room_closed_c1_s1,3,106,0,25.108499999999999,1,1,1
room_closed_c1_s1,3,107,0,24.575600000000001,1,1,1
room_closed_c1_s1,3,108,0,24.721399999999999,1,1,1
room_closed_c1_s1,3,109,0,24.639700000000001,1,1,1
room_closed_c1_s1,3,110,0,24.390999999999998,1,1,1
room_closed_c1_s1,3,111,0,24.283999999999999,1,1,1
room_closed_c1_s1,3,112,0,24.575900000000001,1,1,1
room_closed_c1_s1,3,113,0,24.530899999999999,1,1,1
room_closed_c1_s1,3,114,0,24.504799999999999,1,1,1
room_closed_c1_s1,3,115,0,24.524899999999999,1,1,1
room_closed_c1_s1,3,116,0,24.7423,1,1,1
room_closed_c1_s1,3,117,0,24.5686,1,1,1
room_closed_c1_s1,3,118,0,24.368400000000001,1,1,1
room_closed_c1_s1,3,119,0,24.559200000000001,1,1,1
room_closed_c1_s1,3,120,0,24.377500000000001,1,1,1
room_closed_c1_s1,3,121,0,24.629200000000001,1,1,1
room_closed_c1_s1,3,122,0,24.327400000000001,1,1,1
room_closed_c1_s1,3,123,0,24.7895,1,1,1
room_closed_c1_s1,3,124,0,25.182099999999998,1,1,1
room_closed_c1_s1,3,125,0,24.4178,1,1,1
room_closed_c1_s1,3,126,0,24.3718,1,1,1
room_closed_c1_s1,3,127,0,24.764299999999999,1,1,1
room_closed_c1_s1,3,128,0,24.349299999999999,1,1,1
room_closed_c1_s1,3,129,0,24.241299999999999,1,1,1
room_closed_c1_s1,3,130,0,24.7942,1,1,1
room_closed_c1_s1,3,131,0,24.4466,1,1,1
room_closed_c1_s1,3,132,0,24.359400000000001,1,1,1
room_closed_c1_s1,3,133,0,24.721900000000002,1,1,1
room_closed_c1_s1,3,134,0,24.1874,1,1,1
room_closed_c1_s1,3,135,0,24.804600000000001,1,1,1
room_closed_c1_s1,3,136,0,24.896000000000001,1,1,1
room_closed_c1_s1,3,137,0,24.4773,1,1,1
room_closed_c1_s1,3,138,0,24.496700000000001,1,1,1
room_closed_c1_s1,3,139,0,24.811299999999999,1,1,1
room_closed_c1_s1,3,140,0,24.5687,1,1,1
room_closed_c1_s1,3,141,0,24.346800000000002,1,1,1
room_closed_c1_s1,3,142,0,25.0533,1,1,1
room_closed_c1_s1,3,143,0,24.552800000000001,1,1,1
room_closed_c1_s1,3,144,0,24.540099999999999,1,1,1
room_closed_c1_s1,3,145,0,24.5974,1,1,1
room_closed_c1_s1,3,146,0,24.953199999999999,1,1,1
room_closed_c1_s1,3,147,0,24.5886,1,1,1
room_closed_c1_s1,3,148,0,24.5379,1,1,1
room_closed_c1_s1,3,149,0,24.584700000000002,1,1,1
room_closed_c1_s1,3,150,0,25.461099999999998,1,1,1
room_closed_c1_s1,3,151,0,24.6264,1,1,1
room_closed_c1_s1,3,152,0,24.604299999999999,1,1,1
room_closed_c1_s1,3,153,0,24.544799999999999,1,1,1
room_closed_c1_s1,3,154,0,24.591100000000001,1,1,1
room_closed_c1_s1,3,155,0,24.325199999999999,1,1,1
room_closed_c1_s1,3,156,0,24.790199999999999,1,1,1
room_closed_c1_s1,3,157,0,24.3931,1,1,1
room_closed_c1_s1,3,158,0,24.501100000000001,1,1,1
room_closed_c1_s1,3,159,0,24.743300000000001,1,1,1
room_closed_c1_s1,3,160,0,24.586099999999998,1,1,1
room_closed_c1_s1,3,161,0,24.424700000000001,1,1,1
room_closed_c1_s1,3,162,0,24.631599999999999,1,1,1
room_closed_c1_s1,3,163,0,24.217099999999999,1,1,1
room_closed_c1_s1,3,164,0,24.3139,1,1,1
room_closed_c1_s1,3,165,0,24.726900000000001,1,1,1
room_closed_c1_s1,3,166,0,24.4999,1,1,1
room_closed_c1_s1,3,167,0,24.2957,1,1,1
room_closed_c1_s1,3,168,0,24.578199999999999,1,1,1
room_closed_c1_s1,3,169,0,24.3613,1,1,1
room_closed_c1_s1,3,170,0,24.682200000000002,1,1,1
room_closed_c1_s1,3,171,0,24.717700000000001,1,1,1
room_closed_c1_s1,3,172,0,24.3949,1,1,1
room_closed_c1_s1,3,173,0,24.456,1,1,1
room_closed_c1_s1,3,174,0,24.979500000000002,1,1,1
room_closed_c1_s1,3,175,0,24.665400000000002,1,1,1
room_closed_c1_s1,3,176,0,24.435600000000001,1,1,1
room_closed_c1_s1,3,177,0,24.9772,1,1,1
room_closed_c1_s1,3,178,0,24.968699999999998,1,1,1
room_closed_c1_s1,3,179,0,24.6633,1,1,1
room_closed_c1_s1,3,180,0,24.506399999999999,1,1,1
room_closed_c1_s1,3,181,0,24.416799999999999,1,1,1
room_closed_c1_s1,3,182,0,24.651800000000001,1,1,1
room_closed_c1_s1,3,183,0,24.714099999999998,1,1,1
room_closed_c1_s1,3,184,0,25.001200000000001,1,1,1
room_closed_c1_s1,3,185,0,24.953099999999999,1,1,1
room_closed_c1_s1,3,186,0,24.5761,1,1,1
room_closed_c1_s1,3,187,0,24.430599999999998,1,1,1
room_closed_c1_s1,3,188,0,25.046900000000001,1,1,1
room_closed_c1_s1,3,189,0,24.653600000000001,1,1,1
room_closed_c1_s1,3,190,0,24.6236,1,1,1
room_closed_c1_s1,3,191,0,24.702999999999999,1,1,1
room_closed_c1_s1,3,192,0,24.627700000000001,1,1,1
room_closed_c1_s1,3,193,0,24.364899999999999,1,1,1
room_closed_c1_s1,3,194,0,24.664100000000001,1,1,1
room_closed_c1_s1,3,195,0,24.320900000000002,1,1,1
room_closed_c1_s1,3,196,0,24.5091,1,1,1
room_closed_c1_s1,3,197,0,24.5518,1,1,1
room_closed_c1_s1,3,198,0,24.473500000000001,1,1,1
room_closed_c1_s1,3,199,0,24.3019,1,1,1
room_closed_c1_s1,3,200,0,24.902200000000001,1,1,1
room_closed_c1_s1,3,201,0,24.432300000000001,1,1,1
room_closed_c1_s1,3,202,0,24.418399999999998,1,1,1
room_closed_c1_s1,3,203,0,24.491700000000002,1,1,1
room_closed_c1_s1,3,204,0,24.505700000000001,1,1,1
room_closed_c1_s1,3,205,0,24.664000000000001,1,1,1
room_closed_c1_s1,3,206,0,24.484300000000001,1,1,1
room_closed_c1_s1,3,207,0,24.530100000000001,1,1,1
room_closed_c1_s1,3,208,0,24.481999999999999,1,1,1
room_closed_c1_s1,3,209,0,24.3872,1,1,1
room_closed_c1_s1,3,210,0,24.438700000000001,1,1,1
room_closed_c1_s1,3,211,0,24.635100000000001,1,1,1
room_closed_c1_s1,3,212,0,24.5169,1,1,1
room_closed_c1_s1,3,213,0,24.580300000000001,1,1,1
room_closed_c1_s1,3,214,0,25.145399999999999,1,1,1
room_closed_c1_s1,3,215,0,24.6236,1,1,1
room_closed_c1_s1,3,216,0,24.5289,1,1,1
room_closed_c1_s1,3,217,0,24.7456,1,1,1
room_closed_c1_s1,3,218,0,24.567900000000002,1,1,1
room_closed_c1_s1,3,219,0,24.679400000000001,1,1,1
room_closed_c1_s1,3,220,0,25.304300000000001,1,1,1
room_closed_c1_s1,3,221,0,24.564399999999999,1,1,1
room_closed_c1_s1,3,222,0,24.693999999999999,1,1,1
room_closed_c1_s1,3,223,0,24.961600000000001,1,1,1
room_closed_c1_s1,3,224,0,24.335000000000001,1,1,1
room_closed_c1_s1,3,225,0,24.514199999999999,1,1,1
room_closed_c1_s1,3,226,0,24.5914,1,1,1
room_closed_c1_s1,3,227,0,24.348600000000001,1,1,1
room_closed_c1_s1,3,228,0,24.4529,1,1,1
room_closed_c1_s1,3,229,0,24.5105,1,1,1
room_closed_c1_s1,3,230,0,24.504000000000001,1,1,1
room_closed_c1_s1,3,231,0,24.744700000000002,1,1,1
room_closed_c1_s1,3,232,0,24.648099999999999,1,1,1
room_closed_c1_s1,3,233,0,24.653600000000001,1,1,1
room_closed_c1_s1,3,234,0,24.523700000000002,1,1,1
room_closed_c1_s1,3,235,0,24.7576,1,1,1
room_closed_c1_s1,3,236,0,24.449400000000001,1,1,1
room_closed_c1_s1,3,237,0,24.596699999999998,1,1,1
room_closed_c1_s1,3,238,0,24.378299999999999,1,1,1
room_closed_c1_s1,3,239,0,24.225999999999999,1,1,1
room_closed_c1_s1,3,240,0,24.3172,1,1,1
room_closed_c1_s1,3,241,0,24.4237,1,1,1
room_closed_c1_s1,3,242,0,24.937100000000001,1,1,1
room_closed_c1_s1,3,243,0,25.021699999999999,1,1,1
room_closed_c1_s1,3,244,0,25.075700000000001,1,1,1
room_closed_c1_s1,3,245,0,24.658999999999999,1,1,1
room_closed_c1_s1,3,246,0,24.843399999999999,1,1,1
room_closed_c1_s1,3,247,0,24.633099999999999,1,1,1
room_closed_c1_s1,3,248,0,24.3949,1,1,1
room_closed_c1_s1,3,249,0,24.722000000000001,1,1,1
room_closed_c1_s1,3,250,0,24.569500000000001,1,1,1
room_closed_c1_s1,3,251,0,24.293700000000001,1,1,1
room_closed_c1_s1,3,252,0,24.8367,1,1,1
room_closed_c1_s1,3,253,0,24.235600000000002,1,1,1
room_closed_c1_s1,3,254,0,24.4373,1,1,1
room_closed_c1_s1,3,255,0,24.4756,1,1,1
room_closed_c1_s1,3,256,0,24.344100000000001,1,1,1
room_closed_c1_s1,3,257,0,24.657499999999999,1,1,1
room_closed_c1_s1,3,258,0,24.943999999999999,1,1,1
room_closed_c1_s1,3,259,0,24.775099999999998,1,1,1
room_closed_c1_s1,3,260,0,24.441600000000001,1,1,1
room_closed_c1_s1,3,261,0,24.717400000000001,1,1,1
room_closed_c1_s1,3,262,0,24.306699999999999,1,1,1
room_closed_c1_s1,3,263,0,24.3643,1,1,1
room_closed_c1_s1,3,264,0,24.393799999999999,1,1,1
room_closed_c1_s1,3,265,0,24.354199999999999,1,1,1
room_closed_c1_s1,3,266,0,24.504899999999999,1,1,1
room_closed_c1_s1,3,267,0,24.5566,1,1,1
room_closed_c1_s1,3,268,0,24.947299999999998,1,1,1
room_closed_c1_s1,3,269,0,24.728999999999999,1,1,1
room_closed_c1_s1,3,270,0,24.409300000000002,1,1,1
room_closed_c1_s1,3,271,0,24.7605,1,1,1
room_closed_c1_s1,3,272,0,24.624300000000002,1,1,1
room_closed_c1_s1,3,273,0,24.629200000000001,1,1,1
room_closed_c1_s1,3,274,0,24.7364,1,1,1
room_closed_c1_s1,3,275,0,24.357299999999999,1,1,1
room_closed_c1_s1,3,276,0,24.4251,1,1,1
room_closed_c1_s1,3,277,0,24.57,1,1,1
room_closed_c1_s1,3,278,0,24.3123,1,1,1
room_closed_c1_s1,3,279,0,24.582799999999999,1,1,1
room_closed_c1_s1,3,280,0,24.690000000000001,1,1,1
room_closed_c1_s1,3,281,0,24.6937,1,1,1
room_closed_c1_s1,3,282,0,24.705200000000001,1,1,1
room_closed_c1_s1,3,283,0,24.722899999999999,1,1,1
room_closed_c1_s1,3,284,0,24.876300000000001,1,1,1
room_closed_c1_s1,3,285,0,24.272099999999998,1,1,1
room_closed_c1_s1,3,286,0,24.498699999999999,1,1,1
room_closed_c1_s1,3,287,0,24.209499999999998,1,1,1
room_closed_c1_s1,3,288,0,24.2944,1,1,1
room_no_gloss,3,1,1,22.6037,1,1,1
room_no_gloss,3,2,1,22.116,1,1,1
room_no_gloss,3,3,1,21.528099999999998,1,1,1
room_no_gloss,3,4,1,21.6844,1,1,1
room_no_gloss,3,5,1,21.288,1,1,1
room_no_gloss,3,6,1,21.301400000000001,1,1,1
room_no_gloss,3,7,1,21.135200000000001,1,1,1
room_no_gloss,3,8,1,21.5837,1,1,1
room_no_gloss,3,9,1,21.2834,1,1,1
room_no_gloss,3,10,1,21.355499999999999,1,1,1
room_no_gloss,3,11,1,21.2743,1,1,1
room_no_gloss,3,12,1,23.042300000000001,1,1,1
room_no_gloss,3,13,1,21.7409,1,1,1
room_no_gloss,3,14,1,21.355499999999999,1,1,1
room_no_gloss,3,15,1,21.7239,1,1,1
room_no_gloss,3,16,1,21.9253,1,1,1
room_no_gloss,3,17,1,21.4102,1,1,1
room_no_gloss,3,18,1,21.849,1,1,1
room_no_gloss,3,19,1,22.017600000000002,1,1,1
room_no_gloss,3,20,1,21.7957,1,1,1
room_no_gloss,3,21,1,21.889900000000001,1,1,1
room_no_gloss,3,22,1,21.6996,1,1,1
room_no_gloss,3,23,1,21.545500000000001,1,1,1
room_no_gloss,3,24,1,21.811499999999999,1,1,1
room_no_gloss,3,25,1,21.5748,1,1,1
room_no_gloss,3,26,1,21.534400000000002,1,1,1
room_no_gloss,3,27,1,22.0502,1,1,1
room_no_gloss,3,28,1,21.681699999999999,1,1,1
room_no_gloss,3,29,1,21.694800000000001,1,1,1
room_no_gloss,3,30,1,21.921299999999999,1,1,1
room_no_gloss,3,31,1,21.555900000000001,1,1,1
room_no_gloss,3,32,1,21.440999999999999,1,1,1
room_no_gloss,3,33,0,21.396699999999999,1,1,1
room_no_gloss,3,34,0,21.9693,1,1,1
room_no_gloss,3,35,0,21.817699999999999,1,1,1
room_no_gloss,3,36,0,21.5595,1,1,1
room_no_gloss,3,37,0,21.4468,1,1,1
room_no_gloss,3,38,0,21.2698,1,1,1
room_no_gloss,3,39,0,21.7928,1,1,1
room_no_gloss,3,40,0,21.900200000000002,1,1,1
room_no_gloss,3,41,0,21.641500000000001,1,1,1
room_no_gloss,3,42,0,21.417000000000002,1,1,1
room_no_gloss,3,43,0,21.725000000000001,1,1,1
room_no_gloss,3,44,0,21.8371,1,1,1
room_no_gloss,3,45,0,21.772400000000001,1,1,1
room_no_gloss,3,46,0,21.558900000000001,1,1,1
room_no_gloss,3,47,0,21.704799999999999,1,1,1
room_no_gloss,3,48,0,21.729900000000001,1,1,1
room_no_gloss,3,49,0,21.5837,1,1,1
room_no_gloss,3,50,0,22.223099999999999,1,1,1
room_no_gloss,3,51,0,21.398900000000001,1,1,1
room_no_gloss,3,52,0,21.694900000000001,1,1,1
room_no_gloss,3,53,0,21.804099999999998,1,1,1
room_no_gloss,3,54,0,21.4541,1,1,1
room_no_gloss,3,55,0,21.6295,1,1,1
room_no_gloss,3,56,0,22.331099999999999,1,1,1
room_no_gloss,3,57,0,21.7591,1,1,1
room_no_gloss,3,58,0,21.625399999999999,1,1,1
room_no_gloss,3,59,0,21.5761,1,1,1
room_no_gloss,3,60,0,21.395099999999999,1,1,1
room_no_gloss,3,61,0,21.391999999999999,1,1,1
room_no_gloss,3,62,0,21.507200000000001,1,1,1
room_no_gloss,3,63,0,21.3065,1,1,1
room_no_gloss,3,64,0,21.7685,1,1,1
room_no_gloss,3,65,0,21.3919,1,1,1
room_no_gloss,3,66,0,21.273499999999999,1,1,1
room_no_gloss,3,67,0,21.665299999999998,1,1,1
room_no_gloss,3,68,0,21.616499999999998,1,1,1
room_no_gloss,3,69,0,21.6371,1,1,1
room_no_gloss,3,70,0,22.032800000000002,1,1,1
room_no_gloss,3,71,0,21.4481,1,1,1
room_no_gloss,3,72,0,21.3017,1,1,1
room_no_gloss,3,73,0,21.753900000000002,1,1,1
room_no_gloss,3,74,0,21.474,1,1,1
room_no_gloss,3,75,0,21.495000000000001,1,1,1
room_no_gloss,3,76,0,22.309999999999999,1,1,1
room_no_gloss,3,77,0,21.5443,1,1,1
room_no_gloss,3,78,0,21.7791,1,1,1
room_no_gloss,3,79,0,21.872199999999999,1,1,1
room_no_gloss,3,80,0,21.8809,1,1,1
room_no_gloss,3,81,0,21.379300000000001,1,1,1
room_no_gloss,3,82,0,21.9025,1,1,1
room_no_gloss,3,83,0,21.787400000000002,1,1,1
room_no_gloss,3,84,0,21.363600000000002,1,1,1
room_no_gloss,3,85,0,21.799199999999999,1,1,1
room_no_gloss,3,86,0,21.243099999999998,1,1,1
room_no_gloss,3,87,0,21.301200000000001,1,1,1
room_no_gloss,3,88,0,21.680299999999999,1,1,1
room_no_gloss,3,89,0,21.446999999999999,1,1,1
room_no_gloss,3,90,0,21.379799999999999,1,1,1
room_no_gloss,3,91,0,21.7254,1,1,1
room_no_gloss,3,92,0,21.467300000000002,1,1,1
room_no_gloss,3,93,0,21.529299999999999,1,1,1
room_no_gloss,3,94,0,21.495000000000001,1,1,1
room_no_gloss,3,95,0,21.498999999999999,1,1,1
room_no_gloss,3,96,0,21.8263,1,1,1
room_no_gloss,3,97,0,21.554500000000001,1,1,1
room_no_gloss,3,98,0,21.616399999999999,1,1,1
room_no_gloss,3,99,0,21.590299999999999,1,1,1
room_no_gloss,3,100,0,21.431000000000001,1,1,1
room_no_gloss,3,101,0,21.4986,1,1,1
room_no_gloss,3,102,0,21.727,1,1,1
room_no_gloss,3,103,0,21.433499999999999,1,1,1
room_no_gloss,3,104,0,21.346800000000002,1,1,1
room_no_gloss,3,105,0,21.476199999999999,1,1,1
room_no_gloss,3,106,0,21.623100000000001,1,1,1
room_no_gloss,3,107,0,21.487500000000001,1,1,1
room_no_gloss,3,108,0,21.351299999999998,1,1,1
room_no_gloss,3,109,0,21.523099999999999,1,1,1
room_no_gloss,3,110,0,21.6432,1,1,1
room_no_gloss,3,111,0,21.627500000000001,1,1,1
room_no_gloss,3,112,0,21.6861,1,1,1
room_no_gloss,3,113,0,21.4894,1,1,1
room_no_gloss,3,114,0,21.755299999999998,1,1,1
room_no_gloss,3,115,0,21.656099999999999,1,1,1
room_no_gloss,3,116,0,21.426600000000001,1,1,1
room_no_gloss,3,117,0,21.697700000000001,1,1,1
room_no_gloss,3,118,0,21.778400000000001,1,1,1
room_no_gloss,3,119,0,21.3691,1,1,1
room_no_gloss,3,120,0,21.536200000000001,1,1,1
room_no_gloss,3,121,0,21.594100000000001,1,1,1
room_no_gloss,3,122,0,21.9574,1,1,1
room_no_gloss,3,123,0,22.876799999999999,1,1,1
room_no_gloss,3,124,0,22.388400000000001,1,1,1
room_no_gloss,3,125,0,21.743099999999998,1,1,1
room_no_gloss,3,126,0,21.351900000000001,1,1,1
room_no_gloss,3,127,0,21.459599999999998,1,1,1
room_no_gloss,3,128,0,21.651599999999998,1,1,1
room_no_gloss,3,129,0,21.582599999999999,1,1,1
room_no_gloss,3,130,0,21.529900000000001,1,1,1
room_no_gloss,3,131,0,21.6464,1,1,1
room_no_gloss,3,132,0,21.3855,1,1,1
room_no_gloss,3,133,0,21.362400000000001,1,1,1
room_no_gloss,3,134,0,21.561900000000001,1,1,1
room_no_gloss,3,135,0,21.8368,1,1,1
room_no_gloss,3,136,0,21.733599999999999,1,1,1
room_no_gloss,3,137,0,21.933,1,1,1
room_no_gloss,3,138,0,21.7437,1,1,1
room_no_gloss,3,139,0,21.520299999999999,1,1,1
room_no_gloss,3,140,0,21.579000000000001,1,1,1
room_no_gloss,3,141,0,21.354600000000001,1,1,1
room_no_gloss,3,142,0,21.2227,1,1,1
room_no_gloss,3,143,0,21.779800000000002,1,1,1
room_no_gloss,3,144,0,21.6937,1,1,1
room_no_gloss,3,145,0,21.435099999999998,1,1,1
room_no_gloss,3,146,0,21.4466,1,1,1
room_no_gloss,3,147,0,21.372499999999999,1,1,1
room_no_gloss,3,148,0,21.409099999999999,1,1,1
room_no_gloss,3,149,0,21.389099999999999,1,1,1
room_no_gloss,3,150,0,21.419,1,1,1
room_no_gloss,3,151,0,21.795300000000001,1,1,1
room_no_gloss,3,152,0,21.232500000000002,1,1,1
room_no_gloss,3,153,0,21.445399999999999,1,1,1
room_no_gloss,3,154,0,21.500699999999998,1,1,1
room_no_gloss,3,155,0,21.339400000000001,1,1,1
room_no_gloss,3,156,0,21.299800000000001,1,1,1
room_no_gloss,3,157,0,21.6525,1,1,1
room_no_gloss,3,158,0,21.818200000000001,1,1,1
room_no_gloss,3,159,0,21.407900000000001,1,1,1
room_no_gloss,3,160,0,21.693100000000001,1,1,1
room_no_gloss,3,161,0,21.308199999999999,1,1,1
room_no_gloss,3,162,0,21.400200000000002,1,1,1
room_no_gloss,3,163,0,22.0684,1,1,1
room_no_gloss,3,164,0,21.264399999999998,1,1,1
room_no_gloss,3,165,0,21.6465,1,1,1
room_no_gloss,3,166,0,21.532399999999999,1,1,1
room_no_gloss,3,167,0,21.403600000000001,1,1,1
room_no_gloss,3,168,0,21.5198,1,1,1
room_no_gloss,3,169,0,21.553000000000001,1,1,1
room_no_gloss,3,170,0,21.3965,1,1,1
room_no_gloss,3,171,0,21.421800000000001,1,1,1
room_no_gloss,3,172,0,22.544799999999999,1,1,1
room_no_gloss,3,173,0,22.063700000000001,1,1,1
room_no_gloss,3,174,0,21.438700000000001,1,1,1
room_no_gloss,3,175,0,21.857199999999999,1,1,1
room_no_gloss,3,176,0,21.371099999999998,1,1,1
room_no_gloss,3,177,0,21.674600000000002,1,1,1
room_no_gloss,3,178,0,21.506399999999999,1,1,1
room_no_gloss,3,179,0,21.571200000000001,1,1,1
room_no_gloss,3,180,0,21.500900000000001,1,1,1
room_no_gloss,3,181,0,21.930599999999998,1,1,1
room_no_gloss,3,182,0,21.560500000000001,1,1,1
room_no_gloss,3,183,0,21.388200000000001,1,1,1
room_no_gloss,3,184,0,21.6435,1,1,1
room_no_gloss,3,185,0,21.403400000000001,1,1,1
room_no_gloss,3,186,0,21.4695,1,1,1
room_no_gloss,3,187,0,21.7683,1,1,1
room_no_gloss,3,188,0,21.702999999999999,1,1,1
room_no_gloss,3,189,0,21.5442,1,1,1
room_no_gloss,3,190,0,21.625399999999999,1,1,1
room_no_gloss,3,191,0,22.694600000000001,1,1,1
room_no_gloss,3,192,0,22.011500000000002,1,1,1
room_no_gloss,3,193,0,21.422899999999998,1,1,1
room_no_gloss,3,194,0,21.439699999999998,1,1,1
room_no_gloss,3,195,0,21.482299999999999,1,1,1
room_no_gloss,3,196,0,21.229900000000001,1,1,1
room_no_gloss,3,197,0,21.204699999999999,1,1,1
room_no_gloss,3,198,0,21.6785,1,1,1
room_no_gloss,3,199,0,21.369599999999998,1,1,1
room_no_gloss,3,200,0,21.389099999999999,1,1,1
room_no_gloss,3,201,0,21.577000000000002,1,1,1
room_no_gloss,3,202,0,21.686699999999998,1,1,1
room_no_gloss,3,203,0,21.3917,1,1,1
room_no_gloss,3,204,0,22.0139,1,1,1
room_no_gloss,3,205,0,22.011199999999999,1,1,1
room_no_gloss,3,206,0,21.628,1,1,1
room_no_gloss,3,207,0,22.317499999999999,1,1,1
room_no_gloss,3,208,0,21.2958,1,1,1
room_no_gloss,3,209,0,21.585699999999999,1,1,1
room_no_gloss,3,210,0,21.2745,1,1,1
room_no_gloss,3,211,0,21.372299999999999,1,1,1
room_no_gloss,3,212,0,21.573699999999999,1,1,1
room_no_gloss,3,213,0,21.482500000000002,1,1,1
room_no_gloss,3,214,0,21.3215,1,1,1
room_no_gloss,3,215,0,21.7622,1,1,1
room_no_gloss,3,216,0,21.433700000000002,1,1,1
room_no_gloss,3,217,0,21.416699999999999,1,1,1
room_no_gloss,3,218,0,21.584900000000001,1,1,1
room_no_gloss,3,219,0,21.486499999999999,1,1,1
room_no_gloss,3,220,0,21.406400000000001,1,1,1
room_no_gloss,3,221,0,21.8169,1,1,1
room_no_gloss,3,222,0,21.380800000000001,1,1,1
room_no_gloss,3,223,0,21.3977,1,1,1
room_no_gloss,3,224,0,21.744499999999999,1,1,1
room_no_gloss,3,225,0,21.3279,1,1,1
room_no_gloss,3,226,0,21.407299999999999,1,1,1
room_no_gloss,3,227,0,21.601800000000001,1,1,1
room_no_gloss,3,228,0,21.5472,1,1,1
room_no_gloss,3,229,0,21.581399999999999,1,1,1
room_no_gloss,3,230,0,21.8718,1,1,1
room_no_gloss,3,231,0,21.614799999999999,1,1,1
room_no_gloss,3,232,0,21.5747,1,1,1
room_no_gloss,3,233,0,21.735499999999998,1,1,1
room_no_gloss,3,234,0,21.509599999999999,1,1,1
room_no_gloss,3,235,0,21.969999999999999,1,1,1
room_no_gloss,3,236,0,21.638100000000001,1,1,1
room_no_gloss,3,237,0,21.198699999999999,1,1,1
room_no_gloss,3,238,0,21.7498,1,1,1
room_no_gloss,3,239,0,21.673300000000001,1,1,1
room_no_gloss,3,240,0,22.012599999999999,1,1,1
room_no_gloss,3,241,0,22.644300000000001,1,1,1
room_no_gloss,3,242,0,22.419,1,1,1
room_no_gloss,3,243,0,22.345700000000001,1,1,1
room_no_gloss,3,244,0,22.1845,1,1,1
room_no_gloss,3,245,0,22.288699999999999,1,1,1
room_no_gloss,3,246,0,22.332599999999999,1,1,1
room_no_gloss,3,247,0,21.480899999999998,1,1,1
room_no_gloss,3,248,0,21.742999999999999,1,1,1
room_no_gloss,3,249,0,21.7117,1,1,1
room_no_gloss,3,250,0,21.1753,1,1,1
room_no_gloss,3,251,0,21.507000000000001,1,1,1
room_no_gloss,3,252,0,21.748899999999999,1,1,1
room_no_gloss,3,253,0,21.3018,1,1,1
room_no_gloss,3,254,0,21.458300000000001,1,1,1
room_no_gloss,3,255,0,21.382400000000001,1,1,1
room_no_gloss,3,256,0,21.313400000000001,1,1,1
room_no_gloss,3,257,0,21.996200000000002,1,1,1
room_no_gloss,3,258,0,21.8977,1,1,1
room_no_gloss,3,259,0,21.590900000000001,1,1,1
room_no_gloss,3,260,0,21.7607,1,1,1
room_no_gloss,3,261,0,21.392800000000001,1,1,1
room_no_gloss,3,262,0,21.650099999999998,1,1,1
room_no_gloss,3,263,0,22.236799999999999,1,1,1
room_no_gloss,3,264,0,21.809899999999999,1,1,1
room_no_gloss,3,265,0,21.287400000000002,1,1,1
room_no_gloss,3,266,0,21.579000000000001,1,1,1
room_no_gloss,3,267,0,21.3992,1,1,1
room_no_gloss,3,268,0,21.395900000000001,1,1,1
room_no_gloss,3,269,0,21.477,1,1,1
room_no_gloss,3,270,0,21.4102,1,1,1
room_no_gloss,3,271,0,21.354399999999998,1,1,1
room_no_gloss,3,272,0,21.774799999999999,1,1,1
room_no_gloss,3,273,0,21.59,1,1,1
room_no_gloss,3,274,0,21.798200000000001,1,1,1
room_no_gloss,3,275,0,21.723400000000002,1,1,1
room_no_gloss,3,276,0,21.2758,1,1,1
room_no_gloss,3,277,0,21.2943,1,1,1
room_no_gloss,3,278,0,21.477599999999999,1,1,1
room_no_gloss,3,279,0,21.281099999999999,1,1,1
room_no_gloss,3,280,0,21.3626,1,1,1
room_no_gloss,3,281,0,21.512599999999999,1,1,1
room_no_gloss,3,282,0,21.3399,1,1,1
room_no_gloss,3,283,0,21.4971,1,1,1
room_no_gloss,3,284,0,21.404199999999999,1,1,1
room_no_gloss,3,285,0,21.457799999999999,1,1,1
room_no_gloss,3,286,0,21.334199999999999,1,1,1
room_no_gloss,3,287,0,21.604299999999999,1,1,1
room_no_gloss,3,288,0,21.3871,1,1,1
room_no_oren,3,1,1,22.465800000000002,1,1,1
room_no_oren,3,2,1,22.111699999999999,1,1,1
room_no_oren,3,3,1,21.1996,1,1,1
room_no_oren,3,4,1,21.229800000000001,1,1,1
room_no_oren,3,5,1,21.4297,1,1,1
room_no_oren,3,6,1,21.4544,1,1,1
room_no_oren,3,7,1,21.867599999999999,1,1,1
room_no_oren,3,8,1,21.6876,1,1,1
room_no_oren,3,9,1,21.866599999999998,1,1,1
room_no_oren,3,10,1,21.676200000000001,1,1,1
room_no_oren,3,11,1,21.2394,1,1,1
room_no_oren,3,12,1,21.4849,1,1,1
room_no_oren,3,13,1,21.873799999999999,1,1,1
room_no_oren,3,14,1,21.6816,1,1,1
room_no_oren,3,15,1,21.824300000000001,1,1,1
room_no_oren,3,16,1,21.447199999999999,1,1,1
room_no_oren,3,17,1,22.1663,1,1,1
room_no_oren,3,18,1,21.991399999999999,1,1,1
room_no_oren,3,19,1,21.264199999999999,1,1,1
room_no_oren,3,20,1,22.604800000000001,1,1,1
room_no_oren,3,21,1,21.779800000000002,1,1,1
room_no_oren,3,22,1,21.933,1,1,1
room_no_oren,3,23,1,21.686800000000002,1,1,1
room_no_oren,3,24,1,21.466999999999999,1,1,1
room_no_oren,3,25,1,22.840800000000002,1,1,1
room_no_oren,3,26,1,21.656300000000002,1,1,1
room_no_oren,3,27,1,21.962299999999999,1,1,1
room_no_oren,3,28,1,22.159700000000001,1,1,1
room_no_oren,3,29,1,21.543600000000001,1,1,1
room_no_oren,3,30,1,21.848299999999998,1,1,1
room_no_oren,3,31,1,21.854199999999999,1,1,1
room_no_oren,3,32,1,21.3065,1,1,1
room_no_oren,3,33,0,21.6082,1,1,1
room_no_oren,3,34,0,21.8934,1,1,1
room_no_oren,3,35,0,21.941700000000001,1,1,1
room_no_oren,3,36,0,21.883099999999999,1,1,1
room_no_oren,3,37,0,21.517099999999999,1,1,1
room_no_oren,3,38,0,21.359300000000001,1,1,1
room_no_oren,3,39,0,21.665600000000001,1,1,1
room_no_oren,3,40,0,21.9908,1,1,1
room_no_oren,3,41,0,21.6187,1,1,1
room_no_oren,3,42,0,21.810300000000002,1,1,1
room_no_oren,3,43,0,21.456,1,1,1
room_no_oren,3,44,0,21.402899999999999,1,1,1
room_no_oren,3,45,0,22.072700000000001,1,1,1
room_no_oren,3,46,0,21.7851,1,1,1
room_no_oren,3,47,0,21.488600000000002,1,1,1
room_no_oren,3,48,0,22.2044,1,1,1
room_no_oren,3,49,0,21.772300000000001,1,1,1
room_no_oren,3,50,0,21.402799999999999,1,1,1
room_no_oren,3,51,0,21.893999999999998,1,1,1
room_no_oren,3,52,0,21.425599999999999,1,1,1
room_no_oren,3,53,0,21.4803,1,1,1
room_no_oren,3,54,0,21.649899999999999,1,1,1
room_no_oren,3,55,0,21.366599999999998,1,1,1
room_no_oren,3,56,0,21.202200000000001,1,1,1
room_no_oren,3,57,0,21.6538,1,1,1
room_no_oren,3,58,0,21.643699999999999,1,1,1
room_no_oren,3,59,0,21.6736,1,1,1
room_no_oren,3,60,0,21.711099999999998,1,1,1
room_no_oren,3,61,0,21.247699999999998,1,1,1
room_no_oren,3,62,0,21.7563,1,1,1
room_no_oren,3,63,0,22.384599999999999,1,1,1
room_no_oren,3,64,0,21.417200000000001,1,1,1
room_no_oren,3,65,0,21.6662,1,1,1
room_no_oren,3,66,0,21.857299999999999,1,1,1
room_no_oren,3,67,0,21.512499999999999,1,1,1
room_no_oren,3,68,0,21.5852,1,1,1
room_no_oren,3,69,0,21.632999999999999,1,1,1
room_no_oren,3,70,0,22.3062,1,1,1
room_no_oren,3,71,0,21.331,1,1,1
room_no_oren,3,72,0,21.498000000000001,1,1,1
room_no_oren,3,73,0,21.472300000000001,1,1,1
room_no_oren,3,74,0,21.412199999999999,1,1,1
room_no_oren,3,75,0,22.027200000000001,1,1,1
room_no_oren,3,76,0,21.9009,1,1,1
room_no_oren,3,77,0,21.964600000000001,1,1,1
room_no_oren,3,78,0,22.107500000000002,1,1,1
room_no_oren,3,79,0,21.4008,1,1,1
room_no_oren,3,80,0,21.499600000000001,1,1,1
room_no_oren,3,81,0,21.518000000000001,1,1,1
room_no_oren,3,82,0,21.648900000000001,1,1,1
room_no_oren,3,83,0,21.290400000000002,1,1,1
room_no_oren,3,84,0,21.5687,1,1,1
room_no_oren,3,85,0,21.504799999999999,1,1,1
room_no_oren,3,86,0,21.522600000000001,1,1,1
room_no_oren,3,87,0,21.427800000000001,1,1,1
room_no_oren,3,88,0,21.536899999999999,1,1,1
room_no_oren,3,89,0,21.542100000000001,1,1,1
room_no_oren,3,90,0,21.432500000000001,1,1,1
room_no_oren,3,91,0,21.485199999999999,1,1,1
room_no_oren,3,92,0,21.7972,1,1,1
room_no_oren,3,93,0,21.345300000000002,1,1,1
room_no_oren,3,94,0,21.466999999999999,1,1,1
room_no_oren,3,95,0,21.810700000000001,1,1,1
room_no_oren,3,96,0,21.3718,1,1,1
room_no_oren,3,97,0,21.339600000000001,1,1,1
room_no_oren,3,98,0,21.625299999999999,1,1,1
room_no_oren,3,99,0,21.473800000000001,1,1,1
room_no_oren,3,100,0,21.510200000000001,1,1,1
room_no_oren,3,101,0,22.007899999999999,1,1,1
room_no_oren,3,102,0,21.513000000000002,1,1,1
room_no_oren,3,103,0,21.659199999999998,1,1,1
room_no_oren,3,104,0,21.880199999999999,1,1,1
room_no_oren,3,105,0,21.4955,1,1,1
room_no_oren,3,106,0,21.548400000000001,1,1,1
room_no_oren,3,107,0,22.1526,1,1,1
room_no_oren,3,108,0,21.8292,1,1,1
room_no_oren,3,109,0,21.642499999999998,1,1,1
room_no_oren,3,110,0,22.902999999999999,1,1,1
room_no_oren,3,111,0,22.508700000000001,1,1,1
room_no_oren,3,112,0,22.5762,1,1,1
room_no_oren,3,113,0,21.877700000000001,1,1,1
room_no_oren,3,114,0,21.395299999999999,1,1,1
room_no_oren,3,115,0,22.035299999999999,1,1,1
room_no_oren,3,116,0,21.590900000000001,1,1,1
room_no_oren,3,117,0,21.527799999999999,1,1,1
room_no_oren,3,118,0,21.329899999999999,1,1,1
room_no_oren,3,119,0,21.926600000000001,1,1,1
room_no_oren,3,120,0,21.523,1,1,1
room_no_oren,3,121,0,21.3354,1,1,1
room_no_oren,3,122,0,21.778199999999998,1,1,1
room_no_oren,3,123,0,21.505800000000001,1,1,1
room_no_oren,3,124,0,21.372299999999999,1,1,1
room_no_oren,3,125,0,21.275099999999998,1,1,1
room_no_oren,3,126,0,21.341100000000001,1,1,1
room_no_oren,3,127,0,21.5029,1,1,1
room_no_oren,3,128,0,21.8508,1,1,1
room_no_oren,3,129,0,21.471,1,1,1
room_no_oren,3,130,0,21.616700000000002,1,1,1
room_no_oren,3,131,0,21.4468,1,1,1
room_no_oren,3,132,0,21.311699999999998,1,1,1
room_no_oren,3,133,0,21.397300000000001,1,1,1
room_no_oren,3,134,0,21.5456,1,1,1
room_no_oren,3,135,0,21.400300000000001,1,1,1
room_no_oren,3,136,0,21.445499999999999,1,1,1
room_no_oren,3,137,0,21.6616,1,1,1
room_no_oren,3,138,0,21.442299999999999,1,1,1
room_no_oren,3,139,0,21.3873,1,1,1
room_no_oren,3,140,0,21.5654,1,1,1
room_no_oren,3,141,0,21.3812,1,1,1
room_no_oren,3,142,0,21.474499999999999,1,1,1
room_no_oren,3,143,0,23.187799999999999,1,1,1
room_no_oren,3,144,0,21.7559,1,1,1
room_no_oren,3,145,0,22.263200000000001,1,1,1
room_no_oren,3,146,0,21.660299999999999,1,1,1
room_no_oren,3,147,0,21.504300000000001,1,1,1
room_no_oren,3,148,0,21.412199999999999,1,1,1
room_no_oren,3,149,0,21.726600000000001,1,1,1
room_no_oren,3,150,0,21.427800000000001,1,1,1
room_no_oren,3,151,0,21.491,1,1,1
room_no_oren,3,152,0,21.573899999999998,1,1,1
room_no_oren,3,153,0,21.494399999999999,1,1,1
room_no_oren,3,154,0,21.559000000000001,1,1,1
room_no_oren,3,155,0,21.598700000000001,1,1,1
room_no_oren,3,156,0,21.7898,1,1,1
room_no_oren,3,157,0,21.399100000000001,1,1,1
room_no_oren,3,158,0,21.648299999999999,1,1,1
room_no_oren,3,159,0,21.546700000000001,1,1,1
room_no_oren,3,160,0,22.867000000000001,1,1,1
room_no_oren,3,161,0,21.4605,1,1,1
room_no_oren,3,162,0,21.676400000000001,1,1,1
room_no_oren,3,163,0,21.5762,1,1,1
room_no_oren,3,164,0,21.805399999999999,1,1,1
room_no_oren,3,165,0,21.430700000000002,1,1,1
room_no_oren,3,166,0,21.404900000000001,1,1,1
room_no_oren,3,167,0,21.377500000000001,1,1,1
room_no_oren,3,168,0,21.610499999999998,1,1,1
room_no_oren,3,169,0,21.5717,1,1,1
room_no_oren,3,170,0,21.456499999999998,1,1,1
room_no_oren,3,171,0,21.401399999999999,1,1,1
room_no_oren,3,172,0,21.230899999999998,1,1,1
room_no_oren,3,173,0,21.560300000000002,1,1,1
room_no_oren,3,174,0,21.209499999999998,1,1,1
room_no_oren,3,175,0,21.484999999999999,1,1,1
room_no_oren,3,176,0,21.698799999999999,1,1,1
room_no_oren,3,177,0,21.401499999999999,1,1,1
room_no_oren,3,178,0,21.615300000000001,1,1,1
room_no_oren,3,179,0,21.492799999999999,1,1,1
room_no_oren,3,180,0,21.3431,1,1,1
room_no_oren,3,181,0,21.800599999999999,1,1,1
room_no_oren,3,182,0,21.496400000000001,1,1,1
room_no_oren,3,183,0,21.586600000000001,1,1,1
room_no_oren,3,184,0,21.367100000000001,1,1,1
room_no_oren,3,185,0,21.291899999999998,1,1,1
room_no_oren,3,186,0,21.343800000000002,1,1,1
room_no_oren,3,187,0,21.854900000000001,1,1,1
room_no_oren,3,188,0,21.232800000000001,1,1,1
room_no_oren,3,189,0,21.413399999999999,1,1,1
room_no_oren,3,190,0,21.515999999999998,1,1,1
room_no_oren,3,191,0,21.2636,1,1,1
room_no_oren,3,192,0,21.314900000000002,1,1,1
room_no_oren,3,193,0,21.613099999999999,1,1,1
room_no_oren,3,194,0,21.3323,1,1,1
room_no_oren,3,195,0,21.588200000000001,1,1,1
room_no_oren,3,196,0,21.860499999999998,1,1,1
room_no_oren,3,197,0,21.5106,1,1,1
room_no_oren,3,198,0,21.529299999999999,1,1,1
room_no_oren,3,199,0,21.665500000000002,1,1,1
room_no_oren,3,200,0,21.2742,1,1,1
room_no_oren,3,201,0,21.368099999999998,1,1,1
room_no_oren,3,202,0,21.651199999999999,1,1,1
room_no_oren,3,203,0,21.299399999999999,1,1,1
room_no_oren,3,204,0,21.366199999999999,1,1,1
room_no_oren,3,205,0,21.693899999999999,1,1,1
room_no_oren,3,206,0,21.420000000000002,1,1,1
room_no_oren,3,207,0,21.430499999999999,1,1,1
room_no_oren,3,208,0,21.953600000000002,1,1,1
room_no_oren,3,209,0,21.5793,1,1,1
room_no_oren,3,210,0,21.482299999999999,1,1,1
room_no_oren,3,211,0,21.417400000000001,1,1,1
room_no_oren,3,212,0,21.401800000000001,1,1,1
room_no_oren,3,213,0,21.9358,1,1,1
room_no_oren,3,214,0,22.993300000000001,1,1,1
room_no_oren,3,215,0,21.5822,1,1,1
room_no_oren,3,216,0,21.610099999999999,1,1,1
room_no_oren,3,217,0,21.673300000000001,1,1,1
room_no_oren,3,218,0,21.363800000000001,1,1,1
room_no_oren,3,219,0,21.6189,1,1,1
room_no_oren,3,220,0,21.718900000000001,1,1,1
room_no_oren,3,221,0,21.338799999999999,1,1,1
room_no_oren,3,222,0,21.716100000000001,1,1,1
room_no_oren,3,223,0,21.7271,1,1,1
room_no_oren,3,224,0,21.2438,1,1,1
room_no_oren,3,225,0,21.509799999999998,1,1,1
room_no_oren,3,226,0,21.662199999999999,1,1,1
room_no_oren,3,227,0,21.440300000000001,1,1,1
room_no_oren,3,228,0,21.575099999999999,1,1,1
room_no_oren,3,229,0,21.660699999999999,1,1,1
room_no_oren,3,230,0,21.411000000000001,1,1,1
room_no_oren,3,231,0,21.3004,1,1,1
room_no_oren,3,232,0,21.457899999999999,1,1,1
room_no_oren,3,233,0,21.5565,1,1,1
room_no_oren,3,234,0,21.300999999999998,1,1,1
room_no_oren,3,235,0,21.522600000000001,1,1,1
room_no_oren,3,236,0,21.6631,1,1,1
room_no_oren,3,237,0,21.412099999999999,1,1,1
room_no_oren,3,238,0,21.462900000000001,1,1,1
room_no_oren,3,239,0,21.2681,1,1,1
room_no_oren,3,240,0,21.483499999999999,1,1,1
room_no_oren,3,241,0,21.651399999999999,1,1,1
room_no_oren,3,242,0,21.4544,1,1,1
room_no_oren,3,243,0,21.595600000000001,1,1,1
room_no_oren,3,244,0,21.716899999999999,1,1,1
room_no_oren,3,245,0,21.5259,1,1,1
room_no_oren,3,246,0,21.5717,1,1,1
room_no_oren,3,247,0,22.1557,1,1,1
room_no_oren,3,248,0,21.692599999999999,1,1,1
room_no_oren,3,249,0,21.5748,1,1,1
room_no_oren,3,250,0,21.6035,1,1,1
room_no_oren,3,251,0,21.3826,1,1,1
room_no_oren,3,252,0,21.270499999999998,1,1,1
room_no_oren,3,253,0,21.6769,1,1,1
room_no_oren,3,254,0,21.6935,1,1,1
room_no_oren,3,255,0,21.6508,1,1,1
room_no_oren,3,256,0,21.533100000000001,1,1,1
room_no_oren,3,257,0,21.418700000000001,1,1,1
room_no_oren,3,258,0,21.527799999999999,1,1,1
room_no_oren,3,259,0,21.6694,1,1,1
room_no_oren,3,260,0,21.3674,1,1,1
room_no_oren,3,261,0,21.6129,1,1,1
room_no_oren,3,262,0,21.6981,1,1,1
room_no_oren,3,263,0,21.2866,1,1,1
room_no_oren,3,264,0,21.448599999999999,1,1,1
room_no_oren,3,265,0,21.5657,1,1,1
room_no_oren,3,266,0,21.272400000000001,1,1,1
room_no_oren,3,267,0,21.592700000000001,1,1,1
room_no_oren,3,268,0,21.594000000000001,1,1,1
room_no_oren,3,269,0,21.7288,1,1,1
room_no_oren,3,270,0,21.558199999999999,1,1,1
room_no_oren,3,271,0,21.6508,1,1,1
room_no_oren,3,272,0,21.399699999999999,1,1,1
room_no_oren,3,273,0,22.008900000000001,1,1,1
room_no_oren,3,274,0,21.5733,1,1,1
room_no_oren,3,275,0,21.487100000000002,1,1,1
room_no_oren,3,276,0,21.588100000000001,1,1,1
room_no_oren,3,277,0,21.445399999999999,1,1,1
room_no_oren,3,278,0,21.4313,1,1,1
room_no_oren,3,279,0,21.686399999999999,1,1,1
room_no_oren,3,280,0,21.609999999999999,1,1,1
room_no_oren,3,281,0,21.4618,1,1,1
room_no_oren,3,282,0,22.042100000000001,1,1,1
room_no_oren,3,283,0,22.062200000000001,1,1,1
room_no_oren,3,284,0,21.878399999999999,1,1,1
room_no_oren,3,285,0,21.348400000000002,1,1,1
room_no_oren,3,286,0,21.697600000000001,1,1,1
room_no_oren,3,287,0,21.514500000000002,1,1,1
room_no_oren,3,288,0,21.405899999999999,1,1,1
room_opaque_glass,3,1,1,22.429500000000001,1,1,1
room_opaque_glass,3,2,1,21.813600000000001,1,1,1
room_opaque_glass,3,3,1,21.190100000000001,1,1,1
room_opaque_glass,3,4,1,21.186699999999998,1,1,1
room_opaque_glass,3,5,1,21.189800000000002,1,1,1
room_opaque_glass,3,6,1,20.939499999999999,1,1,1
room_opaque_glass,3,7,1,21.6235,1,1,1
room_opaque_glass,3,8,1,21.302900000000001,1,1,1
room_opaque_glass,3,9,1,21.273399999999999,1,1,1
room_opaque_glass,3,10,1,21.0014,1,1,1
room_opaque_glass,3,11,1,21.096299999999999,1,1,1
room_opaque_glass,3,12,1,21.5288,1,1,1
room_opaque_glass,3,13,1,21.324400000000001,1,1,1
room_opaque_glass,3,14,1,21.275600000000001,1,1,1
room_opaque_glass,3,15,1,21.7546,1,1,1
room_opaque_glass,3,16,1,21.449999999999999,1,1,1
room_opaque_glass,3,17,1,21.259,1,1,1
room_opaque_glass,3,18,1,22.200800000000001,1,1,1
room_opaque_glass,3,19,1,21.130099999999999,1,1,1
room_opaque_glass,3,20,1,21.681699999999999,1,1,1
room_opaque_glass,3,21,1,21.765599999999999,1,1,1
room_opaque_glass,3,22,1,21.0153,1,1,1
room_opaque_glass,3,23,1,21.492699999999999,1,1,1
room_opaque_glass,3,24,1,21.674800000000001,1,1,1
room_opaque_glass,3,25,1,21.710699999999999,1,1,1
room_opaque_glass,3,26,1,21.053799999999999,1,1,1
room_opaque_glass,3,27,1,21.627199999999998,1,1,1
room_opaque_glass,3,28,1,21.063400000000001,1,1,1
room_opaque_glass,3,29,1,21.238700000000001,1,1,1
room_opaque_glass,3,30,1,21.358000000000001,1,1,1
room_opaque_glass,3,31,1,21.148900000000001,1,1,1
room_opaque_glass,3,32,1,21.2563,1,1,1
room_opaque_glass,3,33,0,21.638300000000001,1,1,1
room_opaque_glass,3,34,0,21.804400000000001,1,1,1
room_opaque_glass,3,35,0,21.738099999999999,1,1,1
room_opaque_glass,3,36,0,21.639299999999999,1,1,1
room_opaque_glass,3,37,0,20.932300000000001,1,1,1
room_opaque_glass,3,38,0,20.9194,1,1,1
room_opaque_glass,3,39,0,21.613299999999999,1,1,1
room_opaque_glass,3,40,0,20.944900000000001,1,1,1
room_opaque_glass,3,41,0,21.0871,1,1,1
room_opaque_glass,3,42,0,21.727499999999999,1,1,1
room_opaque_glass,3,43,0,21.241599999999998,1,1,1
room_opaque_glass,3,44,0,21.095199999999998,1,1,1
room_opaque_glass,3,45,0,21.399999999999999,1,1,1
room_opaque_glass,3,46,0,21.165400000000002,1,1,1
room_opaque_glass,3,47,0,21.229700000000001,1,1,1
room_opaque_glass,3,48,0,21.4009,1,1,1
room_opaque_glass,3,49,0,21.2471,1,1,1
room_opaque_glass,3,50,0,21.0427,1,1,1
room_opaque_glass,3,51,0,21.298300000000001,1,1,1
room_opaque_glass,3,52,0,21.3581,1,1,1
room_opaque_glass,3,53,0,21.220199999999998,1,1,1
room_opaque_glass,3,54,0,21.282399999999999,1,1,1
room_opaque_glass,3,55,0,21.526599999999998,1,1,1
room_opaque_glass,3,56,0,21.281700000000001,1,1,1
room_opaque_glass,3,57,0,21.3339,1,1,1
room_opaque_glass,3,58,0,21.134,1,1,1
room_opaque_glass,3,59,0,20.995799999999999,1,1,1
room_opaque_glass,3,60,0,21.2072,1,1,1
room_opaque_glass,3,61,0,21.081199999999999,1,1,1
room_opaque_glass,3,62,0,20.887,1,1,1
room_opaque_glass,3,63,0,21.229500000000002,1,1,1
room_opaque_glass,3,64,0,21.3612,1,1,1
room_opaque_glass,3,65,0,21.4437,1,1,1
room_opaque_glass,3,66,0,21.4148,1,1,1
room_opaque_glass,3,67,0,21.107600000000001,1,1,1
room_opaque_glass,3,68,0,21.006399999999999,1,1,1
room_opaque_glass,3,69,0,21.273099999999999,1,1,1
room_opaque_glass,3,70,0,21.1204,1,1,1
room_opaque_glass,3,71,0,21.4377,1,1,1
room_opaque_glass,3,72,0,21.166599999999999,1,1,1
room_opaque_glass,3,73,0,21.1877,1,1,1
room_opaque_glass,3,74,0,20.957899999999999,1,1,1
room_opaque_glass,3,75,0,21.066400000000002,1,1,1
room_opaque_glass,3,76,0,21.044,1,1,1
room_opaque_glass,3,77,0,21.190799999999999,1,1,1
room_opaque_glass,3,78,0,21.238700000000001,1,1,1
room_opaque_glass,3,79,0,21.480399999999999,1,1,1
room_opaque_glass,3,80,0,21.191600000000001,1,1,1
room_opaque_glass,3,81,0,21.4452,1,1,1
room_opaque_glass,3,82,0,21.395900000000001,1,1,1
room_opaque_glass,3,83,0,21.041499999999999,1,1,1
room_opaque_glass,3,84,0,21.421900000000001,1,1,1
room_opaque_glass,3,85,0,20.830400000000001,1,1,1
room_opaque_glass,3,86,0,20.950299999999999,1,1,1
room_opaque_glass,3,87,0,21.3354,1,1,1
room_opaque_glass,3,88,0,21.037500000000001,1,1,1
room_opaque_glass,3,89,0,21.4754,1,1,1
room_opaque_glass,3,90,0,21.1633,1,1,1
room_opaque_glass,3,91,0,21.4224,1,1,1
room_opaque_glass,3,92,0,21.192599999999999,1,1,1
room_opaque_glass,3,93,0,21.919499999999999,1,1,1
room_opaque_glass,3,94,0,21.719200000000001,1,1,1
room_opaque_glass,3,95,0,21.365400000000001,1,1,1
room_opaque_glass,3,96,0,21.708600000000001,1,1,1
room_opaque_glass,3,97,0,21.223800000000001,1,1,1
room_opaque_glass,3,98,0,21.290299999999998,1,1,1
room_opaque_glass,3,99,0,21.034500000000001,1,1,1
room_opaque_glass,3,100,0,21.157399999999999,1,1,1
room_opaque_glass,3,101,0,21.064499999999999,1,1,1
room_opaque_glass,3,102,0,21.348400000000002,1,1,1
room_opaque_glass,3,103,0,21.606300000000001,1,1,1
room_opaque_glass,3,104,0,21.584,1,1,1
room_opaque_glass,3,105,0,21.688099999999999,1,1,1
room_opaque_glass,3,106,0,21.322700000000001,1,1,1
room_opaque_glass,3,107,0,20.994299999999999,1,1,1
room_opaque_glass,3,108,0,21.6614,1,1,1
room_opaque_glass,3,109,0,21.131799999999998,1,1,1
room_opaque_glass,3,110,0,21.239599999999999,1,1,1
room_opaque_glass,3,111,0,21.462,1,1,1
room_opaque_glass,3,112,0,20.962,1,1,1
room_opaque_glass,3,113,0,20.8874,1,1,1
room_opaque_glass,3,114,0,21.359000000000002,1,1,1
room_opaque_glass,3,115,0,21.085699999999999,1,1,1
room_opaque_glass,3,116,0,21.061,1,1,1
room_opaque_glass,3,117,0,21.673200000000001,1,1,1
room_opaque_glass,3,118,0,20.906700000000001,1,1,1
room_opaque_glass,3,119,0,21.0303,1,1,1
room_opaque_glass,3,120,0,21.139700000000001,1,1,1
room_opaque_glass,3,121,0,21.190000000000001,1,1,1
room_opaque_glass,3,122,0,21.011099999999999,1,1,1
room_opaque_glass,3,123,0,21.3537,1,1,1
room_opaque_glass,3,124,0,21.258299999999998,1,1,1
room_opaque_glass,3,125,0,21.146999999999998,1,1,1
room_opaque_glass,3,126,0,21.6815,1,1,1
room_opaque_glass,3,127,0,21.4025,1,1,1
room_opaque_glass,3,128,0,20.9815,1,1,1
room_opaque_glass,3,129,0,21.395499999999998,1,1,1
room_opaque_glass,3,130,0,21.0733,1,1,1
room_opaque_glass,3,131,0,21.292999999999999,1,1,1
room_opaque_glass,3,132,0,21.377400000000002,1,1,1
room_opaque_glass,3,133,0,21.3018,1,1,1
room_opaque_glass,3,134,0,21.307700000000001,1,1,1
room_opaque_glass,3,135,0,21.7029,1,1,1
room_opaque_glass,3,136,0,21.0809,1,1,1
room_opaque_glass,3,137,0,21.171600000000002,1,1,1
room_opaque_glass,3,138,0,21.318899999999999,1,1,1
room_opaque_glass,3,139,0,21.047000000000001,1,1,1
room_opaque_glass,3,140,0,21.140699999999999,1,1,1
room_opaque_glass,3,141,0,21.262599999999999,1,1,1
room_opaque_glass,3,142,0,21.093399999999999,1,1,1
room_opaque_glass,3,143,0,21.056999999999999,1,1,1
room_opaque_glass,3,144,0,21.0486,1,1,1
room_opaque_glass,3,145,0,21.2546,1,1,1
room_opaque_glass,3,146,0,21.183499999999999,1,1,1
room_opaque_glass,3,147,0,21.341000000000001,1,1,1
room_opaque_glass,3,148,0,21.385200000000001,1,1,1
room_opaque_glass,3,149,0,21.056799999999999,1,1,1
room_opaque_glass,3,150,0,21.269100000000002,1,1,1
room_opaque_glass,3,151,0,21.167100000000001,1,1,1
room_opaque_glass,3,152,0,21.059699999999999,1,1,1
room_opaque_glass,3,153,0,21.338200000000001,1,1,1
room_opaque_glass,3,154,0,21.300999999999998,1,1,1
room_opaque_glass,3,155,0,21.3477,1,1,1
room_opaque_glass,3,156,0,21.534199999999998,1,1,1
room_opaque_glass,3,157,0,21.214400000000001,1,1,1
room_opaque_glass,3,158,0,21.1496,1,1,1
room_opaque_glass,3,159,0,21.4085,1,1,1
room_opaque_glass,3,160,0,21.428100000000001,1,1,1
room_opaque_glass,3,161,0,21.288599999999999,1,1,1
room_opaque_glass,3,162,0,21.284700000000001,1,1,1
room_opaque_glass,3,163,0,22.677600000000002,1,1,1
room_opaque_glass,3,164,0,21.2271,1,1,1
room_opaque_glass,3,165,0,21.119900000000001,1,1,1
room_opaque_glass,3,166,0,21.514199999999999,1,1,1
room_opaque_glass,3,167,0,21.332000000000001,1,1,1
room_opaque_glass,3,168,0,21.284199999999998,1,1,1
room_opaque_glass,3,169,0,21.028400000000001,1,1,1
room_opaque_glass,3,170,0,21.0517,1,1,1
room_opaque_glass,3,171,0,22.294799999999999,1,1,1
room_opaque_glass,3,172,0,21.661100000000001,1,1,1
room_opaque_glass,3,173,0,20.968,1,1,1
room_opaque_glass,3,174,0,21.542899999999999,1,1,1
room_opaque_glass,3,175,0,21.0029,1,1,1
room_opaque_glass,3,176,0,20.960599999999999,1,1,1
room_opaque_glass,3,177,0,21.3264,1,1,1
room_opaque_glass,3,178,0,21.065100000000001,1,1,1
room_opaque_glass,3,179,0,21.055700000000002,1,1,1
room_opaque_glass,3,180,0,21.1661,1,1,1
room_opaque_glass,3,181,0,21.014600000000002,1,1,1
room_opaque_glass,3,182,0,21.394300000000001,1,1,1
room_opaque_glass,3,183,0,21.2256,1,1,1
room_opaque_glass,3,184,0,21.104399999999998,1,1,1
room_opaque_glass,3,185,0,21.0687,1,1,1
room_opaque_glass,3,186,0,21.4587,1,1,1
room_opaque_glass,3,187,0,21.079599999999999,1,1,1
room_opaque_glass,3,188,0,21.02,1,1,1
room_opaque_glass,3,189,0,21.276,1,1,1
room_opaque_glass,3,190,0,21.201799999999999,1,1,1
room_opaque_glass,3,191,0,20.861000000000001,1,1,1
room_opaque_glass,3,192,0,21.055,1,1,1
room_opaque_glass,3,193,0,21.029,1,1,1
room_opaque_glass,3,194,0,21.073399999999999,1,1,1
room_opaque_glass,3,195,0,21.379999999999999,1,1,1
room_opaque_glass,3,196,0,21.038399999999999,1,1,1
room_opaque_glass,3,197,0,21.231400000000001,1,1,1
room_opaque_glass,3,198,0,21.4526,1,1,1
room_opaque_glass,3,199,0,21.229800000000001,1,1,1
room_opaque_glass,3,200,0,21.085000000000001,1,1,1
room_opaque_glass,3,201,0,21.792000000000002,1,1,1
room_opaque_glass,3,202,0,21.281400000000001,1,1,1
room_opaque_glass,3,203,0,21.290500000000002,1,1,1
room_opaque_glass,3,204,0,21.4222,1,1,1
room_opaque_glass,3,205,0,21.153500000000001,1,1,1
room_opaque_glass,3,206,0,21.227,1,1,1
room_opaque_glass,3,207,0,21.4756,1,1,1
room_opaque_glass,3,208,0,20.998200000000001,1,1,1
room_opaque_glass,3,209,0,21.115100000000002,1,1,1
room_opaque_glass,3,210,0,21.395700000000001,1,1,1
room_opaque_glass,3,211,0,21.069800000000001,1,1,1
room_opaque_glass,3,212,0,21.131900000000002,1,1,1
room_opaque_glass,3,213,0,21.1205,1,1,1
room_opaque_glass,3,214,0,21.066800000000001,1,1,1
room_opaque_glass,3,215,0,21.1249,1,1,1
room_opaque_glass,3,216,0,21.498899999999999,1,1,1
room_opaque_glass,3,217,0,21.127400000000002,1,1,1
room_opaque_glass,3,218,0,21.078099999999999,1,1,1
room_opaque_glass,3,219,0,21.322099999999999,1,1,1
room_opaque_glass,3,220,0,20.9498,1,1,1
room_opaque_glass,3,221,0,21.029599999999999,1,1,1
room_opaque_glass,3,222,0,21.0274,1,1,1
room_opaque_glass,3,223,0,21.029699999999998,1,1,1
room_opaque_glass,3,224,0,21.0428,1,1,1
room_opaque_glass,3,225,0,21.5046,1,1,1
room_opaque_glass,3,226,0,21.148599999999998,1,1,1
room_opaque_glass,3,227,0,21.088899999999999,1,1,1
room_opaque_glass,3,228,0,21.603300000000001,1,1,1
room_opaque_glass,3,229,0,21.028400000000001,1,1,1
room_opaque_glass,3,230,0,21.276399999999999,1,1,1
room_opaque_glass,3,231,0,21.6419,1,1,1
room_opaque_glass,3,232,0,21.221,1,1,1
room_opaque_glass,3,233,0,21.165700000000001,1,1,1
room_opaque_glass,3,234,0,21.163900000000002,1,1,1
room_opaque_glass,3,235,0,21.008500000000002,1,1,1
room_opaque_glass,3,236,0,21.047999999999998,1,1,1
room_opaque_glass,3,237,0,21.214200000000002,1,1,1
room_opaque_glass,3,238,0,21.2074,1,1,1
room_opaque_glass,3,239,0,21.386299999999999,1,1,1
room_opaque_glass,3,240,0,21.427299999999999,1,1,1
room_opaque_glass,3,241,0,21.611699999999999,1,1,1
room_opaque_glass,3,242,0,21.347899999999999,1,1,1
room_opaque_glass,3,243,0,21.4254,1,1,1
room_opaque_glass,3,244,0,21.302600000000002,1,1,1
room_opaque_glass,3,245,0,21.033000000000001,1,1,1
room_opaque_glass,3,246,0,21.1904,1,1,1
room_opaque_glass,3,247,0,21.171900000000001,1,1,1
room_opaque_glass,3,248,0,20.989100000000001,1,1,1
room_opaque_glass,3,249,0,21.195699999999999,1,1,1
room_opaque_glass,3,250,0,21.1877,1,1,1
room_opaque_glass,3,251,0,21.3931,1,1,1
room_opaque_glass,3,252,0,21.4421,1,1,1
room_opaque_glass,3,253,0,20.925699999999999,1,1,1
room_opaque_glass,3,254,0,21.084,1,1,1
room_opaque_glass,3,255,0,21.170400000000001,1,1,1
room_opaque_glass,3,256,0,21.107199999999999,1,1,1
room_opaque_glass,3,257,0,21.2499,1,1,1
room_opaque_glass,3,258,0,21.191199999999998,1,1,1
room_opaque_glass,3,259,0,21.198499999999999,1,1,1
room_opaque_glass,3,260,0,21.107900000000001,1,1,1
room_opaque_glass,3,261,0,22.790900000000001,1,1,1
room_opaque_glass,3,262,0,20.953499999999998,1,1,1
room_opaque_glass,3,263,0,21.049499999999998,1,1,1
room_opaque_glass,3,264,0,21.145399999999999,1,1,1
room_opaque_glass,3,265,0,21.0807,1,1,1
room_opaque_glass,3,266,0,20.994499999999999,1,1,1
room_opaque_glass,3,267,0,21.115500000000001,1,1,1
room_opaque_glass,3,268,0,21.266400000000001,1,1,1
room_opaque_glass,3,269,0,20.979900000000001,1,1,1
room_opaque_glass,3,270,0,21.112200000000001,1,1,1
room_opaque_glass,3,271,0,20.980799999999999,1,1,1
room_opaque_glass,3,272,0,20.9726,1,1,1
room_opaque_glass,3,273,0,21.4315,1,1,1
room_opaque_glass,3,274,0,21.025200000000002,1,1,1
room_opaque_glass,3,275,0,20.985800000000001,1,1,1
room_opaque_glass,3,276,0,21.245699999999999,1,1,1
room_opaque_glass,3,277,0,21.106999999999999,1,1,1
room_opaque_glass,3,278,0,21.326000000000001,1,1,1
room_opaque_glass,3,279,0,21.466699999999999,1,1,1
room_opaque_glass,3,280,0,22.5761,1,1,1
room_opaque_glass,3,281,0,21.261500000000002,1,1,1
room_opaque_glass,3,282,0,21.227699999999999,1,1,1
room_opaque_glass,3,283,0,21.065100000000001,1,1,1
room_opaque_glass,3,284,0,21.195,1,1,1
room_opaque_glass,3,285,0,21.640899999999998,1,1,1
room_opaque_glass,3,286,0,21.1295,1,1,1
room_opaque_glass,3,287,0,21.025400000000001,1,1,1
room_opaque_glass,3,288,0,21.483000000000001,1,1,1
metal_row,3,1,1,7.3689999999999998,1,1,1
metal_row,3,2,1,7.1870000000000003,1,1,1
metal_row,3,3,1,7.0415999999999999,1,1,1
metal_row,3,4,1,6.5462999999999996,1,1,1
metal_row,3,5,1,7.0156000000000001,1,1,1
metal_row,3,6,1,6.7756999999999996,1,1,1
metal_row,3,7,1,7.0804,1,1,1
metal_row,3,8,1,6.8430999999999997,1,1,1
metal_row,3,9,1,7.0289999999999999,1,1,1
metal_row,3,10,1,7.3226000000000004,1,1,1
metal_row,3,11,1,7.0067000000000004,1,1,1
metal_row,3,12,1,6.8381999999999996,1,1,1
metal_row,3,13,1,6.867,1,1,1
metal_row,3,14,1,6.9024000000000001,1,1,1
metal_row,3,15,1,6.9081000000000001,1,1,1
metal_row,3,16,1,6.9535999999999998,1,1,1
metal_row,3,17,1,6.9542000000000002,1,1,1
metal_row,3,18,1,6.8556999999999997,1,1,1
metal_row,3,19,1,6.8520000000000003,1,1,1
metal_row,3,20,1,6.7233999999999998,1,1,1
metal_row,3,21,1,7.3437999999999999,1,1,1
metal_row,3,22,1,6.7606999999999999,1,1,1
metal_row,3,23,1,7.1067,1,1,1
metal_row,3,24,1,7.2042999999999999,1,1,1
metal_row,3,25,1,6.8451000000000004,1,1,1
metal_row,3,26,1,7.8495999999999997,1,1,1
metal_row,3,27,1,7.3577000000000004,1,1,1
metal_row,3,28,1,6.9545000000000003,1,1,1
metal_row,3,29,1,6.9283999999999999,1,1,1
metal_row,3,30,1,6.8342999999999998,1,1,1
metal_row,3,31,1,6.7416999999999998,1,1,1
metal_row,3,32,1,6.6433,1,1,1
metal_row,3,33,0,6.9684999999999997,1,1,1
metal_row,3,34,0,6.7191000000000001,1,1,1
metal_row,3,35,0,6.8273999999999999,1,1,1
metal_row,3,36,0,7.1074000000000002,1,1,1
metal_row,3,37,0,6.7968000000000002,1,1,1
metal_row,3,38,0,6.8852000000000002,1,1,1
metal_row,3,39,0,6.9264999999999999,1,1,1
metal_row,3,40,0,6.7378,1,1,1
metal_row,3,41,0,6.7971000000000004,1,1,1
metal_row,3,42,0,6.8628999999999998,1,1,1
metal_row,3,43,0,6.8258000000000001,1,1,1
metal_row,3,44,0,6.6825000000000001,1,1,1
metal_row,3,45,0,7.1430999999999996,1,1,1
metal_row,3,46,0,6.7175000000000002,1,1,1
metal_row,3,47,0,6.9447999999999999,1,1,1
metal_row,3,48,0,6.7205000000000004,1,1,1
metal_row,3,49,0,7.0019999999999998,1,1,1
metal_row,3,50,0,6.8760000000000003,1,1,1
metal_row,3,51,0,6.9783999999999997,1,1,1
metal_row,3,52,0,7.1043000000000003,1,1,1
metal_row,3,53,0,7.0355999999999996,1,1,1
metal_row,3,54,0,7.0205000000000002,1,1,1
metal_row,3,55,0,7.1289999999999996,1,1,1
metal_row,3,56,0,6.6837999999999997,1,1,1
metal_row,3,57,0,7.0153999999999996,1,1,1
metal_row,3,58,0,6.992,1,1,1
metal_row,3,59,0,6.9486999999999997,1,1,1
metal_row,3,60,0,6.9641000000000002,1,1,1
metal_row,3,61,0,6.8651,1,1,1
metal_row,3,62,0,6.7400000000000002,1,1,1
metal_row,3,63,0,6.6215999999999999,1,1,1
metal_row,3,64,0,6.8800999999999997,1,1,1
metal_row,3,65,0,6.7584999999999997,1,1,1
metal_row,3,66,0,7.3456999999999999,1,1,1
metal_row,3,67,0,7.2937000000000003,1,1,1
metal_row,3,68,0,7.2247000000000003,1,1,1
metal_row,3,69,0,7.2069999999999999,1,1,1
metal_row,3,70,0,7.3482000000000003,1,1,1
metal_row,3,71,0,7.2508999999999997,1,1,1
metal_row,3,72,0,7.1036000000000001,1,1,1
metal_row,3,73,0,7.4420000000000002,1,1,1
metal_row,3,74,0,7.4398999999999997,1,1,1
metal_row,3,75,0,7.0843999999999996,1,1,1
metal_row,3,76,0,7.3324999999999996,1,1,1
metal_row,3,77,0,7.1395999999999997,1,1,1
metal_row,3,78,0,7.2020999999999997,1,1,1
metal_row,3,79,0,7.2393999999999998,1,1,1
metal_row,3,80,0,7.3746999999999998,1,1,1
metal_row,3,81,0,7.9729999999999999,1,1,1
metal_row,3,82,0,7.5522,1,1,1
metal_row,3,83,0,7.2750000000000004,1,1,1
metal_row,3,84,0,7.2695999999999996,1,1,1
metal_row,3,85,0,7.3917000000000002,1,1,1
metal_row,3,86,0,7.3658999999999999,1,1,1
metal_row,3,87,0,7.0914000000000001,1,1,1
metal_row,3,88,0,7.5015999999999998,1,1,1
metal_row,3,89,0,7.1753999999999998,1,1,1
metal_row,3,90,0,7.3600000000000003,1,1,1
metal_row,3,91,0,7.3109000000000002,1,1,1
metal_row,3,92,0,7.1174999999999997,1,1,1
metal_row,3,93,0,7.2243000000000004,1,1,1
metal_row,3,94,0,7.3159000000000001,1,1,1
metal_row,3,95,0,7.2252999999999998,1,1,1
metal_row,3,96,0,7.1013999999999999,1,1,1
metal_row,3,97,0,7.2104999999999997,1,1,1
metal_row,3,98,0,7.0254000000000003,1,1,1
metal_row,3,99,0,7.9728000000000003,1,1,1
metal_row,3,100,0,7.3324999999999996,1,1,1
metal_row,3,101,0,7.1749000000000001,1,1,1
metal_row,3,102,0,7.0797999999999996,1,1,1
metal_row,3,103,0,7.0705,1,1,1
metal_row,3,104,0,7.4500999999999999,1,1,1
metal_row,3,105,0,7.1260000000000003,1,1,1
metal_row,3,106,0,7.0778999999999996,1,1,1
metal_row,3,107,0,7.5850999999999997,1,1,1
metal_row,3,108,0,7.1524999999999999,1,1,1
metal_row,3,109,0,7.1877000000000004,1,1,1
metal_row,3,110,0,7.2885,1,1,1
metal_row,3,111,0,7.2618,1,1,1
metal_row,3,112,0,7.3066000000000004,1,1,1
metal_row,3,113,0,7.4617000000000004,1,1,1
metal_row,3,114,0,7.2251000000000003,1,1,1
metal_row,3,115,0,7.0857999999999999,1,1,1
metal_row,3,116,0,7.4664000000000001,1,1,1
metal_row,3,117,0,7.1966999999999999,1,1,1
metal_row,3,118,0,7.0778999999999996,1,1,1
metal_row,3,119,0,7.4208999999999996,1,1,1
metal_row,3,120,0,7.1022999999999996,1,1,1
metal_row,3,121,0,7.1650999999999998,1,1,1
metal_row,3,122,0,7.2927999999999997,1,1,1
metal_row,3,123,0,7.1703999999999999,1,1,1
metal_row,3,124,0,7.0422000000000002,1,1,1
metal_row,3,125,0,7.0216000000000003,1,1,1
metal_row,3,126,0,7.1840000000000002,1,1,1
metal_row,3,127,0,7.1574999999999998,1,1,1
metal_row,3,128,0,7.2055999999999996,1,1,1
metal_row,3,129,0,7.1765999999999996,1,1,1
metal_row,3,130,0,7.0980999999999996,1,1,1
metal_row,3,131,0,7.1981000000000002,1,1,1
metal_row,3,132,0,7.4466999999999999,1,1,1
metal_row,3,133,0,7.1173000000000002,1,1,1
metal_row,3,134,0,7.1612999999999998,1,1,1
metal_row,3,135,0,7.2507999999999999,1,1,1
metal_row,3,136,0,7.1458000000000004,1,1,1
metal_row,3,137,0,7.0983000000000001,1,1,1
metal_row,3,138,0,7.6162000000000001,1,1,1
metal_row,3,139,0,7.0614999999999997,1,1,1
metal_row,3,140,0,7.2911000000000001,1,1,1
metal_row,3,141,0,7.4863,1,1,1
metal_row,3,142,0,7.1188000000000002,1,1,1
metal_row,3,143,0,7.1355000000000004,1,1,1
metal_row,3,144,0,7.3278999999999996,1,1,1
metal_row,3,145,0,7.3352000000000004,1,1,1
metal_row,3,146,0,7.3365999999999998,1,1,1
metal_row,3,147,0,7.6105999999999998,1,1,1
metal_row,3,148,0,7.2502000000000004,1,1,1
metal_row,3,149,0,7.2794999999999996,1,1,1
metal_row,3,150,0,7.4181999999999997,1,1,1
metal_row,3,151,0,7.0757000000000003,1,1,1
metal_row,3,152,0,7.2359999999999998,1,1,1
metal_row,3,153,0,6.9476000000000004,1,1,1
metal_row,3,154,0,7.0822000000000003,1,1,1
metal_row,3,155,0,7.0658000000000003,1,1,1
metal_row,3,156,0,7.1505999999999998,1,1,1
metal_row,3,157,0,7.0902000000000003,1,1,1
metal_row,3,158,0,7.0075000000000003,1,1,1
metal_row,3,159,0,7.2248999999999999,1,1,1
metal_row,3,160,0,7.3791000000000002,1,1,1
metal_row,3,161,0,7.4093999999999998,1,1,1
metal_row,3,162,0,7.4824999999999999,1,1,1
metal_row,3,163,0,7.5052000000000003,1,1,1
metal_row,3,164,0,7.2565,1,1,1
metal_row,3,165,0,7.2614000000000001,1,1,1
metal_row,3,166,0,7.4318,1,1,1
metal_row,3,167,0,7.2462999999999997,1,1,1
metal_row,3,168,0,7.3315000000000001,1,1,1
metal_row,3,169,0,7.7020999999999997,1,1,1
metal_row,3,170,0,7.1387,1,1,1
metal_row,3,171,0,7.8207000000000004,1,1,1
metal_row,3,172,0,8.0696999999999992,1,1,1
metal_row,3,173,0,7.4516999999999998,1,1,1
metal_row,3,174,0,7.1147,1,1,1
metal_row,3,175,0,7.5594999999999999,1,1,1
metal_row,3,176,0,7.2652999999999999,1,1,1
metal_row,3,177,0,7.1398000000000001,1,1,1
metal_row,3,178,0,7.5766,1,1,1
metal_row,3,179,0,7.1763000000000003,1,1,1
metal_row,3,180,0,7.2613000000000003,1,1,1
metal_row,3,181,0,7.2618,1,1,1
metal_row,3,182,0,7.0532000000000004,1,1,1
metal_row,3,183,0,7.1985000000000001,1,1,1
metal_row,3,184,0,7.1837,1,1,1
metal_row,3,185,0,7.3998999999999997,1,1,1
metal_row,3,186,0,7.1066000000000003,1,1,1
metal_row,3,187,0,7.2747999999999999,1,1,1
metal_row,3,188,0,7.3836000000000004,1,1,1
metal_row,3,189,0,7.0765000000000002,1,1,1
metal_row,3,190,0,7.3498999999999999,1,1,1
metal_row,3,191,0,7.4863999999999997,1,1,1
metal_row,3,192,0,7.3198999999999996,1,1,1
metal_row,3,193,0,7.5568999999999997,1,1,1
metal_row,3,194,0,7.0475000000000003,1,1,1
metal_row,3,195,0,7.4638,1,1,1
metal_row,3,196,0,7.2656000000000001,1,1,1
metal_row,3,197,0,7.1908000000000003,1,1,1
metal_row,3,198,0,6.9714,1,1,1
metal_row,3,199,0,7.2827999999999999,1,1,1
metal_row,3,200,0,7.3209999999999997,1,1,1
metal_row,3,201,0,7.1043000000000003,1,1,1
metal_row,3,202,0,7.2683999999999997,1,1,1
metal_row,3,203,0,7.2125000000000004,1,1,1
metal_row,3,204,0,7.5559000000000003,1,1,1
metal_row,3,205,0,7.4067999999999996,1,1,1
metal_row,3,206,0,7.3593999999999999,1,1,1
metal_row,3,207,0,7.3021000000000003,1,1,1
metal_row,3,208,0,7.1494999999999997,1,1,1
metal_row,3,209,0,7.5315000000000003,1,1,1
metal_row,3,210,0,7.4450000000000003,1,1,1
metal_row,3,211,0,7.2172000000000001,1,1,1
metal_row,3,212,0,7.6443000000000003,1,1,1
metal_row,3,213,0,7.1228999999999996,1,1,1
metal_row,3,214,0,7.1558000000000002,1,1,1
metal_row,3,215,0,7.3920000000000003,1,1,1
metal_row,3,216,0,7.4387999999999996,1,1,1
metal_row,3,217,0,7.2643000000000004,1,1,1
metal_row,3,218,0,7.3849,1,1,1
metal_row,3,219,0,7.4142999999999999,1,1,1
metal_row,3,220,0,7.3314000000000004,1,1,1
metal_row,3,221,0,7.8650000000000002,1,1,1
metal_row,3,222,0,7.2038000000000002,1,1,1
metal_row,3,223,0,7.4347000000000003,1,1,1
metal_row,3,224,0,7.4915000000000003,1,1,1
metal_row,3,225,0,7.3388,1,1,1
metal_row,3,226,0,7.1805000000000003,1,1,1
metal_row,3,227,0,7.3954000000000004,1,1,1
metal_row,3,228,0,7.0429000000000004,1,1,1
metal_row,3,229,0,6.9885999999999999,1,1,1
metal_row,3,230,0,7.1738999999999997,1,1,1
metal_row,3,231,0,7.0002000000000004,1,1,1
metal_row,3,232,0,7.0048000000000004,1,1,1
metal_row,3,233,0,7.3049999999999997,1,1,1
metal_row,3,234,0,6.9649999999999999,1,1,1
metal_row,3,235,0,7.1475,1,1,1
metal_row,3,236,0,7.0433000000000003,1,1,1
metal_row,3,237,0,7.5148999999999999,1,1,1
metal_row,3,238,0,7.2195999999999998,1,1,1
metal_row,3,239,0,6.9951999999999996,1,1,1
metal_row,3,240,0,7.4314999999999998,1,1,1
metal_row,3,241,0,7.0491000000000001,1,1,1
metal_row,3,242,0,7.3620000000000001,1,1,1
metal_row,3,243,0,7.1759000000000004,1,1,1
metal_row,3,244,0,7.1714000000000002,1,1,1
metal_row,3,245,0,7.1148999999999996,1,1,1
metal_row,3,246,0,7.4608999999999996,1,1,1
metal_row,3,247,0,7.0574000000000003,1,1,1
metal_row,3,248,0,6.9874000000000001,1,1,1
metal_row,3,249,0,7.484,1,1,1
metal_row,3,250,0,7.0423,1,1,1
metal_row,3,251,0,7.0374999999999996,1,1,1
metal_row,3,252,0,7.3578999999999999,1,1,1
metal_row,3,253,0,7.0237999999999996,1,1,1
metal_row,3,254,0,7.5046999999999997,1,1,1
metal_row,3,255,0,7.5793999999999997,1,1,1
metal_row,3,256,0,7.6169000000000002,1,1,1
metal_row,3,257,0,7.8136999999999999,1,1,1
metal_row,3,258,0,7.7944000000000004,1,1,1
metal_row,3,259,0,7.4813999999999998,1,1,1
metal_row,3,260,0,7.2515000000000001,1,1,1
metal_row,3,261,0,7.2805,1,1,1
metal_row,3,262,0,7.8217999999999996,1,1,1
metal_row,3,263,0,7.7458,1,1,1
metal_row,3,264,0,7.3605999999999998,1,1,1
metal_row,3,265,0,7.4500999999999999,1,1,1
metal_row,3,266,0,7.6402999999999999,1,1,1
metal_row,3,267,0,7.1989000000000001,1,1,1
metal_row,3,268,0,7.5727000000000002,1,1,1
metal_row,3,269,0,7.4166999999999996,1,1,1
metal_row,3,270,0,7.2779999999999996,1,1,1
metal_row,3,271,0,7.7285000000000004,1,1,1
metal_row,3,272,0,7.3467000000000002,1,1,1
metal_row,3,273,0,7.6699000000000002,1,1,1
metal_row,3,274,0,7.8369999999999997,1,1,1
metal_row,3,275,0,7.3108000000000004,1,1,1
metal_row,3,276,0,7.3482000000000003,1,1,1
metal_row,3,277,0,7.556,1,1,1
metal_row,3,278,0,7.2317999999999998,1,1,1
metal_row,3,279,0,7.2516999999999996,1,1,1
metal_row,3,280,0,8.3015000000000008,1,1,1
metal_row,3,281,0,7.1478000000000002,1,1,1
metal_row,3,282,0,7.2354000000000003,1,1,1
metal_row,3,283,0,7.5361000000000002,1,1,1
metal_row,3,284,0,7.2423999999999999,1,1,1
metal_row,3,285,0,7.0735999999999999,1,1,1
metal_row,3,286,0,7.1227999999999998,1,1,1
metal_row,3,287,0,7.1048999999999998,1,1,1
metal_row,3,288,0,7.0244999999999997,1,1,1
metal_reference,3,1,1,7.5667,1,1,1
metal_reference,3,2,1,7.6353999999999997,1,1,1
metal_reference,3,3,1,7.8198999999999996,1,1,1
metal_reference,3,4,1,7.0506000000000002,1,1,1
metal_reference,3,5,1,6.8724999999999996,1,1,1
metal_reference,3,6,1,7.2268999999999997,1,1,1
metal_reference,3,7,1,7.4675000000000002,1,1,1
metal_reference,3,8,1,7.3728999999999996,1,1,1
metal_reference,3,9,1,7.0682999999999998,1,1,1
metal_reference,3,10,1,7.0487000000000002,1,1,1
metal_reference,3,11,1,7.0810000000000004,1,1,1
metal_reference,3,12,1,7.1658999999999997,1,1,1
metal_reference,3,13,1,6.9654999999999996,1,1,1
metal_reference,3,14,1,7.1405000000000003,1,1,1
metal_reference,3,15,1,7.0430999999999999,1,1,1
metal_reference,3,16,1,7.0997000000000003,1,1,1
metal_reference,3,17,1,7.1082999999999998,1,1,1
metal_reference,3,18,1,7.0541999999999998,1,1,1
metal_reference,3,19,1,9.6401000000000003,1,1,1
metal_reference,3,20,1,6.9564000000000004,1,1,1
metal_reference,3,21,1,7.0206999999999997,1,1,1
metal_reference,3,22,1,7.0186999999999999,1,1,1
metal_reference,3,23,1,6.9814999999999996,1,1,1
metal_reference,3,24,1,7.2545000000000002,1,1,1
metal_reference,3,25,1,7.0820999999999996,1,1,1
metal_reference,3,26,1,7.1981000000000002,1,1,1
metal_reference,3,27,1,7.6607000000000003,1,1,1
metal_reference,3,28,1,7.1025999999999998,1,1,1
metal_reference,3,29,1,7.0541,1,1,1
metal_reference,3,30,1,7.3616999999999999,1,1,1
metal_reference,3,31,1,7.8360000000000003,1,1,1
metal_reference,3,32,1,7.6097000000000001,1,1,1
metal_reference,3,33,0,8.0832999999999995,1,1,1
metal_reference,3,34,0,7.1448,1,1,1
metal_reference,3,35,0,7.3845999999999998,1,1,1
metal_reference,3,36,0,7.1463999999999999,1,1,1
metal_reference,3,37,0,6.9793000000000003,1,1,1
metal_reference,3,38,0,7.2972000000000001,1,1,1
metal_reference,3,39,0,7.0576999999999996,1,1,1
metal_reference,3,40,0,7.0763999999999996,1,1,1
metal_reference,3,41,0,7.2220000000000004,1,1,1
metal_reference,3,42,0,7.0937999999999999,1,1,1
metal_reference,3,43,0,7.1821000000000002,1,1,1
metal_reference,3,44,0,7.1281999999999996,1,1,1
metal_reference,3,45,0,7.2617000000000003,1,1,1
metal_reference,3,46,0,7.1078999999999999,1,1,1
metal_reference,3,47,0,7.4218999999999999,1,1,1
metal_reference,3,48,0,7.2362000000000002,1,1,1
metal_reference,3,49,0,7.1336000000000004,1,1,1
metal_reference,3,50,0,7.3071000000000002,1,1,1
metal_reference,3,51,0,7.2580999999999998,1,1,1
metal_reference,3,52,0,7.4843000000000002,1,1,1
metal_reference,3,53,0,7.2961999999999998,1,1,1
metal_reference,3,54,0,7.0742000000000003,1,1,1
metal_reference,3,55,0,7.2294999999999998,1,1,1
metal_reference,3,56,0,7.2096999999999998,1,1,1
metal_reference,3,57,0,7.4309000000000003,1,1,1
metal_reference,3,58,0,7.1258999999999997,1,1,1
metal_reference,3,59,0,7.3841000000000001,1,1,1
metal_reference,3,60,0,7.4436,1,1,1
metal_reference,3,61,0,7.1180000000000003,1,1,1
metal_reference,3,62,0,7.3220999999999998,1,1,1
metal_reference,3,63,0,7.2942,1,1,1
metal_reference,3,64,0,7.2243000000000004,1,1,1
metal_reference,3,65,0,7.1052,1,1,1
metal_reference,3,66,0,7.1723999999999997,1,1,1
metal_reference,3,67,0,7.0381,1,1,1
metal_reference,3,68,0,7.4089,1,1,1
metal_reference,3,69,0,7.5096999999999996,1,1,1
metal_reference,3,70,0,8.4567999999999994,1,1,1
metal_reference,3,71,0,7.6414,1,1,1
metal_reference,3,72,0,8.3104999999999993,1,1,1
metal_reference,3,73,0,7.5270999999999999,1,1,1
metal_reference,3,74,0,7.3133999999999997,1,1,1
metal_reference,3,75,0,7.2380000000000004,1,1,1
metal_reference,3,76,0,7.1662999999999997,1,1,1
metal_reference,3,77,0,7.0671999999999997,1,1,1
metal_reference,3,78,0,7.4099000000000004,1,1,1
metal_reference,3,79,0,7.2824,1,1,1
metal_reference,3,80,0,7.2473999999999998,1,1,1
metal_reference,3,81,0,7.5355999999999996,1,1,1
metal_reference,3,82,0,7.0575000000000001,1,1,1
metal_reference,3,83,0,7.1773999999999996,1,1,1
metal_reference,3,84,0,7.1322999999999999,1,1,1
metal_reference,3,85,0,7.3197999999999999,1,1,1
metal_reference,3,86,0,7.0975000000000001,1,1,1
metal_reference,3,87,0,7.0678999999999998,1,1,1
metal_reference,3,88,0,7.1764999999999999,1,1,1
metal_reference,3,89,0,6.9871999999999996,1,1,1
metal_reference,3,90,0,7.0446999999999997,1,1,1
metal_reference,3,91,0,7.2737999999999996,1,1,1
metal_reference,3,92,0,7.032,1,1,1
metal_reference,3,93,0,7.0819000000000001,1,1,1
metal_reference,3,94,0,7.2263000000000002,1,1,1
metal_reference,3,95,0,7.1174999999999997,1,1,1
metal_reference,3,96,0,7.1683000000000003,1,1,1
metal_reference,3,97,0,7.1863000000000001,1,1,1
metal_reference,3,98,0,7.0006000000000004,1,1,1
metal_reference,3,99,0,6.9797000000000002,1,1,1
metal_reference,3,100,0,7.4234,1,1,1
metal_reference,3,101,0,7.0311000000000003,1,1,1
metal_reference,3,102,0,7.1445999999999996,1,1,1
metal_reference,3,103,0,7.5461999999999998,1,1,1
metal_reference,3,104,0,7.048,1,1,1
metal_reference,3,105,0,7.0980999999999996,1,1,1
metal_reference,3,106,0,7.2194000000000003,1,1,1
metal_reference,3,107,0,7.1696,1,1,1
metal_reference,3,108,0,7.0697999999999999,1,1,1
metal_reference,3,109,0,7.1980000000000004,1,1,1
metal_reference,3,110,0,7.2336999999999998,1,1,1
metal_reference,3,111,0,7.0006000000000004,1,1,1
metal_reference,3,112,0,7.1562000000000001,1,1,1
metal_reference,3,113,0,6.9836,1,1,1
metal_reference,3,114,0,7.0518000000000001,1,1,1
metal_reference,3,115,0,7.3939000000000004,1,1,1
metal_reference,3,116,0,7.1620999999999997,1,1,1
metal_reference,3,117,0,7.3470000000000004,1,1,1
metal_reference,3,118,0,7.1920999999999999,1,1,1
metal_reference,3,119,0,7.3381999999999996,1,1,1
metal_reference,3,120,0,7.0651999999999999,1,1,1
metal_reference,3,121,0,7.2271000000000001,1,1,1
metal_reference,3,122,0,7.4645000000000001,1,1,1
metal_reference,3,123,0,7.9432999999999998,1,1,1
metal_reference,3,124,0,7.8513999999999999,1,1,1
metal_reference,3,125,0,7.4177999999999997,1,1,1
metal_reference,3,126,0,7.3097000000000003,1,1,1
metal_reference,3,127,0,7.1807999999999996,1,1,1
metal_reference,3,128,0,7.4316000000000004,1,1,1
metal_reference,3,129,0,7.1296999999999997,1,1,1
metal_reference,3,130,0,7.0940000000000003,1,1,1
metal_reference,3,131,0,7.3899999999999997,1,1,1
metal_reference,3,132,0,7.1489000000000003,1,1,1
metal_reference,3,133,0,7.1717000000000004,1,1,1
metal_reference,3,134,0,7.6954000000000002,1,1,1
metal_reference,3,135,0,7.4619999999999997,1,1,1
metal_reference,3,136,0,7.8369,1,1,1
metal_reference,3,137,0,7.3133999999999997,1,1,1
metal_reference,3,138,0,7.1352000000000002,1,1,1
metal_reference,3,139,0,7.0548999999999999,1,1,1
metal_reference,3,140,0,8.2037999999999993,1,1,1
metal_reference,3,141,0,7.0332999999999997,1,1,1
metal_reference,3,142,0,7.0671999999999997,1,1,1
metal_reference,3,143,0,7.3071000000000002,1,1,1
metal_reference,3,144,0,7.1436999999999999,1,1,1
metal_reference,3,145,0,7.0472999999999999,1,1,1
metal_reference,3,146,0,6.9356,1,1,1
metal_reference,3,147,0,6.9504000000000001,1,1,1
metal_reference,3,148,0,6.9676999999999998,1,1,1
metal_reference,3,149,0,7.0727000000000002,1,1,1
metal_reference,3,150,0,7.4432,1,1,1
metal_reference,3,151,0,7.1387999999999998,1,1,1
metal_reference,3,152,0,7.1688999999999998,1,1,1
metal_reference,3,153,0,7.3658000000000001,1,1,1
metal_reference,3,154,0,7.3830999999999998,1,1,1
metal_reference,3,155,0,7.6036000000000001,1,1,1
metal_reference,3,156,0,7.6498999999999997,1,1,1
metal_reference,3,157,0,7.4500000000000002,1,1,1
metal_reference,3,158,0,7.2808999999999999,1,1,1
metal_reference,3,159,0,7.5987999999999998,1,1,1
metal_reference,3,160,0,7.1759000000000004,1,1,1
metal_reference,3,161,0,7.1497000000000002,1,1,1
metal_reference,3,162,0,7.4372999999999996,1,1,1
metal_reference,3,163,0,7.2511999999999999,1,1,1
metal_reference,3,164,0,7.2805,1,1,1
metal_reference,3,165,0,7.2602000000000002,1,1,1
metal_reference,3,166,0,7.1844999999999999,1,1,1
metal_reference,3,167,0,7.4507000000000003,1,1,1
metal_reference,3,168,0,7.6337000000000002,1,1,1
metal_reference,3,169,0,7.5347,1,1,1
metal_reference,3,170,0,7.282,1,1,1
metal_reference,3,171,0,7.3851000000000004,1,1,1
metal_reference,3,172,0,7.2632000000000003,1,1,1
metal_reference,3,173,0,7.0400999999999998,1,1,1
metal_reference,3,174,0,7.1104000000000003,1,1,1
metal_reference,3,175,0,6.9855999999999998,1,1,1
metal_reference,3,176,0,7.117,1,1,1
metal_reference,3,177,0,7.1418999999999997,1,1,1
metal_reference,3,178,0,7.0601000000000003,1,1,1
metal_reference,3,179,0,7.1311999999999998,1,1,1
metal_reference,3,180,0,6.9109999999999996,1,1,1
metal_reference,3,181,0,7.4352,1,1,1
metal_reference,3,182,0,6.9646999999999997,1,1,1
metal_reference,3,183,0,7.2598000000000003,1,1,1
metal_reference,3,184,0,7.4886999999999997,1,1,1
metal_reference,3,185,0,7.3627000000000002,1,1,1
metal_reference,3,186,0,7.2674000000000003,1,1,1
metal_reference,3,187,0,7.3009000000000004,1,1,1
metal_reference,3,188,0,7.2405999999999997,1,1,1
metal_reference,3,189,0,7.1200999999999999,1,1,1
metal_reference,3,190,0,7.3776999999999999,1,1,1
metal_reference,3,191,0,7.1007999999999996,1,1,1
metal_reference,3,192,0,7.04,1,1,1
metal_reference,3,193,0,7.3910999999999998,1,1,1
metal_reference,3,194,0,7.0182000000000002,1,1,1
metal_reference,3,195,0,7.0518999999999998,1,1,1
metal_reference,3,196,0,6.8960999999999997,1,1,1
metal_reference,3,197,0,7.3724999999999996,1,1,1
metal_reference,3,198,0,7.1268000000000002,1,1,1
metal_reference,3,199,0,7.3769999999999998,1,1,1
metal_reference,3,200,0,8.2423000000000002,1,1,1
metal_reference,3,201,0,7.0002000000000004,1,1,1
metal_reference,3,202,0,7.1683000000000003,1,1,1
metal_reference,3,203,0,7.2347999999999999,1,1,1
metal_reference,3,204,0,7.0949999999999998,1,1,1
metal_reference,3,205,0,6.9983000000000004,1,1,1
metal_reference,3,206,0,7.1635999999999997,1,1,1
metal_reference,3,207,0,7.2457000000000003,1,1,1
metal_reference,3,208,0,6.9626999999999999,1,1,1
metal_reference,3,209,0,7.3002000000000002,1,1,1
metal_reference,3,210,0,7.2545000000000002,1,1,1
metal_reference,3,211,0,7.0266999999999999,1,1,1
metal_reference,3,212,0,7.3304999999999998,1,1,1
metal_reference,3,213,0,7.9252000000000002,1,1,1
metal_reference,3,214,0,7.6338999999999997,1,1,1
metal_reference,3,215,0,7.2394999999999996,1,1,1
metal_reference,3,216,0,7.3125,1,1,1
metal_reference,3,217,0,7.1622000000000003,1,1,1
metal_reference,3,218,0,7.2790999999999997,1,1,1
metal_reference,3,219,0,7.2976000000000001,1,1,1
metal_reference,3,220,0,6.9791999999999996,1,1,1
metal_reference,3,221,0,7.3742000000000001,1,1,1
metal_reference,3,222,0,7.1886999999999999,1,1,1
metal_reference,3,223,0,7.1752000000000002,1,1,1
metal_reference,3,224,0,7.1257000000000001,1,1,1
metal_reference,3,225,0,7.1738999999999997,1,1,1
metal_reference,3,226,0,7.4347000000000003,1,1,1
metal_reference,3,227,0,7.0940000000000003,1,1,1
metal_reference,3,228,0,7.4253999999999998,1,1,1
metal_reference,3,229,0,7.1413000000000002,1,1,1
metal_reference,3,230,0,9.1562000000000001,1,1,1
metal_reference,3,231,0,7.3479999999999999,1,1,1
metal_reference,3,232,0,7.0091999999999999,1,1,1
metal_reference,3,233,0,7.0754999999999999,1,1,1
metal_reference,3,234,0,7.1017999999999999,1,1,1
metal_reference,3,235,0,7.3281999999999998,1,1,1
metal_reference,3,236,0,7.0526,1,1,1
metal_reference,3,237,0,7.2302999999999997,1,1,1
metal_reference,3,238,0,7.0251000000000001,1,1,1
metal_reference,3,239,0,7.1276999999999999,1,1,1
metal_reference,3,240,0,7.3895999999999997,1,1,1
metal_reference,3,241,0,7.2461000000000002,1,1,1
metal_reference,3,242,0,7.2805,1,1,1
metal_reference,3,243,0,7.5022000000000002,1,1,1
metal_reference,3,244,0,7.1055999999999999,1,1,1
metal_reference,3,245,0,7.4614000000000003,1,1,1
metal_reference,3,246,0,7.4856999999999996,1,1,1
metal_reference,3,247,0,7.1363000000000003,1,1,1
metal_reference,3,248,0,7.0326000000000004,1,1,1
metal_reference,3,249,0,7.3898000000000001,1,1,1
metal_reference,3,250,0,7.1769999999999996,1,1,1
metal_reference,3,251,0,7.0594999999999999,1,1,1
metal_reference,3,252,0,7.0812999999999997,1,1,1
metal_reference,3,253,0,7.0635000000000003,1,1,1
metal_reference,3,254,0,7.0262000000000002,1,1,1
metal_reference,3,255,0,6.9443000000000001,1,1,1
metal_reference,3,256,0,6.9790999999999999,1,1,1
metal_reference,3,257,0,7.0880999999999998,1,1,1
metal_reference,3,258,0,7.1128999999999998,1,1,1
metal_reference,3,259,0,7.3719000000000001,1,1,1
metal_reference,3,260,0,7.7351999999999999,1,1,1
metal_reference,3,261,0,7.6368999999999998,1,1,1
metal_reference,3,262,0,7.5894000000000004,1,1,1
metal_reference,3,263,0,7.0686999999999998,1,1,1
metal_reference,3,264,0,7.2610999999999999,1,1,1
metal_reference,3,265,0,7.2160000000000002,1,1,1
metal_reference,3,266,0,7.1593,1,1,1
metal_reference,3,267,0,7.0536000000000003,1,1,1
metal_reference,3,268,0,7.3787000000000003,1,1,1
metal_reference,3,269,0,7.2389999999999999,1,1,1
metal_reference,3,270,0,7.2792000000000003,1,1,1
metal_reference,3,271,0,7.5084,1,1,1
metal_reference,3,272,0,7.0491000000000001,1,1,1
metal_reference,3,273,0,7.4288999999999996,1,1,1
metal_reference,3,274,0,7.3986999999999998,1,1,1
metal_reference,3,275,0,7.1500000000000004,1,1,1
metal_reference,3,276,0,7.2377000000000002,1,1,1
metal_reference,3,277,0,7.4238,1,1,1
metal_reference,3,278,0,7.5289000000000001,1,1,1
metal_reference,3,279,0,7.5095000000000001,1,1,1
metal_reference,3,280,0,7.1535000000000002,1,1,1
metal_reference,3,281,0,7.0191999999999997,1,1,1
metal_reference,3,282,0,7.0053999999999998,1,1,1
metal_reference,3,283,0,7.1814999999999998,1,1,1
metal_reference,3,284,0,7.0251999999999999,1,1,1
metal_reference,3,285,0,7.1048,1,1,1
metal_reference,3,286,0,7.0083000000000002,1,1,1
metal_reference,3,287,0,7.5053999999999998,1,1,1
metal_reference,3,288,0,7.1029999999999998,1,1,1
